date,etl:adj_close,etl:adj_open,etl:adj_high,etl:adj_low,price:成交筆數,price:成交金額,foreign_investors_shareholding:全體外資及陸資持股比率,institutional_investors_trading_summary:外陸資買賣超股數(不含外資自營商),institutional_investors_trading_summary:外資自營商買賣超股數,institutional_investors_trading_summary:自營商買賣超股數(自行買賣),institutional_investors_trading_summary:自營商買賣超股數(避險),RSI,SMA,MACD,CMO,ATR,BBANDS_upper,BBANDS_mid,BBANDS_lower
2018-01-02,34.660811054913296,34.71582821531792,35.21098265895954,34.16565661127168,86.0,6660855.0,0.26,10000.0,0.0,0.0,0.0,48.415178724687685,48.415178724687685,48.415178724687685,48.415178724687685,48.415178724687685,63.54293694820233,62.520000000000024,61.49706305179772
2018-01-03,34.88087969653179,34.82586253612717,35.26599981936416,34.660811054913296,135.0,11791013.0,0.24,-7000.0,0.0,0.0,0.0,49.84817618769454,49.84817618769454,49.84817618769454,49.84817618769454,49.84817618769454,63.757387595294254,62.84000000000002,61.92261240470578
2018-01-04,38.34696080202312,35.10094833815029,38.34696080202312,35.10094833815029,731.0,82146605.0,0.37,44000.0,0.0,0.0,0.0,65.91052481934385,65.91052481934385,65.91052481934385,65.91052481934385,65.91052481934385,69.7127666365589,64.38000000000002,59.04723336344115
2018-01-05,37.081566112716764,38.842115245664736,39.61235549132948,37.02654895231214,1089.0,107208325.0,0.11,-90000.0,0.0,0.0,0.0,58.539267521056104,58.539267521056104,58.539267521056104,58.539267521056104,58.539267521056104,70.82458294193557,65.28000000000002,59.735417058064456
2018-01-08,35.8161714234104,36.86149747109827,37.081566112716764,35.76115426300578,337.0,31766620.0,0.1,-4000.0,0.0,0.0,0.0,52.24666812557135,52.24666812557135,52.24666812557135,52.24666812557135,52.24666812557135,70.76602814102273,65.72000000000003,60.673971858977325
2018-01-09,35.37603414017341,36.2563087066474,36.2563087066474,35.21098265895954,176.0,15339444.0,0.02,-30109.0,0.0,0.0,0.0,50.224374686365415,50.224374686365415,50.224374686365415,50.224374686365415,50.224374686365415,70.55016411083808,65.98000000000003,61.40983588916198
2018-01-10,34.110639450867055,35.37603414017341,35.37603414017341,34.110639450867055,326.0,34756100.0,0.16,50000.0,0.0,0.0,0.0,44.84952908865701,44.84952908865701,44.84952908865701,44.84952908865701,44.84952908865701,70.98393792544834,65.70000000000003,60.416062074551725
2018-01-11,34.110639450867055,34.110639450867055,34.385725252890175,33.560467846820806,174.0,17779512.0,0.16,0.0,0.0,0.0,0.0,44.84952908865701,44.84952908865701,44.84952908865701,44.84952908865701,44.84952908865701,68.23254220358585,64.16000000000004,60.08745779641423
2018-01-12,35.43105130057804,34.660811054913296,35.92620574421965,34.4407424132948,248.0,27687004.0,0.16,-12000.0,0.0,0.0,0.0,51.17311270988368,51.17311270988368,51.17311270988368,51.17311270988368,51.17311270988368,66.1664535292206,63.56000000000004,60.95354647077947
2018-01-15,36.421360187861275,35.48606846098266,36.58641166907515,35.48606846098266,277.0,26588381.0,0.16,0.0,0.0,0.0,0.0,55.31171484249725,55.31171484249725,55.31171484249725,55.31171484249725,55.31171484249725,66.98599438551959,63.780000000000044,60.5740056144805
2018-01-16,36.31132586705202,36.421360187861275,36.86149747109827,35.92620574421965,172.0,18850873.0,0.16,1000.0,0.0,0.0,0.0,54.756358962929575,54.756358962929575,54.756358962929575,54.756358962929575,54.756358962929575,67.79999999999883,64.12000000000003,60.440000000001234
2018-01-17,35.54108562138728,36.2563087066474,36.2563087066474,35.321016979768785,141.0,13654069.0,0.16,-1000.0,0.0,0.0,0.0,50.90348757066189,50.90348757066189,50.90348757066189,50.90348757066189,50.90348757066189,67.64825530831328,64.64000000000003,61.631744691686784
2018-01-18,35.10094833815029,35.596102781791906,35.65111994219653,34.93589685693642,158.0,12668995.0,0.18,6000.0,0.0,0.0,0.0,48.79080351002123,48.79080351002123,48.79080351002123,48.79080351002123,48.79080351002123,66.87616630392758,65.00000000000003,63.12383369607248
2018-01-19,35.10094833815029,35.10094833815029,35.48606846098266,34.82586253612717,90.0,6262427.0,0.17,-3000.0,0.0,0.0,0.0,48.79080351002122,48.79080351002122,48.79080351002122,48.79080351002122,48.79080351002122,66.95999999999782,64.88000000000002,62.80000000000223
2018-01-22,35.321016979768785,34.82586253612717,35.92620574421965,34.82586253612717,133.0,10085192.0,0.2,12000.0,0.0,0.0,0.0,49.9943028997305,49.9943028997305,49.9943028997305,49.9943028997305,49.9943028997305,66.11168624434559,64.48000000000003,62.84831375565447
2018-01-23,35.43105130057804,35.10094833815029,36.2563087066474,35.10094833815029,119.0,8962700.0,0.18,-7000.0,0.0,0.0,0.0,50.61920314402409,50.61920314402409,50.61920314402409,50.61920314402409,50.61920314402409,64.79999999999076,64.16000000000004,63.52000000000931
2018-01-24,35.76115426300578,35.48606846098266,36.366343027456644,35.43105130057804,209.0,16491595.0,0.24,20000.0,0.0,0.0,0.0,52.535513868227405,52.535513868227405,52.535513868227405,52.535513868227405,52.535513868227405,65.13084229804517,64.24000000000004,63.34915770195491
2018-01-25,35.70613710260116,36.146274385838154,36.2563087066474,35.21098265895954,137.0,11246292.0,0.23,-5000.0,0.0,0.0,0.0,52.1721182061336,52.1721182061336,52.1721182061336,52.1721182061336,52.1721182061336,65.35084229804924,64.46000000000004,63.56915770195082
2018-01-26,35.37603414017341,35.70613710260116,36.146274385838154,35.321016979768785,126.0,8941706.0,0.22,-3000.0,0.0,0.0,0.0,49.94002934041609,49.94002934041609,49.94002934041609,49.94002934041609,49.94002934041609,65.21238025720822,64.56000000000003,63.90761974279184
2018-01-29,35.48606846098266,35.48606846098266,35.76115426300578,35.045931177745665,111.0,8892892.0,0.23,3000.0,0.0,0.0,0.0,50.69722446511514,50.69722446511514,50.69722446511514,50.69722446511514,50.69722446511514,65.17713553108277,64.62000000000003,64.0628644689173
2018-01-30,35.15596549855491,35.48606846098266,35.48606846098266,35.15596549855491,109.0,7249024.0,0.22,-1000.0,0.0,0.0,0.0,48.33518815267969,48.33518815267969,48.33518815267969,48.33518815267969,48.33518815267969,65.32399004968833,64.52000000000002,63.716009950311715
2018-01-31,34.93589685693642,35.045931177745665,35.045931177745665,34.660811054913296,121.0,11565745.0,0.22,0.0,0.0,0.0,0.0,46.770709056644634,46.770709056644634,46.770709056644634,46.770709056644634,46.770709056644634,65.1866436778867,64.22000000000003,63.253356322113355
2018-02-01,34.93589685693642,35.43105130057804,35.43105130057804,34.660811054913296,109.0,9138883.0,0.22,0.0,0.0,0.0,0.0,46.77070905664463,46.77070905664463,46.77070905664463,46.77070905664463,46.77070905664463,64.75584312217059,63.94000000000003,63.124156877829485
2018-02-02,35.43105130057804,34.93589685693642,35.43105130057804,34.60579389450867,79.0,6890818.0,0.22,-1000.0,0.0,0.0,0.0,50.91637994336165,50.91637994336165,50.91637994336165,50.91637994336165,50.91637994336165,64.81416626015861,63.960000000000036,63.10583373984146
2018-02-05,34.93589685693642,34.93589685693642,35.15596549855491,34.55077673410405,137.0,11459797.0,0.21,-2000.0,0.0,0.0,0.0,46.97627825595692,46.97627825595692,46.97627825595692,46.97627825595692,46.97627825595692,64.47105555338045,63.76000000000003,63.048944446619615
2018-02-06,32.51514179913295,32.24005599710983,34.770845375722544,32.13002167630058,274.0,26761032.0,0.2,-5000.0,0.0,0.0,0.0,33.37752948649821,33.37752948649821,33.37752948649821,33.37752948649821,33.37752948649821,66.56510292023951,62.80000000000003,59.034897079760555
2018-02-07,32.90026192196532,33.010296242774565,33.83555364884393,32.84524476156069,135.0,8542473.0,0.2,1000.0,0.0,0.0,0.0,36.525631380369745,36.525631380369745,36.525631380369745,36.525631380369745,36.525631380369745,66.39515858994751,62.06000000000004,57.724841410052555
2018-02-08,30.809609826589593,32.90026192196532,32.95527908236994,29.654249458092483,241.0,21266668.0,0.22,7000.0,0.0,0.0,0.0,28.619552742141526,28.619552742141526,28.619552742141526,28.619552742141526,28.619552742141526,66.6848346916464,60.56000000000004,54.435165308353675
2018-02-09,30.259438222543352,28.718957731213873,30.314455382947976,28.333837608381504,235.0,16362705.0,0.25,9000.0,0.0,0.0,0.0,26.965415279263215,26.965415279263215,26.965415279263215,26.965415279263215,26.965415279263215,64.7058111487163,58.68000000000004,52.65418885128379
2018-02-12,30.534524024566473,30.259438222543352,31.084695628612717,30.259438222543352,152.0,9976951.0,0.22,-10000.0,0.0,0.0,0.0,29.16977301884317,29.16977301884317,29.16977301884317,29.16977301884317,29.16977301884317,61.02644143501388,57.08000000000004,53.1335585649862
2018-02-21,31.469815751445086,32.1850388367052,32.1850388367052,31.13971278901734,92.0,4467540.0,0.22,1000.0,0.0,0.0,0.0,36.21851683679298,36.21851683679298,36.21851683679298,36.21851683679298,36.21851683679298,60.12695199849569,56.700000000000045,53.2730480015044
2018-02-22,31.249747109826586,31.469815751445086,31.689884393063583,31.249747109826586,96.0,7028889.0,0.26,13000.0,0.0,0.0,0.0,35.327668401006676,35.327668401006676,35.327668401006676,35.327668401006676,35.327668401006676,57.71987653850363,56.100000000000044,54.48012346149646
2018-02-23,31.63486723265896,31.63486723265896,31.63486723265896,31.194729949421966,80.0,5877632.0,0.28,8000.0,0.0,0.0,0.0,38.192739392139444,38.192739392139444,38.192739392139444,38.192739392139444,38.192739392139444,58.355505049851175,56.40000000000005,54.44449495014892
2018-02-26,31.74490155346821,31.854935874277455,32.4051074783237,31.63486723265896,146.0,7671138.0,0.28,-1000.0,0.0,0.0,0.0,39.02391548142914,39.02391548142914,39.02391548142914,39.02391548142914,39.02391548142914,58.50256199876946,56.94000000000004,55.37743800123062
2018-02-27,32.57015895953757,31.90995303468208,33.83555364884393,31.90995303468208,220.0,14029886.0,0.27,-2000.0,0.0,1000.0,0.0,44.99808204056695,44.99808204056695,44.99808204056695,44.99808204056695,44.99808204056695,59.31658180363745,57.68000000000004,56.04341819636264
2018-03-01,33.45043352601156,32.29507315751445,33.45043352601156,32.1850388367052,168.0,12577589.0,0.31,-3000.0,0.0,-1000.0,0.0,50.56213099633452,50.56213099633452,50.56213099633452,50.56213099633452,50.56213099633452,61.26496073271375,58.40000000000005,55.53503926728634
2018-03-02,33.50545068641618,33.45043352601156,33.61548500722543,33.12033056358381,114.0,8141804.0,0.31,-2000.0,0.0,0.0,0.0,50.89647266062304,50.89647266062304,50.89647266062304,50.89647266062304,50.89647266062304,62.13039516217244,59.22000000000004,56.30960483782764
2018-03-05,34.385725252890175,33.89057080924856,34.495759573699424,33.89057080924856,179.0,12220511.0,0.31,2000.0,0.0,0.0,0.0,56.021284918246,56.021284918246,56.021284918246,56.021284918246,56.021284918246,63.49267474705244,60.22000000000004,56.94732525294764
2018-03-06,34.93589685693642,34.660811054913296,34.99091401734104,34.60579389450867,117.0,9064776.0,0.32,2000.0,0.0,0.0,0.0,58.90789646055414,58.90789646055414,58.90789646055414,58.90789646055414,58.90789646055414,64.35563438614271,61.38000000000004,58.40436561385736
2018-03-07,34.770845375722544,35.70613710260116,35.70613710260116,34.660811054913296,140.0,8889838.0,0.34,7000.0,0.0,0.0,0.0,57.68465540725226,57.68465540725226,57.68465540725226,57.68465540725226,57.68465540725226,64.44768604528832,62.18000000000004,59.91231395471177
2018-03-08,35.10094833815029,34.660811054913296,35.21098265895954,34.660811054913296,110.0,9641436.0,0.39,20000.0,0.0,0.0,0.0,59.49619981295001,59.49619981295001,59.49619981295001,59.49619981295001,59.49619981295001,64.8484293558142,62.780000000000044,60.71157064418588
2018-03-09,35.21098265895954,35.10094833815029,35.26599981936416,34.660811054913296,118.0,10315980.0,0.41,5000.0,0.0,0.0,0.0,60.109237075680014,60.109237075680014,60.109237075680014,60.109237075680014,60.109237075680014,64.45071404292138,63.40000000000005,62.34928595707872
2018-03-12,34.660811054913296,34.99091401734104,35.321016979768785,34.33070809248555,230.0,13763698.0,0.42,3998.0,0.0,0.0,0.0,55.579621223711854,55.579621223711854,55.579621223711854,55.579621223711854,55.579621223711854,64.23756355658092,63.50000000000004,62.76243644341917
2018-03-13,33.560467846820806,34.770845375722544,34.770845375722544,33.17534772398844,270.0,13713528.0,0.52,22000.0,0.0,2000.0,0.0,47.818402874284,47.818402874284,47.818402874284,47.818402874284,47.818402874284,65.13166601511503,63.00000000000004,60.86833398488505
2018-03-14,36.31132586705202,33.560467846820806,36.916514631502885,33.560467846820806,870.0,91174616.0,1.08,197000.0,0.0,-1000.0,0.0,62.07616248848481,62.07616248848481,62.07616248848481,62.07616248848481,62.07616248848481,66.79382126902468,63.560000000000045,60.326178730975414
2018-03-15,35.8161714234104,36.58641166907515,36.806480310693644,35.321016979768785,411.0,33345224.0,0.97,-40000.0,0.0,-1000.0,0.0,58.95366622368734,58.95366622368734,58.95366622368734,58.95366622368734,58.95366622368734,67.28963975075142,63.82000000000005,60.35036024924869
2018-03-16,35.321016979768785,36.31132586705202,36.58641166907515,35.15596549855491,204.0,16863192.0,0.76,-73000.0,0.0,0.0,0.0,55.92423033912824,55.92423033912824,55.92423033912824,55.92423033912824,55.92423033912824,67.34160882351729,63.86000000000005,60.37839117648281
2018-03-19,34.82586253612717,35.15596549855491,35.21098265895954,34.4407424132948,205.0,14986199.0,0.72,-23000.0,0.0,0.0,0.0,52.991693801455085,52.991693801455085,52.991693801455085,52.991693801455085,52.991693801455085,67.35021865192172,63.92000000000005,60.48978134807838
2018-03-20,34.770845375722544,34.82586253612717,35.21098265895954,34.660811054913296,132.0,6978692.0,0.67,-19000.0,0.0,0.0,0.0,52.66126576955929,52.66126576955929,52.66126576955929,52.66126576955929,52.66126576955929,66.50140141029156,64.36000000000004,62.21859858970852
2018-03-21,34.4407424132948,34.93589685693642,35.21098265895954,34.4407424132948,187.0,14154579.0,0.54,-45000.0,0.0,0.0,0.0,50.62168181916697,50.62168181916697,50.62168181916697,50.62168181916697,50.62168181916697,65.42997142833636,63.68000000000005,61.93002857166374
2018-03-22,33.17534772398844,35.43105130057804,35.43105130057804,33.010296242774565,400.0,33907340.0,0.49,-18000.0,0.0,10000.0,0.0,43.64365443236084,43.64365443236084,43.64365443236084,43.64365443236084,43.64365443236084,65.34724189978685,62.72000000000005,60.09275810021324
2018-03-23,32.24005599710983,32.735210440751445,32.735210440751445,32.13002167630058,245.0,16006698.0,0.45,-8000.0,0.0,0.0,0.0,39.328384423909526,39.328384423909526,39.328384423909526,39.328384423909526,39.328384423909526,65.30297177952937,61.60000000000006,57.89702822047075
2018-03-26,32.075004515895955,31.964970195086707,32.1850388367052,31.79991871387283,152.0,5460462.0,0.46,-6000.0,0.0,0.0,0.0,38.6030053868177,38.6030053868177,38.6030053868177,38.6030053868177,38.6030053868177,64.61397558537573,60.60000000000006,56.5860244146244
2018-03-27,32.4051074783237,32.350090317919076,32.68019328034682,32.350090317919076,158.0,4073363.0,0.39,-13000.0,0.0,0.0,0.0,40.94886398367165,40.94886398367165,40.94886398367165,40.94886398367165,40.94886398367165,62.91137194286557,59.74000000000005,56.56862805713453
2018-03-28,31.90995303468208,32.4051074783237,32.4051074783237,31.52483291184971,144.0,7101396.0,0.37,-8000.0,0.0,0.0,0.0,38.568396554411535,38.568396554411535,38.568396554411535,38.568396554411535,38.568396554411535,60.41699718221311,58.82000000000005,57.22300281778699
2018-03-29,32.79022760115607,33.61548500722543,33.61548500722543,32.460124638728324,160.0,12545241.0,0.36,-6000.0,0.0,0.0,0.0,44.720793433347396,44.720793433347396,44.720793433347396,44.720793433347396,44.720793433347396,59.778362417417675,58.68000000000005,57.581637582582424
2018-03-30,32.51514179913295,33.560467846820806,33.560467846820806,32.51514179913295,99.0,6408317.0,0.39,-999.0,0.0,2000.0,0.0,43.26264977648657,43.26264977648657,43.26264977648657,43.26264977648657,43.26264977648657,59.92122740941364,58.78000000000005,57.63877259058646
2018-03-31,33.010296242774565,32.57015895953757,33.010296242774565,32.51514179913295,56.0,2682474.0,0.39,0.0,0.0,4000.0,0.0,46.6355247610559,46.6355247610559,46.6355247610559,46.6355247610559,46.6355247610559,60.47882302011588,59.12000000000005,57.76117697988421
2018-04-02,32.075004515895955,32.625176119942196,32.625176119942196,32.01998735549133,135.0,8806358.0,0.42,2000.0,0.0,6000.0,0.0,41.60443651729073,41.60443651729073,41.60443651729073,41.60443651729073,41.60443651729073,60.51261363209532,59.00000000000004,57.48738636790477
2018-04-03,31.79991871387283,32.075004515895955,32.075004515895955,31.359781430635838,98.0,5965445.0,0.56,-12000.0,0.0,-4000.0,0.0,40.22976685333081,40.22976685333081,40.22976685333081,40.22976685333081,40.22976685333081,60.58283702200675,58.96000000000005,57.33716297799335
2018-04-09,31.689884393063583,32.01998735549133,32.1850388367052,31.63486723265896,97.0,2964249.0,0.53,-2000.0,0.0,0.0,0.0,39.66520301054452,39.66520301054452,39.66520301054452,39.66520301054452,39.66520301054452,60.33358394219111,58.560000000000045,56.78641605780898
2018-04-10,31.689884393063583,31.63486723265896,32.4051074783237,31.469815751445086,102.0,5395320.0,0.37,0.0,0.0,0.0,0.0,39.665203010544516,39.665203010544516,39.665203010544516,39.665203010544516,39.665203010544516,60.07372544780031,58.26000000000005,56.44627455219979
2018-04-11,31.13971278901734,31.249747109826586,31.854935874277455,31.084695628612717,151.0,11946705.0,0.36,-5000.0,0.0,0.0,0.0,36.680251880529,36.680251880529,36.680251880529,36.680251880529,36.680251880529,58.68562199688466,57.580000000000055,56.47437800311545
2018-04-12,31.084695628612717,31.13971278901734,31.79991871387283,31.084695628612717,80.0,5142549.0,0.36,0.0,0.0,0.0,0.0,36.38537610531032,36.38537610531032,36.38537610531032,36.38537610531032,36.38537610531032,58.32562199688712,57.22000000000005,56.114378003112975
2018-04-13,30.5895411849711,31.084695628612717,31.52483291184971,30.5895411849711,113.0,10849877.0,0.36,0.0,0.0,0.0,0.0,33.7552571008533,33.7552571008533,33.7552571008533,33.7552571008533,33.7552571008533,58.28943698112886,56.78000000000005,55.27056301887124
2018-04-16,30.039369580924856,30.644558345375724,31.304764270231214,30.039369580924856,183.0,11813234.0,0.38,-6000.0,0.0,1000.0,0.0,31.068029715562805,31.068029715562805,31.068029715562805,31.068029715562805,31.068029715562805,58.20543822418754,56.18000000000005,54.15456177581256
2018-04-17,29.489197976878614,29.59923229768786,30.204421062138728,29.269129335260118,163.0,14932124.0,0.36,-8000.0,0.0,-1000.0,0.0,28.614799073349428,28.614799073349428,28.614799073349428,28.614799073349428,28.614799073349428,57.672247805102714,55.38000000000005,53.08775219489739
2018-04-18,30.204421062138728,29.489197976878614,30.47950686416185,29.489197976878614,108.0,7888842.0,0.4,13000.0,0.0,-7000.0,0.0,35.72076917294029,35.72076917294029,35.72076917294029,35.72076917294029,35.72076917294029,56.985661841121846,55.040000000000056,53.094338158878266
2018-04-19,30.5895411849711,31.63486723265896,31.63486723265896,30.314455382947976,62.0,2191462.0,0.35,-1000.0,0.0,0.0,0.0,39.2287157799132,39.2287157799132,39.2287157799132,39.2287157799132,39.2287157799132,56.343778959278254,54.860000000000056,53.37622104072186
2018-04-20,29.98435242052023,30.699575505780345,30.699575505780345,29.98435242052023,45.0,2145275.0,0.32,2000.0,0.0,0.0,0.0,35.912049168857976,35.912049168857976,35.912049168857976,35.912049168857976,35.912049168857976,55.93367693030238,54.64000000000006,53.34632306969773
2018-04-23,29.379163656069363,29.98435242052023,29.98435242052023,29.379163656069363,99.0,4487045.0,0.32,0.0,0.0,0.0,0.0,32.915111302169414,32.915111302169414,32.915111302169414,32.915111302169414,32.915111302169414,56.03462533933529,54.400000000000055,52.76537466066482
2018-04-24,28.38885476878613,28.66394057080925,29.379163656069363,28.38885476878613,120.0,5128500.0,0.32,-9000.0,0.0,0.0,0.0,28.695132326594724,28.695132326594724,28.695132326594724,28.695132326594724,28.695132326594724,56.791415411577844,54.00000000000006,51.20858458842227
2018-04-25,28.38885476878613,27.78366600433526,28.443871929190752,27.78366600433526,141.0,5238122.0,0.33,4000.0,0.0,0.0,0.0,28.695132326594724,28.695132326594724,28.695132326594724,28.695132326594724,28.695132326594724,56.5037951893253,53.34000000000005,50.176204810674804
2018-04-26,27.948717485549132,28.333837608381504,28.884009212427745,27.838683164739884,75.0,6124255.0,0.3,-11000.0,0.0,0.0,0.0,26.916368560079544,26.916368560079544,26.916368560079544,26.916368560079544,26.916368560079544,55.09999999999939,52.38000000000005,49.660000000000714
2018-04-27,27.89370032514451,27.948717485549132,28.003734645953756,27.838683164739884,58.0,3842367.0,0.3,0.0,0.0,1000.0,0.0,26.69362136966417,26.69362136966417,26.69362136966417,26.69362136966417,26.69362136966417,53.55659494990542,51.62000000000005,49.68340505009468
2018-04-30,27.67363168352601,28.003734645953756,28.278820447976877,27.50858020231214,79.0,4183900.0,0.3,2000.0,0.0,-1000.0,0.0,25.77479048052861,25.77479048052861,25.77479048052861,25.77479048052861,25.77479048052861,52.03537432844368,51.00000000000004,49.964625671556405
2018-05-02,27.23349440028902,27.67363168352601,27.67363168352601,27.068442919075146,86.0,8201596.0,0.35,-4000.0,0.0,0.0,0.0,23.99578329957365,23.99578329957365,23.99578329957365,23.99578329957365,23.99578329957365,51.95054733592151,50.58000000000005,49.20945266407858
2018-05-03,26.49076273482659,27.17847723988439,27.288511560693642,26.408236994219653,91.0,8393150.0,0.34,-2000.0,0.0,2000.0,0.0,21.321383100411744,21.321383100411744,21.321383100411744,21.321383100411744,21.321383100411744,51.85611291639096,49.89000000000005,47.92388708360914
2018-05-04,25.47294526734104,26.518271315028905,26.518271315028905,25.19785946531792,260.0,30539859.0,0.4,20000.0,0.0,-2000.0,0.0,18.30978298665512,18.30978298665512,18.30978298665512,18.30978298665512,18.30978298665512,52.195245700410055,48.99000000000005,45.78475429959005
2018-05-07,24.867756502890174,26.133151192196532,26.133151192196532,24.81273934248555,166.0,16677381.0,0.43,12001.0,0.0,0.0,0.0,16.791101309050692,16.791101309050692,16.791101309050692,16.791101309050692,16.791101309050692,51.70910984392923,47.89000000000006,44.07089015607089
2018-05-08,24.895265083092486,24.867756502890174,25.032807984104046,24.290076318641617,112.0,7317885.0,0.52,29000.0,0.0,0.0,0.0,17.127578467767417,17.127578467767417,17.127578467767417,17.127578467767417,17.127578467767417,50.261478966369665,46.88000000000005,43.49852103363044
2018-05-09,24.922773663294794,24.895265083092486,25.36291094653179,24.867756502890174,69.0,4935170.0,0.51,-3000.0,0.0,0.0,0.0,17.486908368334756,17.486908368334756,17.486908368334756,17.486908368334756,17.486908368334756,48.302211307548,46.040000000000056,43.77778869245211
2018-05-10,24.81273934248555,25.19785946531792,25.19785946531792,24.81273934248555,46.0,2228115.0,0.53,7000.0,0.0,0.0,0.0,17.166278369383488,17.166278369383488,17.166278369383488,17.166278369383488,17.166278369383488,46.31000000000122,45.43000000000005,44.54999999999888
2018-05-11,22.612052926300578,24.20755057803468,24.290076318641617,22.336967124277457,455.0,27460649.0,0.55,9000.0,0.0,-1000.0,0.0,12.306308343328075,12.306308343328075,12.306308343328075,12.306308343328075,12.306308343328075,47.68265850036149,44.39000000000005,41.09734149963861
2018-05-14,22.52952718569364,22.11689848265896,23.217241690751447,21.401675397398844,195.0,10862136.0,0.62,25000.0,0.0,-1000.0,0.0,12.167196560912636,12.167196560912636,12.167196560912636,12.167196560912636,12.167196560912636,47.65018247770182,43.54000000000004,39.429817522298265
2018-05-15,22.557035765895954,22.061881322254337,22.997173049132947,22.061881322254337,99.0,7879717.0,0.56,-2000.0,0.0,-3000.0,0.0,12.522171379422684,12.522171379422684,12.522171379422684,12.522171379422684,12.522171379422684,46.791901997855106,42.69000000000004,38.588098002144974
2018-05-16,22.557035765895954,22.612052926300578,23.134715950144507,22.281949963872833,108.0,6185674.0,0.54,-7000.0,0.0,-4000.0,0.0,12.522171379422687,12.522171379422687,12.522171379422687,12.522171379422687,12.522171379422687,45.10145227689595,41.83000000000004,38.558547723104134
2018-05-17,22.25444138367052,22.336967124277457,22.557035765895954,22.11689848265896,55.0,2440717.0,0.54,0.0,0.0,-1000.0,0.0,11.908198862245484,11.908198862245484,11.908198862245484,11.908198862245484,11.908198862245484,41.36043457733531,40.90000000000005,40.439565422664785
2018-05-18,22.281949963872833,22.336967124277457,22.52952718569364,22.11689848265896,44.0,2314118.0,0.53,-2000.0,0.0,0.0,0.0,12.329038903056025,12.329038903056025,12.329038903056025,12.329038903056025,12.329038903056025,41.2803998401369,40.780000000000044,40.279600159863186
2018-05-21,22.089389902456645,22.36447570447977,22.419492864884393,22.006864161849713,69.0,4497096.0,0.54,5000.0,0.0,0.0,0.0,11.900462621663866,11.900462621663866,11.900462621663866,11.900462621663866,11.900462621663866,41.2851315659374,40.62000000000005,39.954868434062696
2018-05-22,21.23662391618497,22.006864161849713,22.006864161849713,21.126589595375723,188.0,14349600.0,0.55,2000.0,0.0,0.0,0.0,10.208104219693578,10.208104219693578,10.208104219693578,10.208104219693578,10.208104219693578,41.77389106124261,40.14000000000004,38.50610893875748
2018-05-23,21.291641076589595,21.23662391618497,21.539218298410404,20.906520953757227,109.0,6813884.0,0.61,23000.0,0.0,0.0,0.0,11.086618068307441,11.086618068307441,11.086618068307441,11.086618068307441,11.086618068307441,41.38011764299106,39.68000000000004,37.979882357009025
2018-05-24,23.409801752167628,21.181606755780347,23.409801752167628,21.181606755780347,103.0,5099221.0,0.67,23000.0,0.0,-1000.0,0.0,36.74594481260417,36.74594481260417,36.74594481260417,36.74594481260417,36.74594481260417,42.98097205817893,40.100000000000044,37.21902794182116
2018-05-25,22.832121567919074,23.602361813583816,23.602361813583816,22.832121567919074,167.0,7984572.0,0.56,-39000.0,0.0,0.0,0.0,33.874720632659624,33.874720632659624,33.874720632659624,33.874720632659624,33.874720632659624,43.39515750810964,40.30000000000005,37.20484249189045
2018-05-28,22.77710440751445,22.336967124277457,22.942155888728326,22.006864161849713,95.0,5523311.0,0.55,-3000.0,0.0,0.0,0.0,33.605404606783836,33.605404606783836,33.605404606783836,33.605404606783836,33.605404606783836,43.75624390837728,40.55000000000005,37.343756091622815
2018-05-29,23.107207369942195,24.20755057803468,24.20755057803468,22.942155888728326,106.0,5032223.0,0.5,-17000.0,0.0,0.0,0.0,36.84953968771844,36.84953968771844,36.84953968771844,36.84953968771844,36.84953968771844,43.88902237674024,41.23000000000005,38.57097762325985
2018-05-30,23.134715950144507,22.557035765895954,23.272258851156067,22.474510025289018,44.0,2634535.0,0.48,-9000.0,0.0,0.0,0.0,37.125245511696406,37.125245511696406,37.125245511696406,37.125245511696406,37.125245511696406,42.731865373725654,41.90000000000005,41.06813462627444
2018-05-31,23.217241690751447,23.134715950144507,23.38229317196532,23.107207369942195,82.0,6345669.0,0.47,-4000.0,0.0,0.0,0.0,37.999763414188656,37.999763414188656,37.999763414188656,37.999763414188656,37.999763414188656,42.46749509802457,41.83000000000004,41.19250490197551
2018-06-01,25.527962427745663,23.244750270953755,25.527962427745663,23.244750270953755,294.0,18007489.0,0.84,103000.0,0.0,0.0,0.0,56.31960381157237,56.31960381157237,56.31960381157237,56.31960381157237,56.31960381157237,46.441198149372156,42.810000000000045,39.178801850627934
2018-06-04,25.582979588150287,26.35321983381503,27.948717485549132,25.55547100794798,380.0,23974078.0,0.44,-144000.0,0.0,0.0,0.0,56.64805611197189,56.64805611197189,56.64805611197189,56.64805611197189,56.64805611197189,48.110934477424856,43.83000000000004,39.549065522575226
2018-06-05,25.85806539017341,26.38072841401734,26.958408598265894,25.803048229768784,214.0,15545566.0,0.43,-1000.0,0.0,0.0,0.0,58.335041721897504,58.335041721897504,58.335041721897504,58.335041721897504,58.335041721897504,49.266935879636364,44.83000000000004,40.39306412036372
2018-06-06,27.261002980491327,25.995608291184972,27.728648843930635,25.995608291184972,150.0,11817399.0,0.41,-8000.0,0.0,0.0,0.0,65.67186239339293,65.67186239339293,65.67186239339293,65.67186239339293,65.67186239339293,51.05508200987072,46.33000000000004,41.60491799012936
2018-06-07,27.205985820086706,26.958408598265894,27.23349440028902,26.408236994219653,84.0,6137575.0,0.39,-9000.0,0.0,0.0,0.0,65.18708427152107,65.18708427152107,65.18708427152107,65.18708427152107,65.18708427152107,50.61873211134865,47.780000000000044,44.94126788865144
2018-06-08,27.04093433887283,27.205985820086706,27.50858020231214,26.848374277456646,59.0,4403650.0,0.39,-1000.0,0.0,0.0,0.0,63.66865252263537,63.66865252263537,63.66865252263537,63.66865252263537,63.66865252263537,50.94273802743443,48.33000000000004,45.71726197256565
2018-06-11,26.76584853684971,28.168786127167632,28.168786127167632,26.683322796242773,93.0,6647704.0,0.41,-5000.0,0.0,0.0,0.0,61.11357070260982,61.11357070260982,61.11357070260982,61.11357070260982,61.11357070260982,50.62804710861444,48.76000000000004,46.89195289138564
2018-06-12,26.02311687138728,26.270694093208093,26.38072841401734,25.96809971098266,78.0,4662902.0,0.39,4000.0,0.0,1000.0,0.0,54.72750674214895,54.72750674214895,54.72750674214895,54.72750674214895,54.72750674214895,50.46389780704394,48.820000000000036,47.17610219295613
2018-06-13,26.188168352601156,26.38072841401734,26.573288475433525,26.16065977239884,58.0,4051301.0,0.4,3000.0,0.0,-1000.0,0.0,55.832030864381366,55.832030864381366,55.832030864381366,55.832030864381366,55.832030864381366,50.12068033643405,48.430000000000035,46.73931966356602
2018-06-14,26.188168352601156,26.188168352601156,26.49076273482659,25.85806539017341,37.0,2236620.0,0.41,3000.0,0.0,0.0,0.0,55.83203086438135,55.83203086438135,55.83203086438135,55.83203086438135,55.83203086438135,49.48464030548318,48.06000000000003,46.63535969451688
2018-06-15,26.463254154624277,26.408236994219653,26.463254154624277,25.85806539017341,40.0,2948872.0,0.42,4000.0,0.0,0.0,0.0,57.82111871808503,57.82111871808503,57.82111871808503,57.82111871808503,57.82111871808503,48.80078914592447,47.85000000000003,46.89921085407559
2018-06-19,25.96809971098266,26.078134031791908,26.188168352601156,25.720522489161848,28.0,1579119.0,0.42,0.0,0.0,0.0,0.0,53.17872820579708,53.17872820579708,53.17872820579708,53.17872820579708,53.17872820579708,48.187375485662585,47.560000000000024,46.93262451433746
2018-06-20,25.637996748554915,26.133151192196532,26.188168352601156,25.582979588150287,32.0,2533700.0,0.42,0.0,0.0,0.0,0.0,50.28040148342742,50.28040148342742,50.28040148342742,50.28040148342742,50.28040148342742,48.419199679749426,47.42000000000002,46.42080032025062
2018-06-21,25.85806539017341,26.188168352601156,26.188168352601156,25.85806539017341,14.0,1037547.0,0.42,0.0,0.0,0.0,0.0,52.152638437750475,52.152638437750475,52.152638437750475,52.152638437750475,52.152638437750475,48.327618606297904,47.300000000000026,46.27238139370215
2018-06-22,25.41792810693642,25.36291094653179,25.8305568099711,25.33540236632948,17.0,1114300.0,0.42,0.0,0.0,1000.0,0.0,48.240121155186074,48.240121155186074,48.240121155186074,48.240121155186074,48.240121155186074,48.30000000000422,47.020000000000024,45.73999999999583
2018-06-25,25.913082550578036,26.050625451589596,26.683322796242773,25.637996748554915,35.0,2356928.0,0.42,0.0,0.0,-1000.0,0.0,52.55262395536635,52.55262395536635,52.55262395536635,52.55262395536635,52.55262395536635,47.56188947964464,46.82000000000003,46.078110520355416
2018-06-26,25.96809971098266,25.390419526734103,25.96809971098266,25.390419526734103,26.0,1665606.0,0.42,0.0,0.0,0.0,0.0,53.02098655224958,53.02098655224958,53.02098655224958,53.02098655224958,53.02098655224958,47.56188947964464,46.82000000000003,46.078110520355416
2018-06-27,25.527962427745663,26.02311687138728,26.02311687138728,25.527962427745663,32.0,2221443.0,0.42,0.0,0.0,2000.0,0.0,48.86527828563585,48.86527828563585,48.86527828563585,48.86527828563585,48.86527828563585,47.583990049695124,46.78000000000003,45.976009950304935
2018-06-28,24.4826363800578,25.36291094653179,25.36291094653179,24.20755057803468,38.0,2918364.0,0.42,0.0,0.0,-2000.0,0.0,40.70518258162458,40.70518258162458,40.70518258162458,40.70518258162458,40.70518258162458,48.220721515315326,46.28000000000003,44.33927848468473
2018-06-29,25.032807984104046,24.427619219653177,25.307893786127167,24.427619219653177,35.0,1625510.0,0.42,0.0,0.0,0.0,0.0,45.832225480989095,45.832225480989095,45.832225480989095,45.832225480989095,45.832225480989095,48.18195984289811,46.14000000000003,44.09804015710195
2018-07-02,24.042499096820812,25.307893786127167,25.307893786127167,23.547344653179188,49.0,2398026.0,0.42,0.0,0.0,0.0,0.0,39.25292880407568,39.25292880407568,39.25292880407568,39.25292880407568,39.25292880407568,47.979047439014636,45.460000000000036,42.94095256098544
2018-07-03,24.20755057803468,24.290076318641617,25.252876625722543,24.014990516618496,33.0,2088743.0,0.42,0.0,0.0,0.0,0.0,40.77880440410801,40.77880440410801,40.77880440410801,40.77880440410801,40.77880440410801,46.81759855827095,44.820000000000036,42.82240144172912
2018-07-04,24.097516257225433,23.93246477601156,24.20755057803468,23.65737897398844,36.0,2156353.0,0.42,0.0,0.0,0.0,0.0,40.056434738409905,40.056434738409905,40.056434738409905,40.056434738409905,40.056434738409905,45.62060592153986,44.30000000000003,42.9793940784602
2018-07-05,23.767413294797688,24.20755057803468,24.20755057803468,23.767413294797688,18.0,802900.0,0.31,0.0,0.0,0.0,0.0,37.88806481994095,37.88806481994095,37.88806481994095,37.88806481994095,37.88806481994095,45.59228863295665,44.040000000000035,42.48771136704342
2018-07-06,23.107207369942195,23.767413294797688,23.767413294797688,22.91464730852601,27.0,1352589.0,0.31,0.0,0.0,0.0,0.0,33.931821985105174,33.931821985105174,33.931821985105174,33.931821985105174,33.931821985105174,44.78000000000246,43.34000000000003,41.899999999997604
2018-07-09,23.107207369942195,24.4826363800578,24.757722182080926,23.024681629335262,120.0,6622278.0,0.32,1000.0,0.0,0.0,0.0,33.931821985105174,33.931821985105174,33.931821985105174,33.931821985105174,33.931821985105174,44.71580884716393,43.000000000000036,41.284191152836144
2018-07-10,23.024681629335262,23.107207369942195,23.602361813583816,23.024681629335262,50.0,3386173.0,0.32,0.0,0.0,0.0,0.0,33.42583176835019,33.42583176835019,33.42583176835019,33.42583176835019,33.42583176835019,44.13920361967653,42.570000000000036,41.00079638032354
2018-07-11,22.63956150650289,22.832121567919074,22.832121567919074,22.557035765895954,51.0,2963180.0,0.32,0.0,0.0,2000.0,0.0,31.095469086153503,31.095469086153503,31.095469086153503,31.095469086153503,31.095469086153503,43.35969693490845,42.040000000000035,40.72030306509162
2018-07-12,22.39198428468208,21.786795520231216,22.474510025289018,21.786795520231216,32.0,1607659.0,0.32,0.0,0.0,-1000.0,0.0,29.663722674412472,29.663722674412472,29.663722674412472,29.663722674412472,29.663722674412472,42.58957134107521,41.540000000000035,40.49042865892486
2018-07-13,23.272258851156067,22.39198428468208,23.272258851156067,22.39198428468208,55.0,3384696.0,0.34,10000.0,0.0,-1000.0,0.0,40.20567629386454,40.20567629386454,40.20567629386454,40.20567629386454,40.20567629386454,42.774734012449095,41.60000000000004,40.42526598755098
2018-07-16,22.474510025289018,23.272258851156067,23.272258851156067,22.474510025289018,45.0,2664437.0,0.31,-11000.0,0.0,2000.0,0.0,35.07502586707886,35.07502586707886,35.07502586707886,35.07502586707886,35.07502586707886,42.59081939696543,41.37000000000003,40.14918060303464
2018-07-17,22.006864161849713,22.474510025289018,22.722087247109826,22.006864161849713,41.0,2461500.0,0.31,0.0,0.0,1000.0,0.0,32.460037965609075,32.460037965609075,32.460037965609075,32.460037965609075,32.460037965609075,42.50332963783891,41.000000000000036,39.49667036216116
2018-07-18,22.226932803468205,22.144407062861273,22.50201860549133,22.144407062861273,16.0,748933.0,0.31,0.0,0.0,0.0,0.0,34.91899905577816,34.91899905577816,34.91899905577816,34.91899905577816,34.91899905577816,42.412049935182694,40.85000000000004,39.28795006481738
2018-07-19,22.061881322254337,22.226932803468205,22.25444138367052,22.006864161849713,31.0,1808569.0,0.31,0.0,0.0,-1000.0,0.0,33.92150145836213,33.92150145836213,33.92150145836213,33.92150145836213,33.92150145836213,42.40761735804258,40.73000000000003,39.052382641957486
2018-07-20,21.924338421242776,22.281949963872833,22.281949963872833,21.84181268063584,31.0,1395640.0,0.31,0.0,0.0,-1000.0,0.0,33.07361980300003,33.07361980300003,33.07361980300003,33.07361980300003,33.07361980300003,40.948237248388,40.24000000000004,39.53176275161208
2018-07-23,21.62174403901734,22.006864161849713,22.006864161849713,21.56672687861272,35.0,1453040.0,0.31,0.0,0.0,0.0,0.0,31.22450812296419,31.22450812296419,31.22450812296419,31.22450812296419,31.22450812296419,40.65553428589105,39.93000000000004,39.204465714109034
2018-07-24,22.17191564306358,21.511709718208092,22.281949963872833,21.456692557803468,72.0,3342700.0,0.33,5000.0,0.0,-1000.0,0.0,38.01061554279576,38.01061554279576,38.01061554279576,38.01061554279576,38.01061554279576,40.775875308177056,39.990000000000045,39.20412469182303
2018-07-25,21.84181268063584,22.006864161849713,22.061881322254337,21.73177835982659,64.0,3387375.0,0.31,-5000.0,0.0,0.0,0.0,35.73244766052448,35.73244766052448,35.73244766052448,35.73244766052448,35.73244766052448,40.53702256149522,39.850000000000044,39.16297743850487
2018-07-26,21.70426977962428,21.84181268063584,22.006864161849713,21.676761199421964,54.0,2798990.0,0.31,0.0,0.0,0.0,0.0,34.79662955450398,34.79662955450398,34.79662955450398,34.79662955450398,34.79662955450398,40.414550214168024,39.72000000000005,39.02544978583207
2018-07-27,21.786795520231216,21.951847001445085,22.006864161849713,21.786795520231216,53.0,2340450.0,0.32,1000.0,0.0,0.0,0.0,35.881672177734295,35.881672177734295,35.881672177734295,35.881672177734295,35.881672177734295,40.355857127979455,39.67000000000005,38.98414287202065
2018-07-30,21.62174403901734,22.006864161849713,22.006864161849713,21.594235458815028,46.0,2403229.0,0.31,-1000.0,0.0,0.0,0.0,34.64010387127047,34.64010387127047,34.64010387127047,34.64010387127047,34.64010387127047,40.355857127979455,39.67000000000005,38.98414287202065
2018-07-31,22.30945854407514,21.814304100433525,22.997173049132947,21.62174403901734,211.0,10461976.0,0.32,4000.0,0.0,0.0,0.0,43.4242877022336,43.4242877022336,43.4242877022336,43.4242877022336,43.4242877022336,40.593155198118595,39.72000000000005,38.8468448018815
2018-08-01,21.73177835982659,22.281949963872833,22.281949963872833,21.511709718208092,215.0,14093430.0,0.1,-45000.0,0.0,1000.0,0.0,38.71714507403634,38.71714507403634,38.71714507403634,38.71714507403634,38.71714507403634,40.571291198206715,39.68000000000005,38.78870880179338
2018-08-02,21.456692557803468,21.539218298410404,21.649252619219652,21.456692557803468,85.0,5798432.0,0.1,0.0,0.0,0.0,0.0,36.678233220380996,36.678233220380996,36.678233220380996,36.678233220380996,36.678233220380996,40.63383906805616,39.59000000000005,38.546160931943945
2018-08-03,21.594235458815028,21.9793555816474,21.9793555816474,21.456692557803468,84.0,7355470.0,0.12,8000.0,0.0,0.0,0.0,38.42429343461704,38.42429343461704,38.42429343461704,38.42429343461704,38.42429343461704,40.59814655775561,39.52000000000005,38.44185344224449
2018-08-06,21.676761199421964,21.511709718208092,21.89682984104046,21.456692557803468,51.0,2714720.0,0.1,-6000.0,0.0,-1000.0,0.0,39.50220144156826,39.50220144156826,39.50220144156826,39.50220144156826,39.50220144156826,40.60470653233533,39.54000000000006,38.4752934676648
2018-08-07,21.924338421242776,21.73177835982659,22.50201860549133,21.73177835982659,170.0,8915470.0,0.11,2000.0,0.0,0.0,0.0,42.740562789412785,42.740562789412785,42.740562789412785,42.740562789412785,42.740562789412785,39.96213877290048,39.40000000000006,38.837861227099644
2018-08-08,21.84181268063584,21.7592869400289,21.89682984104046,21.48420113800578,245.0,11610642.0,0.1,-3000.0,0.0,0.0,0.0,41.934769903571336,41.934769903571336,41.934769903571336,41.934769903571336,41.934769903571336,40.05122827159371,39.44000000000007,38.82877172840643
2018-08-09,22.006864161849713,22.557035765895954,22.8871387283237,21.62174403901734,361.0,26691160.0,0.1,-1000.0,0.0,0.0,0.0,44.20060029736451,44.20060029736451,44.20060029736451,44.20060029736451,44.20060029736451,40.19641710972699,39.640000000000065,39.08358289027314
2018-08-10,21.649252619219652,21.73177835982659,22.419492864884393,21.56672687861272,206.0,16415994.0,0.09,1000.0,0.0,0.0,0.0,40.51192122662192,40.51192122662192,40.51192122662192,40.51192122662192,40.51192122662192,40.163587132477026,39.66000000000007,39.15641286752311
2018-08-13,21.016555274566475,21.649252619219652,21.7592869400289,20.879012373554914,149.0,8404348.0,0.09,-1000.0,0.0,0.0,0.0,34.95404012844428,34.95404012844428,34.95404012844428,34.95404012844428,34.95404012844428,40.71398608956976,39.42000000000006,38.12601391043036
2018-08-14,21.09908101517341,21.016555274566475,21.23662391618497,20.8515037933526,74.0,4087144.0,0.1,4000.0,0.0,0.0,0.0,36.18384205199639,36.18384205199639,36.18384205199639,36.18384205199639,36.18384205199639,40.563052320603624,39.12000000000006,37.6769476793965
2018-08-15,20.658943731936414,20.96153811416185,20.96153811416185,20.57641799132948,82.0,5009251.0,0.1,0.0,0.0,12000.0,0.0,32.63945492981468,32.63945492981468,32.63945492981468,32.63945492981468,32.63945492981468,40.43516474866901,38.69000000000007,36.94483525133113
2018-08-16,20.906520953757227,20.658943731936414,20.906520953757227,20.466383670520234,65.0,6171279.0,0.11,6000.0,0.0,5000.0,0.0,36.41261021462377,36.41261021462377,36.41261021462377,36.41261021462377,36.41261021462377,39.47894911581577,38.29000000000006,37.10105088418435
2018-08-17,21.071572434971095,20.934029533959535,21.34665823699422,20.906520953757227,74.0,4493994.0,0.11,-1000.0,0.0,9000.0,0.0,38.87094046266901,38.87094046266901,38.87094046266901,38.87094046266901,38.87094046266901,38.66172158288893,38.08000000000006,37.498278417111194
2018-08-20,21.09908101517341,21.291641076589595,21.291641076589595,21.016555274566475,121.0,5956724.0,0.09,-9000.0,0.0,0.0,0.0,39.292197503354075,39.292197503354075,39.292197503354075,39.292197503354075,39.292197503354075,38.727737808457576,38.11000000000006,37.49226219154255
2018-08-21,20.830492996592703,21.09908101517341,21.09908101517341,20.830492996592703,70.0,3458341.0,0.09,0.0,0.0,-1000.0,0.0,25.985621057858832,25.985621057858832,25.985621057858832,25.985621057858832,25.985621057858832,40.00348601699283,37.420000000000066,34.8365139830073
2018-08-22,20.651434317538897,20.830492996592703,21.069237901997774,20.59174809118763,44.0,2954304.0,0.09,0.0,0.0,-1000.0,0.0,25.186852864539727,25.186852864539727,25.186852864539727,25.186852864539727,25.186852864539727,40.240337226726666,36.83000000000007,33.41966277327347
2018-08-23,20.561904978011995,21.158767241524682,21.158767241524682,20.412689412133826,29.0,1954292.0,0.09,0.0,0.0,1000.0,0.0,24.776755679565284,24.776755679565284,24.776755679565284,24.776755679565284,24.776755679565284,39.73253373686627,36.120000000000076,32.50746626313388
2018-08-24,20.353003185782555,20.293316959431287,20.59174809118763,20.293316959431287,25.0,1214825.0,0.09,0.0,0.0,-1000.0,0.0,23.80287927085789,23.80287927085789,23.80287927085789,23.80287927085789,23.80287927085789,38.39294073184811,35.28000000000007,32.16705926815204
2018-08-27,20.233630733080016,20.293316959431287,20.293316959431287,19.994885827674945,52.0,2076878.0,0.09,0.0,0.0,0.0,0.0,23.24072474813474,23.24072474813474,23.24072474813474,23.24072474813474,23.24072474813474,35.10105555338497,34.39000000000007,33.678944446615176
2018-08-28,20.412689412133826,20.233630733080016,20.59174809118763,20.17394450672875,31.0,1390035.0,0.09,0.0,0.0,0.0,0.0,26.06152695697522,26.06152695697522,26.06152695697522,26.06152695697522,26.06152695697522,34.74799598392013,34.25000000000007,33.752004016080015
2018-08-29,20.59174809118763,20.59174809118763,20.711120543890168,20.412689412133826,41.0,2522483.0,0.09,0.0,0.0,0.0,0.0,28.87628385972848,28.87628385972848,28.87628385972848,28.87628385972848,28.87628385972848,34.675421149027734,34.23000000000007,33.7845788509724
2018-08-30,20.651434317538897,20.711120543890168,20.80064988341707,20.59174809118763,21.0,1387350.0,0.09,0.0,0.0,0.0,0.0,29.835140116289672,29.835140116289672,29.835140116289672,29.835140116289672,29.835140116289672,34.77536394907056,34.26000000000006,33.744636050929564
2018-08-31,21.337825920578485,20.830492996592703,21.337825920578485,20.830492996592703,73.0,3068251.0,0.1,3000.0,0.0,1000.0,0.0,39.87399029343393,39.87399029343393,39.87399029343393,39.87399029343393,39.87399029343393,35.84920609909598,34.59000000000007,33.330793900904155
2018-09-03,21.128924128349045,21.546727712807925,21.546727712807925,20.949865449295242,30.0,1221475.0,0.09,-3000.0,0.0,-1000.0,0.0,38.08788893851409,38.08788893851409,38.08788893851409,38.08788893851409,38.08788893851409,36.060299107066676,34.890000000000065,33.71970089293345
2018-09-04,21.158767241524682,21.128924128349045,21.188610354700312,20.979708562470872,25.0,941880.0,0.09,0.0,0.0,0.0,0.0,38.51162561495119,38.51162561495119,38.51162561495119,38.51162561495119,38.51162561495119,36.13478640923567,35.140000000000065,34.145213590764456
2018-09-05,21.158767241524682,21.337825920578485,21.427355260105386,21.158767241524682,31.0,1717008.0,0.09,0.0,0.0,0.0,0.0,38.51162561495119,38.51162561495119,38.51162561495119,38.51162561495119,38.51162561495119,36.100973410696476,35.33000000000006,34.55902658930365
2018-09-06,20.949865449295242,21.158767241524682,21.158767241524682,20.89017922294397,21.0,811360.0,0.09,0.0,0.0,0.0,0.0,36.48443107263362,36.48443107263362,36.48443107263362,36.48443107263362,36.48443107263362,35.84279534881214,35.430000000000064,35.01720465118799
2018-09-07,20.59174809118763,20.949865449295242,20.949865449295242,20.024728940850576,42.0,1826555.0,0.09,0.0,0.0,0.0,0.0,33.252949799966515,33.252949799966515,33.252949799966515,33.252949799966515,33.252949799966515,35.908285658241766,35.180000000000064,34.45171434175836
2018-09-10,19.27865111145972,20.59174809118763,20.59174809118763,18.592259508420135,115.0,7271568.0,0.09,0.0,0.0,0.0,0.0,24.636487854611357,24.636487854611357,24.636487854611357,24.636487854611357,24.636487854611357,36.924233491007676,34.56000000000006,32.19576650899244
2018-09-11,19.03990620605465,19.12943554558155,19.12943554558155,18.502730168893233,112.0,9842770.0,0.09,0.0,0.0,0.0,0.0,23.446874710136697,23.446874710136697,23.446874710136697,23.446874710136697,23.446874710136697,36.782575659723165,33.850000000000065,30.917424340276966
2018-09-12,18.860847527000843,19.069749319230283,19.159278658757184,18.62210262159577,57.0,2538603.0,0.09,0.0,0.0,0.0,0.0,22.566754468672233,22.566754468672233,22.566754468672233,22.566754468672233,22.566754468672233,35.94886737232733,33.080000000000055,30.21113262767278
2018-09-13,18.860847527000843,18.860847527000843,19.45770979051353,18.41320082936633,81.0,5125820.0,0.09,0.0,0.0,2000.0,0.0,22.566754468672233,22.566754468672233,22.566754468672233,22.566754468672233,22.566754468672233,34.56137571271037,32.38000000000006,30.198624287289743
2018-09-14,19.069749319230283,18.890690640176476,19.069749319230283,18.860847527000843,25.0,764590.0,0.09,0.0,0.0,0.0,0.0,26.309454118336784,26.309454118336784,26.309454118336784,26.309454118336784,26.309454118336784,32.390000000004314,31.870000000000054,31.349999999995795
2018-09-17,18.890690640176476,19.069749319230283,19.069749319230283,18.532573282068867,33.0,1448977.0,0.09,1000.0,0.0,-1000.0,0.0,25.18575415320296,25.18575415320296,25.18575415320296,25.18575415320296,25.18575415320296,32.04594117082256,31.740000000000055,31.434058829177552
2018-09-18,18.532573282068867,18.741475074298304,18.860847527000843,18.532573282068867,42.0,1690548.0,0.09,-1000.0,0.0,-1000.0,0.0,23.064032312250408,23.064032312250408,23.064032312250408,23.064032312250408,23.064032312250408,32.151721582893614,31.570000000000057,30.9882784171065
2018-09-19,18.741475074298304,18.950376866527744,19.099592432405917,18.741475074298304,46.0,2227862.0,0.09,0.0,0.0,0.0,0.0,26.930979579655084,26.930979579655084,26.930979579655084,26.930979579655084,26.930979579655084,32.125315042648744,31.530000000000058,30.934684957351372
2018-09-20,18.83100441382521,18.681788847947036,18.92053375335211,18.502730168893233,19.0,676317.0,0.09,0.0,0.0,0.0,0.0,28.58759010478011,28.58759010478011,28.58759010478011,28.58759010478011,28.58759010478011,32.111945943480535,31.52000000000006,30.928054056519585
2018-09-21,18.83100441382521,18.801161300649575,18.83100441382521,18.62210262159577,21.0,658265.0,0.09,0.0,0.0,0.0,0.0,28.5875901047801,28.5875901047801,28.5875901047801,28.5875901047801,28.5875901047801,31.86142615011739,31.44000000000006,31.018573849882735
2018-09-25,18.83100441382521,18.890690640176476,18.92053375335211,18.77131818747394,39.0,1610812.0,0.09,0.0,0.0,0.0,0.0,28.5875901047801,28.5875901047801,28.5875901047801,28.5875901047801,28.5875901047801,31.80781438859746,31.420000000000062,31.032185611402664
2018-09-26,18.443043942541962,18.77131818747394,18.77131818747394,18.05508347125872,49.0,1773213.0,0.09,0.0,0.0,0.0,0.0,25.463129471457414,25.463129471457414,25.463129471457414,25.463129471457414,25.463129471457414,31.893587132483344,31.39000000000006,30.88641286751678
2018-09-27,18.323671489839427,18.204299037136888,18.383357716190694,18.025240358083085,26.0,1069460.0,0.09,0.0,0.0,0.0,0.0,24.573190193297147,24.573190193297147,24.573190193297147,24.573190193297147,24.573190193297147,31.995654075294812,31.250000000000057,30.5043459247053
2018-09-28,18.084926584434353,18.383357716190694,18.383357716190694,17.905867905380546,38.0,1494451.0,0.09,0.0,0.0,4000.0,0.0,22.852889385059644,22.852889385059644,22.852889385059644,22.852889385059644,22.852889385059644,31.97775252492841,31.000000000000057,30.022247475071705
2018-10-01,17.905867905380546,18.084926584434353,18.084926584434353,17.876024792204912,41.0,1456459.0,0.11,0.0,0.0,-2000.0,0.0,21.62984503402103,21.62984503402103,21.62984503402103,21.62984503402103,21.62984503402103,31.752826420448994,30.690000000000055,29.627173579551116
2018-10-02,18.26398526348816,17.905867905380546,18.323671489839427,17.905867905380546,36.0,1219178.0,0.12,3000.0,0.0,1000.0,0.0,29.72987279441806,29.72987279441806,29.72987279441806,29.72987279441806,29.72987279441806,31.13245553203632,30.500000000000057,29.867544467963793
2018-10-03,17.905867905380546,18.26398526348816,18.26398526348816,17.876024792204912,65.0,2430640.0,0.11,-3000.0,0.0,-1000.0,0.0,26.752181400354868,26.752181400354868,26.752181400354868,26.752181400354868,26.752181400354868,30.905149553536663,30.320000000000057,29.73485044646345
2018-10-04,17.84618167902928,17.905867905380546,17.905867905380546,17.84618167902928,28.0,1079100.0,0.11,0.0,0.0,0.0,0.0,26.279747283877914,26.279747283877914,26.279747283877914,26.279747283877914,26.279747283877914,30.675363949074082,30.160000000000053,29.644636050926024
2018-10-05,16.831515831057715,17.667122999975472,17.84618167902928,16.413712246598834,110.0,4170186.0,0.11,0.0,0.0,0.0,0.0,19.859140147776518,19.859140147776518,19.859140147776518,19.859140147776518,19.859140147776518,31.357899873294148,29.740000000000055,28.122100126705963
2018-10-08,16.652457152003908,16.682300265179542,16.801672717882077,16.2943397938963,48.0,715732.0,0.11,0.0,0.0,0.0,0.0,18.97796629791778,18.97796629791778,18.97796629791778,18.97796629791778,18.97796629791778,31.456913662271944,29.320000000000057,27.18308633772817
2018-10-09,16.891202057408982,16.741986491530813,16.980731396935884,16.652457152003908,49.0,1876770.0,0.11,0.0,0.0,-14000.0,0.0,23.830889972356946,23.830889972356946,23.830889972356946,23.830889972356946,23.830889972356946,30.66044438958933,28.86000000000006,27.05955561041079
2018-10-11,15.219987719573465,16.562927812477007,16.562927812477007,15.219987719573465,135.0,7867010.0,0.11,0.0,0.0,-16000.0,0.0,16.417814888668765,16.417814888668765,16.417814888668765,16.417814888668765,16.417814888668765,30.78729552753247,27.960000000000058,25.132704472467644
2018-10-12,15.39904639862727,13.727832060791753,15.578105077681077,13.697988947616118,215.0,11685676.0,0.13,7000.0,0.0,-19000.0,0.0,19.31385781818374,19.31385781818374,19.31385781818374,19.31385781818374,19.31385781818374,29.594709758811575,27.14000000000006,24.685290241188547
2018-10-15,14.921556587817122,15.339360172276,15.339360172276,14.742497908763317,97.0,2318828.0,0.14,3000.0,0.0,-12000.0,0.0,17.56595802567532,17.56595802567532,17.56595802567532,17.56595802567532,17.56595802567532,29.17432234407257,26.500000000000057,23.825677655927542
2018-10-16,14.981242814168391,15.011085927344025,15.339360172276,14.921556587817122,56.0,1818065.0,0.15,4000.0,0.0,-5000.0,0.0,18.558136723358945,18.558136723358945,18.558136723358945,18.558136723358945,18.558136723358945,28.368497477867102,25.940000000000055,23.511502522133007
2018-10-17,15.2498308327491,15.39904639862727,15.81684998308615,15.040929040519659,100.0,4156400.0,0.15,1000.0,0.0,-3000.0,0.0,23.0467038772243,23.0467038772243,23.0467038772243,23.0467038772243,23.0467038772243,25.984642749899223,25.390000000000054,24.795357250100885
2018-10-18,15.39904639862727,15.637791304032344,15.637791304032344,15.219987719573465,23.0,620976.0,0.15,-1000.0,0.0,-3000.0,0.0,25.503165718224817,25.503165718224817,25.503165718224817,25.503165718224817,25.503165718224817,26.13117545464274,25.450000000000053,24.768824545357365
2018-10-19,15.100615266870928,14.921556587817122,15.339360172276,14.921556587817122,51.0,1578880.0,0.14,-4000.0,0.0,0.0,0.0,23.86252363883728,23.86252363883728,23.86252363883728,23.86252363883728,23.86252363883728,25.93651513195091,25.350000000000055,24.7634848680492
2018-10-22,14.951399700992758,15.130458380046562,15.279673945924735,14.861870361465852,53.0,1629722.0,0.15,3000.0,0.0,0.0,0.0,23.063606637439612,23.063606637439612,23.063606637439612,23.063606637439612,23.063606637439612,25.923560112150998,25.360000000000053,24.796439887849107
2018-10-23,14.802184135114587,15.279673945924735,15.279673945924735,14.593282342885145,61.0,1917800.0,0.12,-10000.0,0.0,-3000.0,0.0,22.260978777094316,22.260978777094316,22.260978777094316,22.260978777094316,22.260978777094316,26.007106781191748,25.300000000000054,24.59289321880836
2018-10-24,14.802184135114587,14.951399700992758,14.951399700992758,14.444066777006974,44.0,1583975.0,0.1,-9000.0,0.0,-3000.0,0.0,22.260978777094316,22.260978777094316,22.260978777094316,22.260978777094316,22.260978777094316,25.89833147735967,25.150000000000055,24.401668522640442
2018-10-25,13.727832060791753,13.757675173967387,14.68281168241205,13.727832060791753,98.0,4049317.0,0.11,3000.0,0.0,3000.0,0.0,17.248610374284873,17.248610374284873,17.248610374284873,17.248610374284873,17.248610374284873,26.222666530559188,24.590000000000053,22.95733346944092
2018-10-26,13.130969797279068,13.757675173967387,14.085949418899364,13.130969797279068,90.0,3067246.0,0.1,-2000.0,0.0,-1000.0,0.0,15.200851475501242,15.200851475501242,15.200851475501242,15.200851475501242,15.200851475501242,26.35619042946085,23.930000000000057,21.503809570539264
2018-10-29,11.817872817551162,12.832538665522724,13.250342249981605,11.817872817551162,346.0,15642098.0,0.14,17000.0,0.0,-7000.0,0.0,11.863842069806223,11.863842069806223,11.863842069806223,11.863842069806223,11.863842069806223,26.637445941062683,22.880000000000056,19.12255405893743
2018-10-30,12.056617722956235,12.355048854712576,12.355048854712576,11.60897102532172,120.0,3534600.0,0.16,7000.0,0.0,0.0,0.0,15.496192869965073,15.496192869965073,15.496192869965073,15.496192869965073,15.496192869965073,25.638260458424398,21.960000000000058,18.281739541575718
2018-10-31,12.325205741536942,12.146147062483138,12.444578194239481,12.146147062483138,118.0,3129845.0,0.22,23000.0,0.0,2000.0,0.0,19.51490005576485,19.51490005576485,19.51490005576485,19.51490005576485,19.51490005576485,23.51629419812574,21.13000000000006,18.74370580187438
2018-11-01,12.922068005049628,12.414735081063846,12.922068005049628,12.414735081063846,157.0,5439676.0,0.27,21000.0,0.0,-2000.0,0.0,27.738963367181807,27.738963367181807,27.738963367181807,27.738963367181807,27.738963367181807,22.53976188789018,20.86000000000006,19.18023811210994
2018-11-02,14.205321871601901,13.190656023630337,14.205321871601901,13.190656023630337,149.0,6479020.0,0.28,2000.0,0.0,0.0,0.0,41.56421341700371,41.56421341700371,41.56421341700371,41.56421341700371,41.56421341700371,24.079790202096703,21.22000000000006,18.360209797903416
2018-11-05,15.011085927344025,14.921556587817122,15.607948190856709,14.83202724829022,551.0,26935991.0,0.24,-15000.0,0.0,0.0,0.0,48.25827499114587,48.25827499114587,48.25827499114587,48.25827499114587,48.25827499114587,26.07703049895405,22.29000000000006,18.50296950104607
2018-11-06,14.921556587817122,15.011085927344025,15.369203285451636,14.712654795587682,228.0,9193414.0,0.19,-21000.0,0.0,-3000.0,0.0,47.6057274043712,47.6057274043712,47.6057274043712,47.6057274043712,47.6057274043712,26.860540125799368,23.25000000000006,19.639459874200753
2018-11-07,15.19014460639783,15.011085927344025,15.19014460639783,14.444066777006974,161.0,6481731.0,0.19,2000.0,0.0,0.0,0.0,49.79883591399845,49.79883591399845,49.79883591399845,49.79883591399845,49.79883591399845,27.00528173893199,24.21000000000006,21.41471826106813
2018-11-08,15.995908662139955,15.518418851329807,16.682300265179542,15.518418851329807,475.0,21471837.0,0.14,-21000.0,0.0,0.0,0.0,55.77897212264967,55.77897212264967,55.77897212264967,55.77897212264967,55.77897212264967,27.161874085367135,25.240000000000062,23.31812591463299
2018-11-09,15.130458380046562,15.339360172276,15.39904639862727,14.62312545606078,371.0,13201005.0,0.1,-14000.0,0.0,0.0,0.0,49.02398102883306,49.02398102883306,49.02398102883306,49.02398102883306,49.02398102883306,26.838409872674813,25.55000000000006,24.26159012732531
2018-11-12,14.742497908763317,15.100615266870928,15.130458380046562,14.56343922970951,141.0,6145728.0,0.14,16000.0,0.0,0.0,0.0,46.31617825795106,46.31617825795106,46.31617825795106,46.31617825795106,46.31617825795106,26.90138821974016,25.46000000000006,24.018611780259963
2018-11-13,14.802184135114587,14.742497908763317,14.802184135114587,14.026263192548095,106.0,3316375.0,0.13,-4000.0,0.0,0.0,0.0,46.802996617337286,46.802996617337286,46.802996617337286,46.802996617337286,46.802996617337286,26.920133327409783,25.420000000000062,23.91986667259034
2018-11-14,15.100615266870928,14.951399700992758,15.39904639862727,14.921556587817122,91.0,2890900.0,0.1,-14000.0,0.0,0.0,0.0,49.27962402473284,49.27962402473284,49.27962402473284,49.27962402473284,49.27962402473284,26.892531197681436,25.39000000000006,23.887468802318686
2018-11-15,14.68281168241205,15.100615266870928,15.100615266870928,14.652968569236414,75.0,2408912.0,0.09,-5000.0,0.0,8000.0,0.0,46.04747034760543,46.04747034760543,46.04747034760543,46.04747034760543,46.04747034760543,25.576099033704224,24.950000000000063,24.323900966295902
2018-11-16,14.83202724829022,14.772341021938951,14.921556587817122,14.503753003358243,88.0,2650223.0,0.09,1000.0,0.0,0.0,0.0,47.37499745479859,47.37499745479859,47.37499745479859,47.37499745479859,47.37499745479859,25.33166378315739,24.850000000000062,24.368336216842735
2018-11-19,16.02575177531559,14.891713474641488,16.2943397938963,14.891713474641488,628.0,27688789.0,0.09,0.0,0.0,16000.0,0.0,56.57951318757826,56.57951318757826,56.57951318757826,56.57951318757826,56.57951318757826,26.915359287742465,25.280000000000065,23.644640712257665
2018-11-20,15.339360172276,15.757163756734881,15.757163756734881,15.219987719573465,348.0,11786100.0,0.08,-3000.0,0.0,3000.0,0.0,51.05034243393879,51.05034243393879,51.05034243393879,51.05034243393879,51.05034243393879,27.04164471358321,25.460000000000065,23.87835528641692
2018-11-21,16.86135894423335,15.040929040519659,16.86135894423335,14.68281168241205,574.0,28041733.0,0.08,0.0,0.0,0.0,0.0,60.311970839853366,60.311970839853366,60.311970839853366,60.311970839853366,60.311970839853366,28.754810529409458,26.050000000000068,23.34518947059068
2018-11-22,17.905867905380546,18.383357716190694,18.443043942541962,17.309005641867863,1576.0,80728366.0,0.08,0.0,0.0,9000.0,0.0,65.18094260252273,65.18094260252273,65.18094260252273,65.18094260252273,65.18094260252273,30.79747869796184,27.13000000000007,23.4625213020383
2018-11-23,17.01057451011152,17.816338565853645,18.025240358083085,16.95088828376025,415.0,17194506.0,0.08,0.0,0.0,0.0,0.0,58.55044919201629,58.55044919201629,58.55044919201629,58.55044919201629,58.55044919201629,30.803059632423892,27.86000000000007,24.91694036757625
2018-11-26,17.78649545267801,17.24931941551659,18.174455923961254,16.801672717882077,330.0,14002604.0,0.08,0.0,0.0,3000.0,0.0,62.14455110951522,62.14455110951522,62.14455110951522,62.14455110951522,62.14455110951522,31.526361487212085,28.450000000000074,25.373638512788062
2018-11-27,18.383357716190694,17.965554131731817,18.681788847947036,17.607436773624205,430.0,21594576.0,0.08,0.0,0.0,19000.0,0.0,64.68151320745083,64.68151320745083,64.68151320745083,64.68151320745083,64.68151320745083,31.385828802372792,29.470000000000073,27.554171197627355
2018-11-28,19.45770979051353,18.502730168893233,19.6964546959186,18.084926584434353,1266.0,173782585.0,0.15,28000.0,0.0,0.0,0.0,68.74221391961079,68.74221391961079,68.74221391961079,68.74221391961079,68.74221391961079,33.03992592491013,30.34000000000007,27.640074075090013
2018-11-29,19.099592432405917,20.293316959431287,20.293316959431287,19.099592432405917,3517.0,256998660.0,0.09,-26000.0,0.0,0.0,0.0,66.01749707240529,66.01749707240529,66.01749707240529,66.01749707240529,66.01749707240529,33.700000000000195,30.740000000000073,27.77999999999995
2018-11-30,18.592259508420135,19.010063092879015,19.03990620605465,18.532573282068867,793.0,38959198.0,0.08,-2000.0,0.0,0.0,0.0,62.25297104696782,62.25297104696782,62.25297104696782,62.25297104696782,62.25297104696782,33.20865933056854,31.270000000000074,29.33134066943161
2018-12-03,18.860847527000843,18.77131818747394,19.189121771932818,18.592259508420135,759.0,39687900.0,0.08,0.0,0.0,4000.0,0.0,63.44152153029735,63.44152153029735,63.44152153029735,63.44152153029735,63.44152153029735,32.894278450342526,31.630000000000074,30.36572154965762
2018-12-04,18.114769697609987,19.03990620605465,19.069749319230283,18.084926584434353,607.0,29140850.0,0.12,11000.0,0.0,0.0,0.0,57.980211441241025,57.980211441241025,57.980211441241025,57.980211441241025,57.980211441241025,33.06499180325663,31.540000000000077,30.015008196743526
2018-12-05,17.63727988679984,17.756652339502377,17.756652339502377,17.21947630234096,359.0,15003362.0,0.17,19000.0,0.0,0.0,0.0,54.73281233116446,54.73281233116446,54.73281233116446,54.73281233116446,54.73281233116446,32.69249822694932,30.93000000000008,29.16750177305084
2018-12-06,17.01057451011152,17.905867905380546,17.93571101855618,17.01057451011152,327.0,13591502.0,0.09,-56000.0,0.0,0.0,0.0,50.71768527879736,50.71768527879736,50.71768527879736,50.71768527879736,50.71768527879736,32.45584815295193,30.230000000000082,28.00415184704823
2018-12-07,17.07026073646279,17.309005641867863,17.398534981394764,17.01057451011152,206.0,9026170.0,0.29,9000.0,0.0,0.0,0.0,51.085714772602905,51.085714772602905,51.085714772602905,51.085714772602905,51.085714772602905,32.03568564360573,29.720000000000077,27.40431435639442
2018-12-10,15.906379322613052,16.2943397938963,16.324182907071933,15.876536209437418,339.0,13296204.0,0.24,-20000.0,0.0,0.0,0.0,44.16034070161281,44.16034070161281,44.16034070161281,44.16034070161281,44.16034070161281,31.210806320534047,28.730000000000082,26.249193679466117
2018-12-11,17.189633189165324,15.667634417207978,17.189633189165324,15.667634417207978,398.0,14683052.0,0.19,-20000.0,0.0,0.0,0.0,51.90238782579887,51.90238782579887,51.90238782579887,51.90238782579887,51.90238782579887,30.336872452721245,28.420000000000083,26.503127547278922
2018-12-12,18.323671489839427,17.57759366044857,18.62210262159577,17.517907434097303,1329.0,64095770.0,0.11,-31000.0,0.0,0.0,0.0,57.509106196043234,57.509106196043234,57.509106196043234,57.509106196043234,57.509106196043234,31.219046515733357,28.650000000000084,26.08095348426681
2018-12-13,18.025240358083085,18.323671489839427,18.443043942541962,17.905867905380546,323.0,14814932.0,0.05,-27000.0,0.0,0.0,0.0,55.669997023805685,55.669997023805685,55.669997023805685,55.669997023805685,55.669997023805685,31.825771499962904,28.990000000000084,26.154228500037263
2018-12-14,17.63727988679984,18.025240358083085,18.204299037136888,17.607436773624205,219.0,8917280.0,0.05,-2000.0,0.0,0.0,0.0,53.284389885718944,53.284389885718944,53.284389885718944,53.284389885718944,53.284389885718944,32.01309018564555,29.180000000000085,26.34690981435462
2018-12-17,17.129946962814056,17.309005641867863,17.696966113151106,17.129946962814056,188.0,6827074.0,0.1,5000.0,0.0,0.0,0.0,50.251761011758646,50.251761011758646,50.251761011758646,50.251761011758646,50.251761011758646,31.14486333804659,29.59000000000008,28.035136661953572
2018-12-18,17.040417623287155,17.48806432092167,17.48806432092167,17.040417623287155,160.0,6284482.0,0.04,-21000.0,0.0,0.0,0.0,49.71404203917967,49.71404203917967,49.71404203917967,49.71404203917967,49.71404203917967,31.205412861725637,29.540000000000084,27.87458713827453
2018-12-19,17.72680922632674,17.189633189165324,18.114769697609987,16.891202057408982,600.0,25898957.0,0.07,11000.0,0.0,0.0,0.0,53.7960551557926,53.7960551557926,53.7960551557926,53.7960551557926,53.7960551557926,30.588038460946663,29.34000000000008,28.0919615390535
2018-12-20,17.667122999975472,17.84618167902928,18.234142150312525,17.57759366044857,868.0,40889786.0,0.04,-12000.0,0.0,0.0,0.0,53.39019537075327,53.39019537075327,53.39019537075327,53.39019537075327,53.39019537075327,30.20101987747518,29.220000000000084,28.23898012252499
2018-12-21,17.338848755043497,17.667122999975472,17.756652339502377,16.95088828376025,229.0,9748038.0,0.12,-1000.0,0.0,0.0,0.0,51.10644497480401,51.10644497480401,51.10644497480401,51.10644497480401,51.10644497480401,30.046498785752895,29.120000000000083,28.19350121424727
2018-12-22,17.100103849638423,17.48806432092167,17.517907434097303,17.01057451011152,80.0,2643300.0,0.12,0.0,0.0,0.0,0.0,49.44978448792271,49.44978448792271,49.44978448792271,49.44978448792271,49.44978448792271,30.055304183848698,29.11000000000008,28.164695816151465
2018-12-24,17.129946962814056,17.100103849638423,17.27916252869223,17.100103849638423,99.0,3638177.0,0.13,1000.0,0.0,0.0,0.0,49.669410892590946,49.669410892590946,49.669410892590946,49.669410892590946,49.669410892590946,30.01954533709269,29.140000000000082,28.260454662907474
2018-12-25,16.712143378355176,16.831515831057715,17.07026073646279,16.413712246598834,196.0,7320441.0,0.06,-26000.0,0.0,0.0,0.0,46.61584153745555,46.61584153745555,46.61584153745555,46.61584153745555,46.61584153745555,29.84880884817127,28.80000000000008,27.751191151828888
2018-12-26,16.682300265179542,16.831515831057715,17.309005641867863,16.652457152003908,224.0,8056008.0,0.07,6000.0,0.0,-7000.0,0.0,46.39642973283362,46.39642973283362,46.39642973283362,46.39642973283362,46.39642973283362,29.324634424770487,28.470000000000077,27.615365575229667
2018-12-27,16.682300265179542,16.921045170584616,17.129946962814056,16.443555359774468,264.0,10654895.0,0.05,-7000.0,0.0,0.0,0.0,46.396429732833624,46.396429732833624,46.396429732833624,46.396429732833624,46.396429732833624,28.9457010852387,28.250000000000078,27.554298914761457
2018-12-28,16.533084699301373,16.771829604706447,16.771829604706447,16.473398472950105,72.0,2175862.0,0.05,0.0,0.0,0.0,0.0,45.16373460780427,45.16373460780427,45.16373460780427,45.16373460780427,45.16373460780427,28.733498329621618,28.060000000000077,27.386501670378536
2019-01-02,16.443555359774468,16.354026020247566,16.831515831057715,16.354026020247566,64.0,2101608.0,0.05,-3000.0,0.0,0.0,0.0,44.40147234215161,44.40147234215161,44.40147234215161,44.40147234215161,44.40147234215161,28.179857113695626,27.830000000000076,27.480142886304527
2019-01-03,16.443555359774468,16.413712246598834,16.622614038828274,16.354026020247566,76.0,3068977.0,0.06,-5000.0,0.0,0.0,0.0,44.40147234215161,44.40147234215161,44.40147234215161,44.40147234215161,44.40147234215161,28.10000000000479,27.740000000000077,27.379999999995363
2019-01-04,15.906379322613052,16.234653567545028,16.234653567545028,15.697477530383614,173.0,7349242.0,0.1,-5000.0,0.0,-6000.0,0.0,39.73481044269666,39.73481044269666,39.73481044269666,39.73481044269666,39.73481044269666,28.36000000000228,27.480000000000075,26.59999999999787
2019-01-07,16.234653567545028,16.2943397938963,16.2943397938963,16.115281114842492,151.0,6596311.0,0.1,-3000.0,0.0,0.0,0.0,43.63363638543271,43.63363638543271,43.63363638543271,43.63363638543271,43.63363638543271,28.085248303542496,27.330000000000076,26.574751696457657
2019-01-08,16.86135894423335,16.413712246598834,16.95088828376025,16.264496680720665,202.0,8273714.0,0.12,11000.0,0.0,0.0,0.0,50.25070373484295,50.25070373484295,50.25070373484295,50.25070373484295,50.25070373484295,28.48383906805793,27.440000000000076,26.396160931942223
2019-01-09,17.040417623287155,17.01057451011152,17.398534981394764,16.891202057408982,273.0,10456128.0,0.13,2000.0,0.0,0.0,0.0,51.98506097546595,51.98506097546595,51.98506097546595,51.98506097546595,51.98506097546595,29.02043471414024,27.64000000000008,26.259565285859917
2019-01-10,17.040417623287155,17.21947630234096,17.21947630234096,16.980731396935884,105.0,4571018.0,0.13,2000.0,0.0,0.0,0.0,51.98506097546595,51.98506097546595,51.98506097546595,51.98506097546595,51.98506097546595,29.389709650225846,27.840000000000078,26.29029034977431
2019-01-11,17.01057451011152,17.01057451011152,17.21947630234096,16.95088828376025,127.0,5551596.0,0.16,11000.0,0.0,0.0,0.0,51.637099175112475,51.637099175112475,51.637099175112475,51.637099175112475,51.637099175112475,29.244214677909575,28.210000000000075,27.175785322090576
2019-01-14,17.01057451011152,17.428378094570398,17.428378094570398,16.95088828376025,76.0,2869002.0,0.15,-2000.0,0.0,0.0,0.0,51.63709917511247,51.63709917511247,51.63709917511247,51.63709917511247,51.63709917511247,28.694499443214795,28.470000000000073,28.245500556785352
2019-01-15,17.01057451011152,17.01057451011152,17.129946962814056,16.921045170584616,62.0,1996238.0,0.2,17000.0,0.0,0.0,0.0,51.63709917511247,51.63709917511247,51.63709917511247,51.63709917511247,51.63709917511247,28.568989794891362,28.520000000000074,28.471010205108787
2019-01-16,17.01057451011152,17.01057451011152,17.21947630234096,17.01057451011152,114.0,3867284.0,0.23,13000.0,0.0,0.0,0.0,51.63709917511247,51.63709917511247,51.63709917511247,51.63709917511247,51.63709917511247,28.550000000057576,28.51000000000007,28.469999999942562
2019-01-17,16.86135894423335,17.15979007598969,17.24931941551659,16.86135894423335,107.0,3169958.0,0.25,7000.0,0.0,0.0,0.0,49.412760729605964,49.412760729605964,49.412760729605964,49.412760729605964,49.412760729605964,28.65000000001362,28.450000000000067,28.249999999986514
2019-01-18,16.682300265179542,16.86135894423335,16.86135894423335,16.652457152003908,109.0,3819430.0,0.26,6000.0,0.0,0.0,0.0,46.80710666218165,46.80710666218165,46.80710666218165,46.80710666218165,46.80710666218165,28.775430821147534,28.340000000000067,27.9045691788526
2019-01-21,16.562927812477007,16.682300265179542,16.712143378355176,16.503241586125736,93.0,2731975.0,0.32,22000.0,0.0,0.0,0.0,45.09967066529358,45.09967066529358,45.09967066529358,45.09967066529358,45.09967066529358,28.7879966555139,28.190000000000065,27.59200334448623
2019-01-22,16.324182907071933,16.562927812477007,16.562927812477007,16.264496680720665,92.0,3214581.0,0.33,6000.0,0.0,0.0,0.0,41.814385766929206,41.814385766929206,41.814385766929206,41.814385766929206,41.814385766929206,28.755989949689145,27.960000000000065,27.164010050310985
2019-01-23,16.533084699301373,16.264496680720665,16.712143378355176,16.264496680720665,56.0,1395238.0,0.34,2000.0,0.0,0.0,0.0,45.551837809324795,45.551837809324795,45.551837809324795,45.551837809324795,45.551837809324795,28.393295878973348,27.80000000000006,27.206704121026775
2019-01-24,16.503241586125736,16.473398472950105,16.562927812477007,16.354026020247566,52.0,1734815.0,0.27,5000.0,0.0,0.0,0.0,45.10609750716437,45.10609750716437,45.10609750716437,45.10609750716437,45.10609750716437,28.06781438860098,27.680000000000064,27.292185611399148
2019-01-25,17.36869186821913,16.3838691334232,18.114769697609987,16.3838691334232,558.0,25047402.0,0.27,-9000.0,0.0,0.0,0.0,57.955158724284836,57.955158724284836,57.955158724284836,57.955158724284836,57.955158724284836,29.13212928939876,27.910000000000064,26.68787071060137
2019-01-28,17.905867905380546,17.667122999975472,18.35351460301506,17.48806432092167,1210.0,50617170.0,0.24,-12903.0,0.0,0.0,0.0,63.64353290733204,63.64353290733204,63.64353290733204,63.64353290733204,63.64353290733204,30.399019372150782,28.360000000000063,26.320980627849345
2019-01-29,17.78649545267801,17.667122999975472,17.995397244907448,17.63727988679984,275.0,11983498.0,0.26,6000.0,0.0,0.0,0.0,61.64752056179241,61.64752056179241,61.64752056179241,61.64752056179241,61.64752056179241,30.859975124225482,28.85000000000007,26.840024875774656
2019-01-30,17.48806432092167,17.78649545267801,17.905867905380546,17.309005641867863,189.0,7934257.0,0.17,-13000.0,0.0,0.0,0.0,56.84748055349906,56.84748055349906,56.84748055349906,56.84748055349906,56.84748055349906,30.823602128689213,29.170000000000066,27.516397871310918
2019-02-11,17.517907434097303,17.607436773624205,17.78649545267801,17.309005641867863,168.0,5575475.0,0.24,24000.0,0.0,0.0,0.0,57.20631457828597,57.20631457828597,57.20631457828597,57.20631457828597,57.20631457828597,30.180522184573682,29.510000000000066,28.83947781542645
2019-02-12,17.63727988679984,17.517907434097303,17.905867905380546,17.517907434097303,174.0,5667532.0,0.26,8000.0,0.0,0.0,0.0,58.68619731834902,58.68619731834902,58.68619731834902,58.68619731834902,58.68619731834902,30.132916503783402,29.60000000000007,29.067083496216735
2019-02-13,18.26398526348816,17.905867905380546,18.62210262159577,17.696966113151106,685.0,36593831.0,0.3,44000.0,0.0,0.0,0.0,65.44282299738666,65.44282299738666,65.44282299738666,65.44282299738666,65.44282299738666,30.66783964888903,29.720000000000066,28.772160351111104
2019-02-14,18.35351460301506,18.502730168893233,19.069749319230283,18.26398526348816,624.0,30425559.0,0.23,-27000.0,0.0,0.0,0.0,66.29096324833728,66.29096324833728,66.29096324833728,66.29096324833728,66.29096324833728,31.17396202474789,29.91000000000007,28.646037975252252
2019-02-15,18.14461281078562,18.383357716190694,18.651945734771402,17.965554131731817,250.0,12012607.0,0.19,8000.0,0.0,0.0,0.0,62.44013023967575,62.44013023967575,62.44013023967575,62.44013023967575,62.44013023967575,31.269473562661652,30.13000000000007,28.990526437338488
2019-02-18,18.472887055717596,18.35351460301506,18.502730168893233,18.234142150312525,215.0,9932103.0,0.29,39000.0,0.0,0.0,0.0,65.8019965320781,65.8019965320781,65.8019965320781,65.8019965320781,65.8019965320781,31.419535971485708,30.450000000000067,29.480464028514426
2019-02-19,18.35351460301506,18.472887055717596,18.502730168893233,18.26398526348816,164.0,6695805.0,0.29,3000.0,0.0,0.0,0.0,63.57363628845617,63.57363628845617,63.57363628845617,63.57363628845617,63.57363628845617,31.055513337656386,30.690000000000065,30.324486662343745
2019-02-20,20.17394450672875,18.5624163952445,20.17394450672875,18.502730168893233,2016.0,133680412.0,0.55,102000.0,0.0,0.0,0.0,76.5921688508362,76.5921688508362,76.5921688508362,76.5921688508362,76.5921688508362,33.82527553588893,31.330000000000062,28.834724464111197
2019-02-21,21.397512146929756,20.770806770241432,21.964531297266802,20.38284629895819,2925.0,172727471.0,1.69,442000.0,0.0,20000.0,0.0,81.40306772997612,81.40306772997612,81.40306772997612,81.40306772997612,81.40306772997612,36.6091078878099,32.350000000000065,28.09089211219023
2019-02-22,22.322648655374415,22.531550447603856,23.158255824292173,22.08390374996934,4531.0,277349530.0,1.36,-284000.0,0.0,0.0,0.0,84.06911305536717,84.06911305536717,84.06911305536717,84.06911305536717,84.06911305536717,39.00927751692228,33.750000000000064,28.49072248307785
2019-02-25,22.591236673955123,22.08390374996934,22.591236673955123,21.487041486456658,1133.0,64178492.0,1.59,91000.0,0.0,5000.0,0.0,84.75253566788695,84.75253566788695,84.75253566788695,84.75253566788695,84.75253566788695,40.34712564541081,35.13000000000007,29.91287435458932
2019-02-26,21.845158844564267,22.829981579360197,22.829981579360197,21.845158844564267,771.0,49946358.0,1.63,15000.0,0.0,23000.0,0.0,75.11318560551246,75.11318560551246,75.11318560551246,75.11318560551246,75.11318560551246,39.150263145747196,36.30000000000006,33.449736854252926
2019-02-27,21.337825920578485,21.845158844564267,21.99437441044244,21.09908101517341,676.0,35551835.0,1.65,12000.0,0.0,0.0,0.0,69.33807350195639,69.33807350195639,69.33807350195639,69.33807350195639,69.33807350195639,38.35060230037208,36.69000000000007,35.029397699628056
2019-03-04,22.382334881725683,21.487041486456658,22.50170733442822,21.30798280740285,750.0,41036517.0,1.81,61000.0,0.0,0.0,0.0,73.80374922520797,73.80374922520797,73.80374922520797,73.80374922520797,73.80374922520797,38.53076139744239,37.02000000000007,35.509238602557744
2019-03-05,22.113746863144975,22.143589976320612,22.949354032062736,22.08390374996934,978.0,56794125.0,1.75,-21000.0,0.0,0.0,0.0,70.94251460079309,70.94251460079309,70.94251460079309,70.94251460079309,70.94251460079309,38.41560567684564,36.95000000000007,35.4843943231545
2019-03-06,22.531550447603856,21.964531297266802,22.77029535300893,21.964531297266802,589.0,34614226.0,1.47,81000.0,0.0,0.0,0.0,72.71456526576367,72.71456526576367,72.71456526576367,72.71456526576367,72.71456526576367,38.3478857499814,36.93000000000007,35.51211425001874
2019-03-07,23.39700072969725,22.800138466184563,24.292294124966276,22.531550447603856,3762.0,207210414.0,0.89,-228000.0,0.0,-3000.0,0.0,75.9820176894381,75.9820176894381,75.9820176894381,75.9820176894381,75.9820176894381,39.678003590661845,37.45000000000007,35.22199640933829
2019-03-08,22.20327620267188,22.85982469253583,23.158255824292173,22.08390374996934,1202.0,62059734.0,0.78,-45000.0,0.0,-10000.0,0.0,64.50748109043613,64.50748109043613,64.50748109043613,64.50748109043613,64.50748109043613,39.27805071437911,37.740000000000066,36.20194928562102
2019-03-11,22.85982469253583,22.08390374996934,22.88966780571147,22.054060636793707,826.0,40995570.0,0.89,44000.0,0.0,0.0,0.0,67.42156420770657,67.42156420770657,67.42156420770657,67.42156420770657,67.42156420770657,39.47098695093275,37.90000000000007,36.32901304906739
2019-03-12,22.173433089496243,23.158255824292173,23.18809893746781,22.173433089496243,713.0,39241249.0,0.7,-74000.0,0.0,0.0,0.0,61.716551666889096,61.716551666889096,61.716551666889096,61.716551666889096,61.716551666889096,39.44918278828976,37.920000000000066,36.39081721171037
2019-03-13,21.785472618213,22.233119315847514,22.382334881725683,21.785472618213,465.0,21028851.0,0.68,-6000.0,0.0,0.0,0.0,58.69348399790903,58.69348399790903,58.69348399790903,58.69348399790903,58.69348399790903,39.58791553515838,37.670000000000066,35.75208446484175
2019-03-14,21.785472618213,21.964531297266802,22.412177994901317,21.785472618213,443.0,22804928.0,0.72,-16000.0,0.0,0.0,0.0,58.69348399790903,58.69348399790903,58.69348399790903,58.69348399790903,58.69348399790903,38.44696621065321,37.13000000000007,35.813033789346925
2019-03-15,20.47237563848509,21.785472618213,22.233119315847514,20.233630733080016,746.0,42052852.0,0.81,35000.0,0.0,14000.0,0.0,49.22810468226223,49.22810468226223,49.22810468226223,49.22810468226223,49.22810468226223,39.156146580682396,36.55000000000007,33.94385341931774
2019-03-18,20.59174809118763,20.711120543890168,20.86033610976834,20.442532525309456,610.0,27613285.0,0.81,22000.0,0.0,0.0,0.0,50.01725589238373,50.01725589238373,50.01725589238373,50.01725589238373,50.01725589238373,38.11241253871989,35.79000000000006,33.46758746128024
2019-03-19,21.278139694227217,20.59174809118763,21.57657082598356,20.59174809118763,534.0,22625299.0,0.85,17000.0,0.0,-2000.0,0.0,54.40560192561018,54.40560192561018,54.40560192561018,54.40560192561018,54.40560192561018,37.37933850857986,35.490000000000066,33.60066149142027
2019-03-20,21.158767241524682,21.57657082598356,21.695943278686098,21.09908101517341,493.0,25091874.0,0.71,-56000.0,0.0,0.0,0.0,53.52544941722424,53.52544941722424,53.52544941722424,53.52544941722424,53.52544941722424,36.885739704934544,35.280000000000065,33.67426029506559
2019-03-21,22.77029535300893,21.36766903375412,23.21794205064344,21.36766903375412,2048.0,117239222.0,0.8,29000.0,0.0,0.0,0.0,62.3748029641829,62.3748029641829,62.3748029641829,62.3748029641829,62.3748029641829,38.356197370912085,35.61000000000006,32.86380262908804
2019-03-22,22.471864221252584,22.680766013482025,22.680766013482025,21.964531297266802,1048.0,58155706.0,0.5,-116000.0,0.0,1000.0,0.0,60.0928328685173,60.0928328685173,60.0928328685173,60.0928328685173,60.0928328685173,39.05531980139252,36.28000000000007,33.50468019860762
2019-03-25,22.113746863144975,21.964531297266802,22.173433089496243,21.397512146929756,421.0,20851138.0,0.56,25000.0,0.0,-17000.0,0.0,57.37997496816939,57.37997496816939,57.37997496816939,57.37997496816939,57.37997496816939,38.9351340284474,36.79000000000006,34.644865971552726
2019-03-26,22.85982469253583,22.621079787130757,23.27762827699471,22.29280554219878,1500.0,89903381.0,0.57,3000.0,0.0,4203.0,0.0,61.29975362646511,61.29975362646511,61.29975362646511,61.29975362646511,61.29975362646511,39.38455806409086,37.320000000000064,35.25544193590927
2019-03-27,22.85982469253583,22.97919714523837,23.158255824292173,22.412177994901317,532.0,32085161.0,0.54,-12000.0,0.0,-1000.0,0.0,61.29975362646511,61.29975362646511,61.29975362646511,61.29975362646511,61.29975362646511,38.85622978633565,37.890000000000065,36.923770213664476
2019-03-28,22.20327620267188,22.85982469253583,22.97919714523837,22.20327620267188,414.0,20487451.0,0.48,-33000.0,0.0,0.0,0.0,56.0396389649249,56.0396389649249,56.0396389649249,56.0396389649249,56.0396389649249,38.75640901170046,37.70000000000007,36.64359098829967
2019-03-29,22.143589976320612,22.29280554219878,22.471864221252584,22.024217523618073,309.0,15716693.0,0.48,-1000.0,0.0,0.0,0.0,55.57277477623379,55.57277477623379,55.57277477623379,55.57277477623379,55.57277477623379,38.75344316578093,37.59000000000007,36.426556834219205
2019-04-01,21.93468818409117,22.621079787130757,22.621079787130757,21.93468818409117,294.0,14985977.0,0.51,12000.0,0.0,582.0,0.0,53.8808449031464,53.8808449031464,53.8808449031464,53.8808449031464,53.8808449031464,38.82243955371374,37.530000000000065,36.23756044628639
2019-04-02,21.606413939159197,22.024217523618073,22.143589976320612,21.457198373281024,448.0,22382632.0,0.55,16000.0,0.0,-38000.0,0.0,51.240775759325416,51.240775759325416,51.240775759325416,51.240775759325416,51.240775759325416,38.49043471414137,37.110000000000056,35.72956528585874
2019-04-03,22.591236673955123,21.516884599632288,22.621079787130757,21.516884599632288,694.0,36458554.0,0.79,97000.0,0.0,-11000.0,0.0,57.90457282732593,57.90457282732593,57.90457282732593,57.90457282732593,57.90457282732593,38.10554133961268,37.02000000000005,35.93445866038743
2019-04-08,23.307471390170342,22.591236673955123,23.725274974629226,22.233119315847514,1796.0,110246775.0,0.82,9000.0,0.0,0.0,0.0,61.97479846413374,61.97479846413374,61.97479846413374,61.97479846413374,61.97479846413374,39.36524682002193,37.39000000000006,35.414753179978185
2019-04-09,22.9195109188871,23.39700072969725,23.39700072969725,22.800138466184563,603.0,35109961.0,0.62,-76000.0,0.0,0.0,0.0,58.66588084936786,58.66588084936786,58.66588084936786,58.66588084936786,58.66588084936786,39.742844953647236,37.650000000000055,35.557155046352875
2019-04-10,23.934176766858666,23.247785163819078,25.187587520235304,23.247785163819078,4291.0,259858236.0,0.66,13000.0,0.0,3314.0,0.0,64.06917129547261,64.06917129547261,64.06917129547261,64.06917129547261,64.06917129547261,40.91584283037435,38.32000000000006,35.72415716962576
2019-04-11,22.740452239833296,23.874490540507395,24.20276478543937,22.680766013482025,1567.0,83495677.0,0.44,-92000.0,0.0,-4000.0,0.0,54.965697847919145,54.965697847919145,54.965697847919145,54.965697847919145,54.965697847919145,40.31369142031765,38.70000000000005,37.08630857968245
2019-04-12,22.77029535300893,23.06872648476527,23.33731450334598,22.561393560779486,576.0,31412133.0,0.43,-6000.0,0.0,0.0,0.0,55.13731786849675,55.13731786849675,55.13731786849675,55.13731786849675,55.13731786849675,40.261199520385794,38.760000000000055,37.258800479614315
2019-04-15,22.50170733442822,23.009040258414,23.06872648476527,22.442021108076954,470.0,23261119.0,0.47,16000.0,0.0,-99.0,0.0,53.17330050360405,53.17330050360405,53.17330050360405,53.17330050360405,53.17330050360405,40.16140659326404,38.49000000000005,36.81859340673606
2019-04-16,23.725274974629226,22.561393560779486,23.844647427331765,22.561393560779486,1082.0,60366088.0,0.57,39000.0,0.0,0.0,0.0,60.13912523643001,60.13912523643001,60.13912523643001,60.13912523643001,60.13912523643001,40.70051539545694,38.760000000000055,36.81948460454317
2019-04-17,23.576059408751053,23.934176766858666,24.471352804020082,23.33731450334598,1031.0,57921724.0,0.29,-142000.0,0.0,0.0,0.0,58.9867229925262,58.9867229925262,58.9867229925262,58.9867229925262,58.9867229925262,40.28608626748566,38.64000000000006,36.99391373251446
2019-04-18,22.800138466184563,23.784961200980494,24.11323544591247,22.680766013482025,1045.0,66537854.0,0.2,-37000.0,0.0,10271.0,0.0,53.27034991596433,53.27034991596433,53.27034991596433,53.27034991596433,53.27034991596433,40.281604144050924,38.66000000000006,37.0383958559492
2019-04-19,22.740452239833296,22.9195109188871,23.39700072969725,22.591236673955123,549.0,35374035.0,0.17,-19000.0,0.0,-271.0,0.0,52.84610115921369,52.84610115921369,52.84610115921369,52.84610115921369,52.84610115921369,40.284625339337516,38.650000000000055,37.015374660662594
2019-04-22,22.740452239833296,22.949354032062736,23.158255824292173,22.71060912665766,308.0,14251267.0,0.15,-8000.0,0.0,0.0,0.0,52.84610115921369,52.84610115921369,52.84610115921369,52.84610115921369,52.84610115921369,40.20186955943863,38.73000000000006,37.258130440561494
2019-04-23,23.695431861453592,22.800138466184563,23.934176766858666,22.442021108076954,1513.0,93173956.0,0.3,55000.0,0.0,0.0,0.0,58.91740839209124,58.91740839209124,58.91740839209124,58.91740839209124,58.91740839209124,40.16443760682185,38.72000000000006,37.27556239317828
2019-04-24,22.9195109188871,23.695431861453592,24.41166657766881,22.9195109188871,1920.0,126257232.0,0.27,-28000.0,0.0,2006.0,0.0,52.951816755562874,52.951816755562874,52.951816755562874,52.951816755562874,52.951816755562874,39.719836054558705,38.500000000000064,37.28016394544142
2019-04-25,23.009040258414,23.038883371589638,23.486530069224152,22.949354032062736,399.0,21348086.0,0.29,2000.0,0.0,-1006.0,0.0,53.53641192253335,53.53641192253335,53.53641192253335,53.53641192253335,53.53641192253335,39.752539639928024,38.570000000000064,37.387460360072104
2019-04-26,22.143589976320612,23.038883371589638,23.12841271111654,22.024217523618073,920.0,55328846.0,0.52,-78000.0,0.0,0.0,0.0,47.40453186353997,47.40453186353997,47.40453186353997,47.40453186353997,47.40453186353997,40.04044904142653,38.37000000000006,36.699550958573596
2019-04-29,21.487041486456658,22.262962429023144,22.442021108076954,21.487041486456658,485.0,30375872.0,0.43,-64000.0,0.0,0.0,0.0,43.34827390988309,43.34827390988309,43.34827390988309,43.34827390988309,43.34827390988309,40.503429066961424,37.95000000000006,35.396570933038696
2019-04-30,21.725786391861728,21.546727712807925,21.845158844564267,21.487041486456658,253.0,13460205.0,0.44,1000.0,0.0,0.0,0.0,45.18505203806089,45.18505203806089,45.18505203806089,45.18505203806089,45.18505203806089,39.35145579627655,37.29000000000006,35.22854420372358
2019-05-02,21.964531297266802,21.725786391861728,21.99437441044244,21.725786391861728,166.0,7499652.0,0.39,-19000.0,0.0,0.0,0.0,47.03441439850121,47.03441439850121,47.03441439850121,47.03441439850121,47.03441439850121,38.71539393834209,36.97000000000006,35.22460606165804
2019-05-03,22.08390374996934,21.964531297266802,22.233119315847514,21.785472618213,192.0,10991813.0,0.4,4000.0,0.0,0.0,0.0,47.97945954439287,47.97945954439287,47.97945954439287,47.97945954439287,47.97945954439287,37.47584312217619,36.66000000000006,35.844156877823934
2019-05-06,21.188610354700312,21.785472618213,21.785472618213,21.188610354700312,364.0,19838298.0,0.35,-65000.0,0.0,0.0,0.0,41.93592570252307,41.93592570252307,41.93592570252307,41.93592570252307,41.93592570252307,37.42517279730135,36.34000000000006,35.25482720269877
2019-05-07,21.66610016551046,21.337825920578485,21.8750019577399,21.337825920578485,236.0,13304727.0,0.34,-6000.0,0.0,-8000.0,0.0,45.85326586589879,45.85326586589879,45.85326586589879,45.85326586589879,45.85326586589879,37.43537432844545,36.400000000000055,35.36462567155466
2019-05-08,21.785472618213,21.516884599632288,22.442021108076954,21.516884599632288,586.0,31345334.0,0.27,-28000.0,0.0,-20000.0,0.0,46.81923456652773,46.81923456652773,46.81923456652773,46.81923456652773,46.81923456652773,37.458460398861305,36.42000000000006,35.38153960113881
2019-05-09,20.68127743071453,21.964531297266802,22.054060636793707,20.59174809118763,395.0,20504226.0,0.29,-26000.0,0.0,8000.0,0.0,39.75439433671845,39.75439433671845,39.75439433671845,39.75439433671845,39.75439433671845,37.64215011424613,35.99000000000006,34.33784988575399
2019-05-10,20.442532525309456,20.7409636570658,21.158767241524682,20.323160072606917,332.0,15416384.0,0.33,-9000.0,0.0,-4000.0,0.0,38.40500039579033,38.40500039579033,38.40500039579033,38.40500039579033,38.40500039579033,37.20793665044968,35.44000000000006,33.67206334955044
2019-05-13,19.218964885108456,20.442532525309456,20.561904978011995,19.159278658757184,414.0,20626982.0,0.36,9000.0,0.0,-2000.0,0.0,32.345391674574145,32.345391674574145,32.345391674574145,32.345391674574145,32.345391674574145,37.90704333196749,34.780000000000065,31.652956668032637
2019-05-14,19.517396016864797,18.502730168893233,19.517396016864797,18.502730168893233,235.0,10247908.0,0.51,62000.0,0.0,367.0,0.0,35.037665673499276,35.037665673499276,35.037665673499276,35.037665673499276,35.037665673499276,37.11247440611796,34.06000000000006,31.007525593882153
2019-05-15,19.875513374972407,19.66661158274297,20.084415167201847,19.57708224321606,246.0,12960239.0,0.49,-11000.0,0.0,0.0,0.0,38.21505523895553,38.21505523895553,38.21505523895553,38.21505523895553,38.21505523895553,35.25804243694327,33.42000000000006,31.581957563056843
2019-05-16,19.39802356416226,19.935199601323674,20.054572054026213,19.39802356416226,198.0,10302678.0,0.4,-33000.0,0.0,-298.0,0.0,35.7072777239694,35.7072777239694,35.7072777239694,35.7072777239694,35.7072777239694,34.44106857177894,32.99000000000006,31.538931428221172
2019-05-17,18.92053375335211,19.726297809094234,19.726297809094234,18.681788847947036,186.0,10442188.0,0.43,-20000.0,0.0,-6069.0,0.0,33.35038382429357,33.35038382429357,33.35038382429357,33.35038382429357,33.35038382429357,33.54131993291598,32.48000000000006,31.418680067084143
2019-05-20,18.05508347125872,19.010063092879015,19.010063092879015,17.78649545267801,302.0,15575590.0,0.61,46000.0,0.0,0.0,0.0,29.543978997321695,29.543978997321695,29.543978997321695,29.543978997321695,29.543978997321695,34.19561155012215,32.09000000000005,29.984388449877958
2019-05-21,18.592259508420135,17.816338565853645,18.681788847947036,17.756652339502377,217.0,9478878.0,0.74,71000.0,0.0,-9000.0,0.0,34.53813071916739,34.53813071916739,34.53813071916739,34.53813071916739,34.53813071916739,33.89149236323705,31.78000000000005,29.668507636763053
2019-05-22,18.860847527000843,18.62210262159577,19.45770979051353,18.62210262159577,294.0,15957081.0,0.65,-36000.0,0.0,0.0,0.0,36.94481494540921,36.94481494540921,36.94481494540921,36.94481494540921,36.94481494540921,32.91431339952112,31.440000000000055,29.965686600478993
2019-05-23,18.502730168893233,18.651945734771402,18.741475074298304,18.025240358083085,205.0,8338648.0,0.63,-20000.0,0.0,0.0,0.0,35.09228281256317,35.09228281256317,35.09228281256317,35.09228281256317,35.09228281256317,32.17421467791175,31.140000000000054,30.10578532208836
2019-05-24,18.204299037136888,18.502730168893233,18.83100441382521,18.204299037136888,105.0,6948918.0,0.46,-34000.0,0.0,15000.0,0.0,33.5811212971128,33.5811212971128,33.5811212971128,33.5811212971128,33.5811212971128,31.857078889124615,30.900000000000055,29.942921110875496
2019-05-27,17.995397244907448,18.443043942541962,18.443043942541962,17.965554131731817,106.0,4377115.0,0.48,-16000.0,0.0,0.0,0.0,32.525269669786034,32.525269669786034,32.525269669786034,32.525269669786034,32.525269669786034,31.893114011356413,30.88000000000006,29.866885988643705
2019-05-28,18.025240358083085,18.26398526348816,18.26398526348816,17.995397244907448,52.0,2000950.0,0.51,-1000.0,0.0,0.0,0.0,32.850087450644736,32.850087450644736,32.850087450644736,32.850087450644736,32.850087450644736,31.782520022703434,30.690000000000055,29.597479977296675
2019-05-29,18.025240358083085,17.995397244907448,18.05508347125872,17.905867905380546,71.0,3643130.0,0.52,2000.0,0.0,0.0,0.0,32.850087450644736,32.850087450644736,32.850087450644736,32.850087450644736,32.850087450644736,31.050000000006058,30.410000000000053,29.76999999999405
2019-05-30,18.741475074298304,18.234142150312525,18.950376866527744,18.234142150312525,314.0,15820612.0,0.6,28000.0,0.0,-10000.0,0.0,40.784497885062265,40.784497885062265,40.784497885062265,40.784497885062265,40.784497885062265,31.433186089808267,30.490000000000055,29.546813910191844
2019-05-31,19.12943554558155,18.77131818747394,19.636768469567333,18.5624163952445,544.0,25140926.0,0.73,14000.0,0.0,-5000.0,0.0,44.60282904168699,44.60282904168699,44.60282904168699,44.60282904168699,44.60282904168699,32.36588633048753,30.800000000000058,29.234113669512592
2019-06-03,19.099592432405917,18.83100441382521,19.33833733781099,18.83100441382521,178.0,8012030.0,0.78,1000.0,0.0,0.0,0.0,44.365840027184994,44.365840027184994,44.365840027184994,44.365840027184994,44.365840027184994,32.81875710764446,31.170000000000055,29.521242892355655
2019-06-04,18.741475074298304,19.45770979051353,19.45770979051353,18.681788847947036,222.0,10578457.0,0.51,-60000.0,0.0,0.0,0.0,41.515221533155035,41.515221533155035,41.515221533155035,41.515221533155035,41.515221533155035,32.743266665003,31.410000000000053,30.076733334997108
2019-06-05,18.651945734771402,19.099592432405917,19.099592432405917,18.592259508420135,117.0,5275480.0,0.5,-3000.0,0.0,0.0,0.0,40.80927156283196,40.80927156283196,40.80927156283196,40.80927156283196,40.80927156283196,32.291118469429115,31.62000000000005,30.948881530570983
2019-06-06,18.5624163952445,18.651945734771402,18.83100441382521,18.502730168893233,55.0,2185885.0,0.51,2000.0,0.0,100.0,0.0,40.07538497479929,40.07538497479929,40.07538497479929,40.07538497479929,40.07538497479929,32.343326241108585,31.56000000000005,30.776673758891512
2019-06-10,19.27865111145972,18.92053375335211,19.33833733781099,18.681788847947036,270.0,13731387.0,0.53,10000.0,0.0,3083.0,0.0,48.11422019761505,48.11422019761505,48.11422019761505,48.11422019761505,48.11422019761505,32.53173748974922,31.61000000000005,30.688262510250876
2019-06-11,19.24880799828409,19.099592432405917,19.66661158274297,18.98021997970338,248.0,14309705.0,0.61,29000.0,0.0,-1000.0,0.0,47.82632901552969,47.82632901552969,47.82632901552969,47.82632901552969,47.82632901552969,32.68254584249782,31.660000000000046,30.637454157502276
2019-06-12,19.159278658757184,19.33833733781099,19.48755290368916,19.159278658757184,79.0,3132442.0,0.64,13000.0,0.0,2000.0,0.0,46.919318043426095,46.919318043426095,46.919318043426095,46.919318043426095,46.919318043426095,32.83344085462566,31.800000000000047,30.76655914537444
2019-06-13,19.010063092879015,19.218964885108456,19.368180450986628,18.98021997970338,103.0,4781531.0,0.66,9000.0,0.0,0.0,0.0,45.37479771584341,45.37479771584341,45.37479771584341,45.37479771584341,45.37479771584341,32.79772433030509,31.920000000000044,31.042275669695005
2019-06-14,19.099592432405917,19.03990620605465,19.189121771932818,19.010063092879015,48.0,1855750.0,0.68,6000.0,0.0,0.0,0.0,46.512503951619955,46.512503951619955,46.512503951619955,46.512503951619955,46.512503951619955,32.428633534517246,32.100000000000044,31.771366465482842
2019-06-17,19.159278658757184,19.24880799828409,19.427866677337892,19.03990620605465,65.0,2542460.0,0.7,8000.0,0.0,914.0,0.0,47.30052316834505,47.30052316834505,47.30052316834505,47.30052316834505,47.30052316834505,32.32381811918238,32.060000000000045,31.79618188081771
2019-06-18,18.801161300649575,19.368180450986628,19.368180450986628,18.801161300649575,52.0,2129631.0,0.69,-3000.0,0.0,-1000.0,0.0,43.189078822733585,43.189078822733585,43.189078822733585,43.189078822733585,43.189078822733585,32.35899888642341,31.910000000000043,31.46100111357668
2019-06-19,19.39802356416226,19.03990620605465,19.57708224321606,19.010063092879015,206.0,9694061.0,0.79,37000.0,0.0,0.0,0.0,50.85617422390266,50.85617422390266,50.85617422390266,50.85617422390266,50.85617422390266,32.64238025721939,31.990000000000045,31.3376197427807
2019-06-20,19.33833733781099,19.57708224321606,19.57708224321606,19.218964885108456,91.0,4474321.0,0.79,1000.0,0.0,-2097.0,0.0,50.1276217789902,50.1276217789902,50.1276217789902,50.1276217789902,50.1276217789902,32.80427267447293,32.100000000000044,31.395727325527158
2019-06-21,18.83100441382521,19.517396016864797,19.517396016864797,18.83100441382521,113.0,4169999.0,0.75,-16000.0,0.0,2000.0,0.0,44.31618982787972,44.31618982787972,44.31618982787972,44.31618982787972,44.31618982787972,32.84522452071804,32.01000000000005,31.17477547928205
2019-06-24,18.83100441382521,18.950376866527744,18.98021997970338,18.801161300649575,48.0,2359031.0,0.74,-4000.0,0.0,673.0,0.0,44.31618982787972,44.31618982787972,44.31618982787972,44.31618982787972,44.31618982787972,32.80111042608979,31.900000000000052,30.998889573910315
2019-06-25,18.62210262159577,18.83100441382521,18.83100441382521,18.62210262159577,55.0,2506800.0,0.73,-2000.0,0.0,0.0,0.0,41.99139391800883,41.99139391800883,41.99139391800883,41.99139391800883,41.99139391800883,32.87033974979532,31.84000000000005,30.80966025020478
2019-06-26,18.323671489839427,18.62210262159577,18.62210262159577,18.293828376663793,105.0,4710808.0,0.72,-5000.0,0.0,-3673.0,0.0,38.855498654748274,38.855498654748274,38.855498654748274,38.855498654748274,38.855498654748274,32.59103555299035,31.480000000000047,30.368964447009745
2019-06-27,18.502730168893233,18.62210262159577,18.62210262159577,18.472887055717596,51.0,2241524.0,0.73,6000.0,0.0,99.0,0.0,41.6701713004662,41.6701713004662,41.6701713004662,41.6701713004662,41.6701713004662,31.85421708935875,31.200000000000045,30.54578291064134
2019-06-28,18.443043942541962,18.532573282068867,18.5624163952445,18.383357716190694,40.0,1673917.0,0.76,8000.0,0.0,1074.0,0.0,40.99277743671454,40.99277743671454,40.99277743671454,40.99277743671454,40.99277743671454,31.6482732918005,31.070000000000043,30.491726708199586
2019-07-01,18.741475074298304,18.711631961122674,18.801161300649575,18.532573282068867,84.0,3714126.0,0.75,24000.0,0.0,-468.0,0.0,45.7421198502114,45.7421198502114,45.7421198502114,45.7421198502114,45.7421198502114,31.5233218389542,31.040000000000042,30.556678161045884
2019-07-02,19.159278658757184,18.741475074298304,19.218964885108456,18.711631961122674,168.0,7284342.0,0.78,12000.0,0.0,0.0,0.0,51.6138018583957,51.6138018583957,51.6138018583957,51.6138018583957,51.6138018583957,32.21116093547368,31.220000000000045,30.22883906452641
2019-07-03,19.010063092879015,19.189121771932818,19.308494224635357,19.010063092879015,104.0,5571159.0,0.77,-8000.0,0.0,-27.0,0.0,49.551358987667506,49.551358987667506,49.551358987667506,49.551358987667506,49.551358987667506,32.38380940239962,31.450000000000045,30.516190597600474
2019-07-04,19.33833733781099,19.099592432405917,19.368180450986628,19.03990620605465,116.0,5145818.0,0.81,39000.0,0.0,0.0,0.0,53.914394421517756,53.914394421517756,53.914394421517756,53.914394421517756,53.914394421517756,32.78754432531667,31.730000000000047,30.672455674683427
2019-07-05,19.75614092226987,19.45770979051353,19.935199601323674,19.45770979051353,394.0,21847795.0,0.84,20000.0,0.0,-94.0,0.0,58.79837217514415,58.79837217514415,58.79837217514415,58.79837217514415,58.79837217514415,33.30771701227057,32.170000000000044,31.032282987729516
2019-07-08,19.517396016864797,19.96504271449931,19.994885827674945,19.45770979051353,131.0,6302220.0,0.78,4000.0,0.0,0.0,0.0,55.198537279628056,55.198537279628056,55.198537279628056,55.198537279628056,55.198537279628056,33.310000000005864,32.43000000000004,31.54999999999422
2019-07-09,19.517396016864797,19.427866677337892,19.517396016864797,19.368180450986628,43.0,1956032.0,0.79,4000.0,0.0,0.0,0.0,55.198537279628056,55.198537279628056,55.198537279628056,55.198537279628056,55.198537279628056,33.3794576541387,32.55000000000005,31.720542345861393
2019-07-10,20.770806770241432,19.6069253563917,20.770806770241432,19.308494224635357,610.0,35725637.0,0.84,31000.0,0.0,-5358.0,0.0,67.36429061989494,67.36429061989494,67.36429061989494,67.36429061989494,67.36429061989494,34.858604084718166,33.14000000000004,31.421395915281916
2019-07-11,20.054572054026213,20.59174809118763,20.59174809118763,19.994885827674945,604.0,29482560.0,0.68,-61000.0,0.0,15774.0,0.0,57.719058447461215,57.719058447461215,57.719058447461215,57.719058447461215,57.719058447461215,34.94665248220869,33.38000000000004,31.813347517791385
2019-07-12,20.054572054026213,19.994885827674945,20.263473846255653,19.994885827674945,134.0,5874898.0,0.68,0.0,0.0,0.0,0.0,57.71905844746122,57.71905844746122,57.71905844746122,57.71905844746122,57.71905844746122,35.02609184721007,33.48000000000004,31.93390815279001
2019-07-15,20.114258280377484,20.293316959431287,20.412689412133826,19.994885827674945,166.0,10384989.0,0.68,0.0,0.0,0.0,0.0,58.29615327496077,58.29615327496077,58.29615327496077,58.29615327496077,58.29615327496077,35.01506554146576,33.68000000000004,32.344934458534325
2019-07-16,19.994885827674945,20.114258280377484,20.233630733080016,19.90535648814804,133.0,6158520.0,0.7,9000.0,0.0,0.0,0.0,56.631308277730476,56.631308277730476,56.631308277730476,56.631308277730476,56.631308277730476,34.80829747495719,33.840000000000046,32.8717025250429
2019-07-17,19.96504271449931,20.17394450672875,20.17394450672875,19.81582714862114,78.0,3265267.0,0.75,18000.0,0.0,0.0,0.0,56.199203804855216,56.199203804855216,56.199203804855216,56.199203804855216,56.199203804855216,33.74435595777455,33.570000000000036,33.39564404222552
2019-07-18,19.6964546959186,19.935199601323674,20.054572054026213,19.6069253563917,137.0,6147792.0,0.45,4000.0,0.0,0.0,0.0,52.329265852577734,52.329265852577734,52.329265852577734,52.329265852577734,52.329265852577734,33.93166378316209,33.45000000000004,32.96833621683799
2019-07-19,19.427866677337892,19.81582714862114,19.81582714862114,19.427866677337892,241.0,11880226.0,0.44,-3000.0,0.0,0.0,0.0,48.716540376602765,48.716540376602765,48.716540376602765,48.716540376602765,48.716540376602765,34.06800966178479,33.240000000000045,32.4119903382153
2019-07-22,19.714978007544854,19.651175489721084,19.87448430210428,19.651175489721084,146.0,6061156.0,0.51,28000.0,0.0,0.0,0.0,38.28072121256403,38.28072121256403,38.28072121256403,38.28072121256403,38.28072121256403,34.58850727009545,32.68000000000005,30.771492729904647
2019-07-23,19.42786667733789,19.778780525368624,19.87448430210428,19.364064159514122,105.0,3632583.0,0.42,3000.0,0.0,0.0,0.0,36.014802155286205,36.014802155286205,36.014802155286205,36.014802155286205,36.014802155286205,34.43524840133339,32.07000000000004,29.704751598666697
2019-07-24,19.55547171298543,19.49166919516166,19.6192742308092,19.395965418426005,110.0,4342188.0,0.54,34774.0,0.0,0.0,0.0,37.777642209543274,37.777642209543274,37.777642209543274,37.777642209543274,37.777642209543274,33.61466149297461,31.51000000000004,29.405338507025473
2019-07-25,19.810681784280508,19.523570454073546,19.87448430210428,19.459767936249776,117.0,5423716.0,0.56,9000.0,0.0,0.0,0.0,41.26309443646718,41.26309443646718,41.26309443646718,41.26309443646718,41.26309443646718,32.60808601902226,31.120000000000044,29.631913980977828
2019-07-26,19.842583043192395,19.68307674863297,19.93828681992805,19.651175489721084,81.0,3168800.0,0.61,19000.0,0.0,0.0,0.0,41.702692593898064,41.702692593898064,41.702692593898064,41.702692593898064,41.702692593898064,31.32234134501256,30.830000000000048,30.337658654987536
2019-07-29,19.651175489721084,19.90638556101616,19.90638556101616,19.651175489721084,93.0,3492755.0,0.58,-11000.0,0.0,0.0,0.0,39.77900455224629,39.77900455224629,39.77900455224629,39.77900455224629,39.77900455224629,31.297442304286996,30.81000000000005,30.3225576957131
2019-07-30,19.17265660604281,19.6192742308092,19.651175489721084,19.076952829307157,120.0,5162185.0,0.5,-40000.0,0.0,0.0,0.0,35.38451453562047,35.38451453562047,35.38451453562047,35.38451453562047,35.38451453562047,31.485248303546378,30.730000000000047,29.974751696453716
2019-07-31,19.013150311483386,19.013150311483386,19.076952829307157,18.82174275801208,107.0,4751458.0,0.62,3000.0,0.0,0.0,0.0,34.03480215893844,34.03480215893844,34.03480215893844,34.03480215893844,34.03480215893844,31.62845683113993,30.56000000000005,29.49154316886017
2019-08-01,18.662236463452654,18.82174275801208,19.10885408821904,18.566532686717,74.0,3212879.0,0.63,1000.0,0.0,0.0,0.0,31.213927614192176,31.213927614192176,31.213927614192176,31.213927614192176,31.213927614192176,31.543130671234266,30.200000000000045,28.856869328765825
2019-08-02,18.05611254412684,18.50273016889323,18.50273016889323,17.832803731743645,197.0,8598743.0,0.6,-11000.0,0.0,0.0,0.0,27.044427975497282,27.044427975497282,27.044427975497282,27.044427975497282,27.044427975497282,31.310209567691828,29.64000000000005,27.969790432308272
2019-08-05,17.354284848065372,18.11991506195061,18.11991506195061,17.354284848065372,108.0,4343556.0,0.57,-19000.0,0.0,0.0,0.0,23.18291630135693,23.18291630135693,23.18291630135693,23.18291630135693,23.18291630135693,31.018189695906855,28.92000000000005,26.821810304093248
2019-08-06,17.226679812417835,16.907667223298986,17.226679812417835,16.588654634180138,306.0,11189847.0,0.66,36000.0,0.0,0.0,0.0,22.55240283522836,22.55240283522836,22.55240283522836,22.55240283522836,22.55240283522836,30.51036360631838,28.31000000000005,26.10963639368172
2019-08-07,17.099074776770294,17.194778553505948,17.354284848065372,16.716259669827675,204.0,7773546.0,0.62,-16000.0,0.0,0.0,0.0,21.910652228124334,21.910652228124334,21.910652228124334,21.910652228124334,21.910652228124334,29.567309882601986,27.710000000000047,25.852690117398108
2019-08-08,16.971469741122757,17.099074776770294,17.25858107132972,16.971469741122757,149.0,5978427.0,0.62,2000.0,0.0,0.0,0.0,21.259167259371967,21.259167259371967,21.259167259371967,21.259167259371967,21.259167259371967,28.369285499790355,27.180000000000046,25.990714500209737
2019-08-12,16.046333232678094,16.8757659643871,16.8757659643871,16.046333232678094,331.0,13491929.0,0.59,-16000.0,0.0,0.0,0.0,17.253693708366235,17.253693708366235,17.253693708366235,17.253693708366235,17.253693708366235,28.006021977860016,26.550000000000047,25.093978022140078
2019-08-13,16.01443197376621,15.950629455942439,16.365345821796943,15.950629455942439,153.0,5356880.0,0.68,34000.0,0.0,0.0,0.0,17.133813266670924,17.133813266670924,17.133813266670924,17.133813266670924,17.133813266670924,27.79084315936579,26.130000000000045,24.4691568406343
2019-08-14,17.226679812417835,16.524852116356367,17.609494919360454,16.429148339620713,748.0,32093787.0,0.76,34000.0,0.0,0.0,0.0,35.47944347108413,35.47944347108413,35.47944347108413,35.47944347108413,35.47944347108413,27.79084315936579,26.130000000000045,24.4691568406343
2019-08-15,17.099074776770294,16.843864705475216,17.194778553505948,16.748160928739562,217.0,7152709.0,0.76,-1000.0,0.0,22000.0,0.0,34.6108264632991,34.6108264632991,34.6108264632991,34.6108264632991,34.6108264632991,27.79084315936579,26.130000000000045,24.4691568406343
2019-08-16,17.545692401536684,17.162877294594065,17.705198696096108,17.162877294594065,174.0,6743286.0,0.79,12000.0,0.0,15000.0,0.0,40.13511565423194,40.13511565423194,40.13511565423194,40.13511565423194,40.13511565423194,28.298366163464713,26.31000000000005,24.321633836535383
2019-08-19,17.354284848065372,17.67329743718422,17.73709995500799,17.162877294594065,161.0,6924473.0,0.79,0.0,0.0,0.0,0.0,38.62888785107831,38.62888785107831,38.62888785107831,38.62888785107831,38.62888785107831,28.404755175095797,26.720000000000045,25.035244824904293
2019-08-20,17.099074776770294,17.290482330241606,17.38618610697726,17.099074776770294,136.0,5169575.0,0.83,13000.0,0.0,5000.0,0.0,36.653704417530676,36.653704417530676,36.653704417530676,36.653704417530676,36.653704417530676,27.59065996646658,27.06000000000005,26.52934003353352
2019-08-21,17.481889883712913,17.13097603568218,17.545692401536684,17.13097603568218,143.0,5684296.0,0.94,45000.0,0.0,-16000.0,0.0,41.48679627518379,41.48679627518379,41.48679627518379,41.48679627518379,41.48679627518379,27.727877538276225,27.14000000000005,26.552122461723876
2019-08-22,17.44998862480103,17.418087365889143,17.609494919360454,17.38618610697726,83.0,3346320.0,0.96,10000.0,0.0,0.0,0.0,41.20466343882597,41.20466343882597,41.20466343882597,41.20466343882597,41.20466343882597,27.739897948566675,27.25000000000005,26.760102051433424
2019-08-23,17.481889883712913,17.481889883712913,17.76900121391988,17.481889883712913,146.0,5859078.0,1.02,21000.0,0.0,0.0,0.0,41.63213011452929,41.63213011452929,41.63213011452929,41.63213011452929,41.63213011452929,27.68431266767362,27.230000000000054,26.775687332326488
2019-08-26,17.32238358915349,17.035272258946524,17.32238358915349,17.035272258946524,64.0,1858234.0,0.98,-15000.0,0.0,0.0,0.0,40.06370016122796,40.06370016122796,40.06370016122796,40.06370016122796,40.06370016122796,27.678693797658074,27.22000000000005,26.761306202342023
2019-08-27,17.928507508479303,17.32238358915349,18.31132261542192,17.290482330241606,338.0,13861203.0,1.0,17000.0,0.0,0.0,0.0,48.06986020123291,48.06986020123291,48.06986020123291,48.06986020123291,48.06986020123291,28.126838465158595,27.480000000000054,26.833161534841512
2019-08-28,17.99231002630307,18.151816320862494,18.24752009759815,17.641396178272338,151.0,5884943.0,0.98,-8000.0,0.0,0.0,0.0,48.84447881857068,48.84447881857068,48.84447881857068,48.84447881857068,48.84447881857068,28.49182157756739,27.64000000000005,26.78817842243271
2019-08-29,18.279421356510035,18.151816320862494,18.50273016889323,18.151816320862494,245.0,9741050.0,1.0,7000.0,0.0,3000.0,0.0,52.293109936326,52.293109936326,52.293109936326,52.293109936326,52.293109936326,28.99726933795148,27.900000000000052,26.802730662048624
2019-08-30,18.50273016889323,18.470828909981343,18.917446534747732,18.343223874333805,323.0,13998314.0,1.05,19000.0,0.0,6000.0,0.0,54.842989263860986,54.842989263860986,54.842989263860986,54.842989263860986,54.842989263860986,29.469959999363766,28.22000000000005,26.97004000063633
2019-09-02,18.757940240188308,18.598433945628884,18.917446534747732,18.566532686717,156.0,6323978.0,1.11,25000.0,0.0,0.0,0.0,57.63021059604696,57.63021059604696,57.63021059604696,57.63021059604696,57.63021059604696,29.644884608560886,28.67000000000005,27.695115391439217
2019-09-03,18.279421356510035,18.757940240188308,18.757940240188308,18.151816320862494,190.0,7740418.0,1.16,22000.0,0.0,1000.0,0.0,51.24358139522176,51.24358139522176,51.24358139522176,51.24358139522176,51.24358139522176,29.581498596385824,28.78000000000005,27.978501403614278
2019-09-04,18.37512513324569,18.31132261542192,18.50273016889323,18.215618838686265,120.0,5249059.0,1.31,56000.0,0.0,0.0,0.0,52.380222957744934,52.380222957744934,52.380222957744934,52.380222957744934,52.380222957744934,29.462138772909366,28.900000000000052,28.337861227090738
2019-09-05,18.37512513324569,18.343223874333805,18.50273016889323,18.215618838686265,100.0,4426182.0,1.38,28000.0,0.0,0.0,0.0,52.380222957744934,52.380222957744934,52.380222957744934,52.380222957744934,52.380222957744934,29.450000000007808,28.930000000000053,28.409999999992298
2019-09-06,18.24752009759815,18.50273016889323,18.566532686717,18.18371757977438,69.0,2647584.0,1.42,18000.0,0.0,0.0,0.0,50.55764272681481,50.55764272681481,50.55764272681481,50.55764272681481,50.55764272681481,29.422712842538626,28.85000000000005,28.277287157461476
2019-09-09,18.279421356510035,18.24752009759815,18.43892765106946,18.24752009759815,66.0,2843998.0,1.47,19000.0,0.0,0.0,0.0,51.016516955691024,51.016516955691024,51.016516955691024,51.016516955691024,51.016516955691024,28.867332005333424,28.700000000000053,28.53266799466668
2019-09-10,17.545692401536684,18.31132261542192,18.37512513324569,17.32238358915349,157.0,6957892.0,1.26,-10000.0,0.0,0.0,0.0,41.480785886406885,41.480785886406885,41.480785886406885,41.480785886406885,41.480785886406885,29.453056458200592,28.47000000000005,27.486943541799505
2019-09-11,17.641396178272338,17.609494919360454,17.76900121391988,17.545692401536684,82.0,3292908.0,1.11,25000.0,0.0,0.0,0.0,42.97793222886353,42.97793222886353,42.97793222886353,42.97793222886353,42.97793222886353,29.337998178509366,28.240000000000048,27.14200182149073
2019-09-12,17.67329743718422,17.832803731743645,17.960408767391186,17.641396178272338,70.0,2232353.0,1.16,18000.0,0.0,0.0,0.0,43.496853922758426,43.496853922758426,43.496853922758426,43.496853922758426,43.496853922758426,29.01719606899052,28.02000000000005,27.02280393100958
2019-09-16,17.418087365889143,17.481889883712913,17.481889883712913,17.25858107132972,60.0,1817885.0,1.16,3000.0,0.0,0.0,0.0,40.33450175769095,40.33450175769095,40.33450175769095,40.33450175769095,40.33450175769095,28.69252345815491,27.760000000000055,26.8274765418452
2019-09-17,17.32238358915349,17.194778553505948,17.32238358915349,17.194778553505948,36.0,1192828.0,1.16,0.0,0.0,0.0,0.0,39.18402620274723,39.18402620274723,39.18402620274723,39.18402620274723,39.18402620274723,27.876653333131056,27.460000000000054,27.043346666869052
2019-09-18,17.418087365889143,17.25858107132972,17.44998862480103,17.226679812417835,65.0,2638471.0,1.16,-2000.0,0.0,0.0,0.0,40.99646525778869,40.99646525778869,40.99646525778869,40.99646525778869,40.99646525778869,27.8517406629091,27.420000000000055,26.98825933709101
2019-09-19,17.38618610697726,17.290482330241606,17.44998862480103,17.162877294594065,64.0,2382304.0,1.13,-13000.0,0.0,0.0,0.0,40.562520833387055,40.562520833387055,40.562520833387055,40.562520833387055,40.562520833387055,27.716297754456576,27.340000000000053,26.96370224554353
2019-09-20,17.38618610697726,17.226679812417835,17.513791142624797,17.226679812417835,51.0,2283050.0,1.12,-4000.0,0.0,0.0,0.0,40.56252083338705,40.56252083338705,40.56252083338705,40.56252083338705,40.56252083338705,27.35954451154131,27.250000000000057,27.140455488458805
2019-09-23,17.418087365889143,17.25858107132972,17.44998862480103,17.226679812417835,42.0,1495750.0,1.1,-6000.0,0.0,0.0,0.0,41.283327020337175,41.283327020337175,41.283327020337175,41.283327020337175,41.283327020337175,27.35954451154131,27.250000000000057,27.140455488458805
2019-09-24,17.481889883712913,17.290482330241606,17.577593660448567,17.290482330241606,70.0,2644503.0,1.1,0.0,0.0,0.0,0.0,42.777965293753915,42.777965293753915,42.777965293753915,42.777965293753915,42.777965293753915,27.40954451153923,27.300000000000058,27.190455488460884
2019-09-25,17.32238358915349,17.481889883712913,17.481889883712913,17.290482330241606,40.0,1615110.0,1.05,-19000.0,0.0,0.0,0.0,40.034297272799904,40.034297272799904,40.034297272799904,40.034297272799904,40.034297272799904,27.432480768118563,27.270000000000056,27.10751923188155
2019-09-26,17.38618610697726,17.418087365889143,17.609494919360454,17.354284848065372,57.0,2196277.0,1.04,-6000.0,0.0,0.0,0.0,41.64651217611259,41.64651217611259,41.64651217611259,41.64651217611259,41.64651217611259,27.432480768118563,27.270000000000056,27.10751923188155
2019-09-27,16.93956848221087,17.38618610697726,17.38618610697726,16.811963446563333,104.0,3875742.0,0.97,-27000.0,0.0,-7000.0,0.0,34.62820050080847,34.62820050080847,34.62820050080847,34.62820050080847,34.62820050080847,27.731996677738536,27.13000000000006,26.528003322261583
2019-10-01,16.588654634180138,16.748160928739562,16.748160928739562,16.365345821796943,117.0,4669030.0,0.95,-6000.0,0.0,0.0,0.0,30.30663529159792,30.30663529159792,30.30663529159792,30.30663529159792,30.30663529159792,27.914222198580312,26.87000000000006,25.82577780141981
2019-10-02,16.652457152003908,16.365345821796943,16.652457152003908,16.365345821796943,52.0,2012917.0,0.94,-5000.0,0.0,-1000.0,0.0,31.96905113544119,31.96905113544119,31.96905113544119,31.96905113544119,31.96905113544119,27.644214677911975,26.61000000000006,25.575785322088144
2019-10-03,16.461049598532597,16.429148339620713,16.652457152003908,16.429148339620713,48.0,1909618.0,0.92,-4000.0,0.0,0.0,0.0,29.68165057453152,29.68165057453152,29.68165057453152,29.68165057453152,29.68165057453152,27.374214677911976,26.34000000000006,25.305785322088145
2019-10-04,16.33344456288506,16.716259669827675,16.716259669827675,16.33344456288506,62.0,2553650.0,0.9,-8000.0,0.0,0.0,0.0,28.231415021519844,28.231415021519844,28.231415021519844,28.231415021519844,28.231415021519844,26.65000000000713,26.01000000000006,25.369999999992988
2019-10-07,16.26964204506129,16.33344456288506,16.397247080708826,16.173938268325635,55.0,2363864.0,0.89,-4000.0,0.0,0.0,0.0,27.50771318477759,27.50771318477759,27.50771318477759,27.50771318477759,27.50771318477759,26.256070170049775,25.800000000000058,25.34392982995034
2019-10-08,15.759221902471129,16.01443197376621,16.142037009413748,15.56781434899982,210.0,7267500.0,0.86,-13000.0,0.0,-4000.0,0.0,22.53156732723892,22.53156732723892,22.53156732723892,22.53156732723892,22.53156732723892,26.474665715649188,25.540000000000056,24.605334284350924
2019-10-09,15.56781434899982,15.56781434899982,15.8230244202949,15.50401183117605,69.0,3422702.0,0.85,-4000.0,0.0,3000.0,0.0,20.997573291257446,20.997573291257446,20.997573291257446,20.997573291257446,20.997573291257446,26.29544511501487,25.200000000000056,24.10455488498524
2019-10-14,15.759221902471129,15.63161686682359,15.886826938118668,15.63161686682359,57.0,2005811.0,0.85,3000.0,0.0,0.0,0.0,26.394276532048476,26.394276532048476,26.394276532048476,26.394276532048476,26.394276532048476,25.938331884061924,24.980000000000057,24.02166811593819
2019-10-15,15.8230244202949,15.8230244202949,15.854925679206785,15.69541938464736,53.0,1832974.0,0.86,1000.0,0.0,0.0,0.0,28.156017021116288,28.156017021116288,28.156017021116288,28.156017021116288,28.156017021116288,25.551026675306474,24.820000000000057,24.08897332469364
2019-10-16,15.727320643559244,15.854925679206785,15.854925679206785,15.727320643559244,50.0,2134330.0,0.84,-6000.0,0.0,0.0,0.0,27.107917674289283,27.107917674289283,27.107917674289283,27.107917674289283,27.107917674289283,24.91832815731804,24.650000000000055,24.38167184268207
2019-10-17,16.237740786149402,15.759221902471129,16.588654634180138,15.759221902471129,145.0,5080435.0,0.85,2000.0,0.0,-3000.0,0.0,39.947374276199064,39.947374276199064,39.947374276199064,39.947374276199064,39.947374276199064,25.501427116676684,24.800000000000058,24.09857288332343
2019-10-18,16.20583952723752,16.461049598532597,16.461049598532597,16.110135750501865,75.0,2476085.0,0.73,-11000.0,0.0,0.0,0.0,39.479315277586295,39.479315277586295,39.479315277586295,39.479315277586295,39.479315277586295,25.701427116676356,25.000000000000057,24.298572883323757
2019-10-21,16.301543303973173,16.492950857444484,16.492950857444484,16.20583952723752,47.0,2172840.0,0.72,-5000.0,0.0,0.0,0.0,41.68673861769745,41.68673861769745,41.68673861769745,41.68673861769745,41.68673861769745,25.909188744509073,25.170000000000055,24.430811255491037
2019-10-22,16.33344456288506,16.33344456288506,16.461049598532597,16.20583952723752,63.0,2048095.0,0.71,-3000.0,0.0,0.0,0.0,42.44037727071773,42.44037727071773,42.44037727071773,42.44037727071773,42.44037727071773,26.02455021417327,25.33000000000006,24.635449785826847
2019-10-23,16.237740786149402,16.26964204506129,16.429148339620713,16.237740786149402,42.0,1274550.0,0.69,-6000.0,0.0,0.0,0.0,40.739332740896316,40.739332740896316,40.739332740896316,40.739332740896316,40.739332740896316,25.636969384593467,25.49000000000006,25.34303061540665
2019-10-24,16.429148339620713,16.301543303973173,16.429148339620713,16.110135750501865,100.0,4065883.0,0.7,1000.0,0.0,0.0,0.0,45.44863681781418,45.44863681781418,45.44863681781418,45.44863681781418,45.44863681781418,25.79494897429497,25.550000000000058,25.305051025705144
2019-10-25,16.33344456288506,16.397247080708826,16.397247080708826,16.26964204506129,37.0,1511954.0,0.6,0.0,0.0,0.0,0.0,43.58367999657998,43.58367999657998,43.58367999657998,43.58367999657998,43.58367999657998,25.783907194320445,25.590000000000053,25.39609280567966
2019-10-28,16.20583952723752,16.33344456288506,16.33344456288506,16.20583952723752,56.0,1987700.0,0.62,9000.0,0.0,0.0,0.0,41.15856907652868,41.15856907652868,41.15856907652868,41.15856907652868,41.15856907652868,25.80819347293819,25.560000000000052,25.311806527061915
2019-10-29,16.142037009413748,16.20583952723752,16.33344456288506,16.078234491589978,60.0,1527396.0,0.63,4000.0,0.0,0.0,0.0,39.96127259056304,39.96127259056304,39.96127259056304,39.96127259056304,39.96127259056304,25.816227766031126,25.500000000000053,25.18377223396898
2019-10-30,17.38618610697726,16.142037009413748,17.73709995500799,16.142037009413748,364.0,17070838.0,0.66,13000.0,0.0,0.0,0.0,62.72939369371444,62.72939369371444,62.72939369371444,62.72939369371444,62.72939369371444,27.284640305484,25.860000000000053,24.435359694516105
2019-10-31,17.099074776770294,17.418087365889143,17.481889883712913,17.035272258946524,228.0,9775859.0,0.58,-33000.0,0.0,0.0,0.0,57.326644329416474,57.326644329416474,57.326644329416474,57.326644329416474,57.326644329416474,27.666997182216814,26.070000000000057,24.4730028177833
2019-11-01,16.971469741122757,17.099074776770294,17.099074776770294,16.843864705475216,93.0,5216576.0,0.59,3000.0,0.0,0.0,0.0,55.0569968157233,55.0569968157233,55.0569968157233,55.0569968157233,55.0569968157233,27.83153770367813,26.270000000000056,24.708462296321983
2019-11-04,17.44998862480103,16.971469741122757,17.928507508479303,16.971469741122757,450.0,18963488.0,0.57,-6000.0,0.0,0.0,0.0,61.25231486885294,61.25231486885294,61.25231486885294,61.25231486885294,61.25231486885294,28.128877122161278,26.660000000000053,25.19112287783883
2019-11-05,17.44998862480103,17.44998862480103,17.864704990655532,17.354284848065372,144.0,5503700.0,0.49,-31000.0,0.0,0.0,0.0,61.25231486885294,61.25231486885294,61.25231486885294,61.25231486885294,61.25231486885294,27.69161081072297,27.070000000000057,26.448389189277144
2019-11-06,17.38618610697726,17.354284848065372,17.44998862480103,17.290482330241606,69.0,2549901.0,0.45,-13000.0,0.0,0.0,0.0,59.97389971515694,59.97389971515694,59.97389971515694,59.97389971515694,59.97389971515694,27.69161081072297,27.070000000000057,26.448389189277144
2019-11-07,17.194778553505948,17.354284848065372,17.354284848065372,16.971469741122757,103.0,4772330.0,0.41,-15000.0,0.0,0.0,0.0,56.1853055288484,56.1853055288484,56.1853055288484,56.1853055288484,56.1853055288484,27.679655069853727,27.10000000000006,26.52034493014639
2019-11-08,16.8757659643871,17.25858107132972,17.354284848065372,16.8757659643871,67.0,3464462.0,0.38,-2000.0,0.0,12000.0,0.0,50.463576821631804,50.463576821631804,50.463576821631804,50.463576821631804,50.463576821631804,27.755857127984765,27.070000000000057,26.38414287201535
2019-11-11,16.748160928739562,16.8757659643871,16.93956848221087,16.652457152003908,76.0,3376938.0,0.38,-2000.0,0.0,0.0,0.0,48.3428653854775,48.3428653854775,48.3428653854775,48.3428653854775,48.3428653854775,27.71717933555164,26.85000000000006,25.982820664448475
2019-11-12,16.811963446563333,16.652457152003908,16.811963446563333,16.652457152003908,24.0,682400.0,0.39,4000.0,0.0,0.0,0.0,49.4859295300416,49.4859295300416,49.4859295300416,49.4859295300416,49.4859295300416,27.419415362472293,26.650000000000055,25.880584637527818
2019-11-13,16.907667223298986,16.811963446563333,16.971469741122757,16.811963446563333,67.0,2497975.0,0.4,7000.0,0.0,0.0,0.0,51.22924394101541,51.22924394101541,51.22924394101541,51.22924394101541,51.22924394101541,26.981663783159743,26.500000000000057,26.01833621684037
2019-11-14,17.290482330241606,17.099074776770294,17.481889883712913,17.099074776770294,201.0,7870171.0,0.4,-2000.0,0.0,0.0,0.0,57.541349026474585,57.541349026474585,57.541349026474585,57.541349026474585,57.541349026474585,27.1253150426518,26.530000000000058,25.934684957348317
2019-11-15,18.50273016889323,17.354284848065372,19.013150311483386,17.354284848065372,1524.0,84956124.0,0.46,24000.0,0.0,0.0,0.0,70.54282922265803,70.54282922265803,70.54282922265803,70.54282922265803,70.54282922265803,29.086851240322098,27.040000000000056,24.993148759678014
2019-11-18,20.321101926870668,18.630335204540767,20.35300318578255,18.630335204540767,2051.0,102613874.0,0.42,-16000.0,0.0,0.0,0.0,80.29166096064515,80.29166096064515,80.29166096064515,80.29166096064515,80.29166096064515,32.30506936009617,28.160000000000053,24.014930639903938
2019-11-19,19.778780525368624,20.6720157749014,20.79962081054894,19.523570454073546,1442.0,69461107.0,0.38,-17000.0,0.0,0.0,0.0,72.57696051667338,72.57696051667338,72.57696051667338,72.57696051667338,72.57696051667338,33.27970166002395,29.090000000000053,24.900298339976153
2019-11-20,20.257299409046897,19.970188078839932,21.11863339966779,19.90638556101616,2220.0,112248588.0,0.38,0.0,0.0,0.0,0.0,74.87124185603247,74.87124185603247,74.87124185603247,74.87124185603247,74.87124185603247,33.805733214516096,30.140000000000054,26.474266785484012
2019-11-21,19.87448430210428,19.90638556101616,20.033990596663703,19.523570454073546,650.0,32189449.0,0.42,18000.0,0.0,1000.0,0.0,69.83746217550399,69.83746217550399,69.83746217550399,69.83746217550399,69.83746217550399,33.00815451315153,30.950000000000056,28.89184548684858
2019-11-22,19.587372971897313,20.161595632311244,20.41680570360632,19.587372971897313,550.0,25237232.0,0.38,-18000.0,0.0,0.0,0.0,66.24039909586858,66.24039909586858,66.24039909586858,66.24039909586858,66.24039909586858,32.1740814442153,31.290000000000056,30.40591855578481
2019-11-25,19.93828681992805,19.810681784280508,20.73581829272517,19.810681784280508,1006.0,48810969.0,0.38,0.0,0.0,0.0,0.0,68.38380334834866,68.38380334834866,68.38380334834866,68.38380334834866,68.38380334834866,31.858767014312964,31.170000000000055,30.481232985687146
2019-11-26,19.810681784280508,20.193496891223127,20.35300318578255,19.810681784280508,473.0,24154968.0,0.35,0.0,0.0,0.0,0.0,66.72480450325968,66.72480450325968,66.72480450325968,66.72480450325968,66.72480450325968,31.86000000000365,31.180000000000057,30.49999999999646
2019-11-27,19.459767936249776,19.87448430210428,19.93828681992805,19.459767936249776,379.0,18718445.0,0.35,0.0,0.0,0.0,0.0,62.25215756375607,62.25215756375607,62.25215756375607,62.25215756375607,62.25215756375607,31.497802782667613,30.930000000000057,30.3621972173325
2019-11-28,19.076952829307157,19.332162900602235,19.523570454073546,18.82174275801208,482.0,22644129.0,0.35,0.0,0.0,-8000.0,0.0,57.70767803283066,57.70767803283066,57.70767803283066,57.70767803283066,57.70767803283066,31.61936148526809,30.680000000000057,29.740638514732023
2019-11-29,18.566532686717,19.045051570395273,19.332162900602235,18.566532686717,240.0,9468015.0,0.37,7000.0,0.0,0.0,0.0,52.23254871163595,52.23254871163595,52.23254871163595,52.23254871163595,52.23254871163595,31.931496102446676,30.36000000000006,28.788503897553444
2019-12-02,17.99231002630307,18.662236463452654,18.757940240188308,17.705198696096108,310.0,12678757.0,0.36,-4000.0,0.0,0.0,0.0,46.84755815213724,46.84755815213724,46.84755815213724,46.84755815213724,46.84755815213724,31.769900987673804,29.750000000000057,27.73009901232631
2019-12-03,18.566532686717,17.800902472831762,18.694137722364538,17.800902472831762,243.0,9410489.0,0.41,17000.0,0.0,0.0,0.0,52.15917865728695,52.15917865728695,52.15917865728695,52.15917865728695,52.15917865728695,30.92767343538309,29.36000000000006,27.792326564617028
2019-12-04,18.279421356510035,18.50273016889323,18.694137722364538,18.279421356510035,224.0,8505571.0,0.37,-33000.0,0.0,0.0,0.0,49.49583527535602,49.49583527535602,49.49583527535602,49.49583527535602,49.49583527535602,30.118538878375944,28.99000000000006,27.861461121624174
2019-12-05,18.31132261542192,18.407026392157576,18.694137722364538,18.31132261542192,162.0,6641325.0,0.38,-28000.0,0.0,0.0,0.0,49.80253990823725,49.80253990823725,49.80253990823725,49.80253990823725,49.80253990823725,29.419328021232314,28.750000000000057,28.0806719787678
2019-12-06,18.757940240188308,18.37512513324569,18.82174275801208,18.37512513324569,188.0,6895181.0,0.43,19000.0,0.0,0.0,0.0,54.01310112924714,54.01310112924714,54.01310112924714,54.01310112924714,54.01310112924714,29.630731381151314,28.81000000000006,27.989268618848804
2019-12-09,18.11991506195061,18.18371757977438,18.43892765106946,17.928507508479303,296.0,12565250.0,0.43,-1000.0,0.0,0.0,0.0,47.839588739530335,47.839588739530335,47.839588739530335,47.839588739530335,47.839588739530335,29.55992957397707,28.85000000000006,28.140070426023048
2019-12-10,18.151816320862494,18.24752009759815,18.50273016889323,18.151816320862494,129.0,5612481.0,0.44,5000.0,0.0,0.0,0.0,48.158642789584846,48.158642789584846,48.158642789584846,48.158642789584846,48.158642789584846,29.437216843087107,28.720000000000056,28.002783156913004
2019-12-11,18.11991506195061,18.151816320862494,18.343223874333805,18.05611254412684,126.0,5749730.0,0.45,3000.0,0.0,0.0,0.0,47.843483053929255,47.843483053929255,47.843483053929255,47.843483053929255,47.843483053929255,29.43315136113883,28.670000000000055,27.90684863886128
2019-12-12,19.6192742308092,18.31132261542192,19.651175489721084,18.31132261542192,785.0,36144682.0,0.5,-24000.0,0.0,0.0,0.0,60.821017329024265,60.821017329024265,60.821017329024265,60.821017329024265,60.821017329024265,30.91586491878029,29.08000000000005,27.244135081219813
2019-12-13,19.651175489721084,20.129694373399357,20.289200667958784,19.587372971897313,1842.0,100375868.0,0.32,-110000.0,0.0,0.0,0.0,61.04312041448168,61.04312041448168,61.04312041448168,61.04312041448168,61.04312041448168,31.67119016958982,29.360000000000053,27.048809830410285
2019-12-16,20.448706962518205,19.523570454073546,20.60821325707763,19.23645912386658,938.0,52589351.0,0.49,35000.0,0.0,0.0,0.0,66.2016057122819,66.2016057122819,66.2016057122819,66.2016057122819,66.2016057122819,32.9642999147633,30.090000000000053,27.215700085236808
2019-12-17,20.41680570360632,20.831522069460824,21.884263613553024,20.41680570360632,3715.0,194427075.0,0.42,-30000.0,0.0,0.0,0.0,65.82613070308592,65.82613070308592,65.82613070308592,65.82613070308592,65.82613070308592,33.44801812682746,30.800000000000058,28.151981873172648
2019-12-18,20.6720157749014,20.22539815013501,20.959127105108365,20.22539815013501,860.0,40154300.0,0.44,-14000.0,0.0,0.0,0.0,67.41820101379388,67.41820101379388,67.41820101379388,67.41820101379388,67.41820101379388,32.97549990912609,31.60000000000006,30.22450009087402
2019-12-19,20.289200667958784,20.480608221430092,20.73581829272517,20.289200667958784,376.0,19795604.0,0.51,-20000.0,0.0,0.0,0.0,62.69964501064968,62.69964501064968,62.69964501064968,62.69964501064968,62.69964501064968,32.891480466769906,31.81000000000006,30.728519533230216
2019-12-20,20.129694373399357,20.257299409046897,20.41680570360632,19.87448430210428,356.0,18169781.0,0.53,3000.0,0.0,0.0,0.0,60.79049064642934,60.79049064642934,60.79049064642934,60.79049064642934,60.79049064642934,32.523560112148985,31.960000000000058,31.396439887851127
2019-12-23,19.842583043192395,20.161595632311244,20.161595632311244,19.810681784280508,151.0,5841646.0,0.57,8000.0,0.0,0.0,0.0,57.402339736200226,57.402339736200226,57.402339736200226,57.402339736200226,57.402339736200226,32.64086164228559,31.77000000000006,30.899138357714527
2019-12-24,19.90638556101616,19.90638556101616,20.257299409046897,19.778780525368624,119.0,5239391.0,0.53,1000.0,0.0,0.0,0.0,57.963039755171344,57.963039755171344,57.963039755171344,57.963039755171344,57.963039755171344,32.54466571564627,31.61000000000006,30.67533428435385
2019-12-25,19.970188078839932,19.90638556101616,20.065891855575586,19.842583043192395,195.0,8160150.0,0.65,46000.0,0.0,0.0,0.0,58.55059380204859,58.55059380204859,58.55059380204859,58.55059380204859,58.55059380204859,31.897543101621537,31.39000000000006,30.882456898378585
2019-12-26,19.746879266456737,19.970188078839932,20.097793114487473,19.651175489721084,150.0,5888329.0,0.62,-17000.0,0.0,0.0,0.0,55.620355082749704,55.620355082749704,55.620355082749704,55.620355082749704,55.620355082749704,31.622988833596974,31.220000000000063,30.81701116640315
2019-12-27,19.746879266456737,19.87448430210428,20.033990596663703,19.746879266456737,170.0,7309370.0,0.66,18000.0,0.0,0.0,0.0,55.62035508274972,55.62035508274972,55.62035508274972,55.62035508274972,55.62035508274972,31.375680975048503,31.100000000000062,30.82431902495162
2019-12-30,19.30026164169035,19.746879266456737,19.842583043192395,19.204557864954698,295.0,13897238.0,0.7,7000.0,0.0,0.0,0.0,49.835292365070124,49.835292365070124,49.835292365070124,49.835292365070124,49.835292365070124,31.663757453116247,30.930000000000064,30.19624254688388
2019-12-31,19.045051570395273,19.204557864954698,19.49166919516166,19.045051570395273,205.0,10129357.0,0.78,30000.0,0.0,3000.0,0.0,46.83741497341208,46.83741497341208,46.83741497341208,46.83741497341208,46.83741497341208,31.719056183591437,30.660000000000064,29.60094381640869
2020-01-02,19.90638556101616,19.332162900602235,20.065891855575586,19.204557864954698,511.0,23711306.0,0.84,23000.0,0.0,2000.0,0.0,56.37558271681922,56.37558271681922,56.37558271681922,56.37558271681922,56.37558271681922,31.65271911209538,30.640000000000065,29.62728088790475
2020-01-03,19.364064159514122,19.93828681992805,20.129694373399357,19.364064159514122,277.0,12856500.0,0.7,-63000.0,0.0,0.0,0.0,50.26108777900762,50.26108777900762,50.26108777900762,50.26108777900762,50.26108777900762,31.498979060043084,30.520000000000067,29.54102093995705
2020-01-06,18.949347793659616,19.140755347130927,19.140755347130927,18.78984149910019,261.0,11935869.0,0.7,0.0,0.0,-2000.0,0.0,46.139874686700175,46.139874686700175,46.139874686700175,46.139874686700175,46.139874686700175,31.31804580052743,30.270000000000067,29.221954199472705
2020-01-07,18.566532686717,19.013150311483386,19.013150311483386,18.43892765106946,173.0,7136525.0,0.62,-27000.0,0.0,-1000.0,0.0,42.662421690617,42.662421690617,42.662421690617,42.662421690617,42.662421690617,31.447693148382644,30.040000000000067,28.63230685161749
2020-01-08,18.279421356510035,18.18371757977438,18.566532686717,18.11991506195061,139.0,5466100.0,0.62,-2000.0,0.0,0.0,0.0,40.21441521521164,40.21441521521164,40.21441521521164,40.21441521521164,40.21441521521164,31.607761046157222,29.800000000000068,27.992238953842914
2020-01-09,18.470828909981343,18.50273016889323,18.630335204540767,18.37512513324569,82.0,2991350.0,0.61,3000.0,0.0,0.0,0.0,42.579922327135336,42.579922327135336,42.579922327135336,42.579922327135336,42.579922327135336,30.561610498470195,29.35000000000007,28.138389501529943
2020-01-10,17.864704990655532,18.05611254412684,18.31132261542192,17.73709995500799,406.0,18346136.0,0.56,-19000.0,0.0,0.0,0.0,37.51759933015073,37.51759933015073,37.51759933015073,37.51759933015073,37.51759933015073,29.99462998344896,28.88000000000007,27.76537001655118
2020-01-13,18.11991506195061,17.800902472831762,18.24752009759815,17.800902472831762,141.0,5125079.0,0.64,32000.0,0.0,0.0,0.0,40.71369967297749,40.71369967297749,40.71369967297749,40.71369967297749,40.71369967297749,29.406384130055777,28.62000000000007,27.83361586994436
2020-01-14,18.18371757977438,18.151816320862494,18.279421356510035,18.024211285214957,105.0,4946423.0,0.62,-3000.0,0.0,0.0,0.0,41.519081041841964,41.519081041841964,41.519081041841964,41.519081041841964,41.519081041841964,29.122896460098822,28.500000000000068,27.877103539901313
2020-01-15,17.99231002630307,18.18371757977438,18.18371757977438,17.960408767391186,83.0,2500970.0,0.59,-3000.0,0.0,0.0,0.0,39.77347319968602,39.77347319968602,39.77347319968602,39.77347319968602,39.77347319968602,29.050000000003582,28.410000000000064,27.769999999996546
2020-01-16,18.024211285214957,18.151816320862494,18.151816320862494,17.928507508479303,42.0,1287500.0,0.59,1000.0,0.0,0.0,0.0,40.22455489444866,40.22455489444866,40.22455489444866,40.22455489444866,40.22455489444866,28.61409301068946,28.27000000000006,27.92590698931066
2020-01-17,17.896606249567416,18.05611254412684,18.088013803038727,17.864704990655532,103.0,4105490.0,0.54,-23000.0,0.0,0.0,0.0,38.967330737454326,38.967330737454326,38.967330737454326,38.967330737454326,38.967330737454326,28.59368774283352,28.280000000000065,27.96631225716661
2020-01-20,18.024211285214957,17.896606249567416,18.11991506195061,17.896606249567416,69.0,2157042.0,0.55,5000.0,0.0,0.0,0.0,40.95475719170253,40.95475719170253,40.95475719170253,40.95475719170253,40.95475719170253,28.53982753493141,28.250000000000064,27.96017246506872
2020-01-30,16.237740786149402,16.26964204506129,16.907667223298986,16.237740786149402,278.0,11877665.0,0.53,-19000.0,0.0,-5000.0,0.0,27.468813919711238,27.468813919711238,27.468813919711238,27.468813919711238,27.468813919711238,29.8349031869323,27.64000000000006,25.44509681306782
2020-01-31,16.078234491589978,15.854925679206785,16.237740786149402,15.8230244202949,174.0,5316894.0,0.52,-3000.0,0.0,0.0,0.0,26.625778261334034,26.625778261334034,26.625778261334034,26.625778261334034,26.625778261334034,29.84884317825091,27.04000000000006,24.23115682174921
2020-02-03,14.802184135114583,15.184999242057202,15.184999242057202,14.483171545995734,328.0,14246543.0,0.56,14000.0,0.0,-34000.0,0.0,21.057838802431387,21.057838802431387,21.057838802431387,21.057838802431387,21.057838802431387,29.829263086442865,26.030000000000058,22.23073691355725
2020-02-04,15.24880175988097,14.897887911850239,15.24880175988097,14.802184135114583,150.0,5189215.0,0.65,35000.0,0.0,-6000.0,0.0,26.825560857682373,26.825560857682373,26.825560857682373,26.825560857682373,26.825560857682373,28.670446657133343,25.200000000000056,21.72955334286677
2020-02-05,15.312604277704741,15.312604277704741,15.63161686682359,15.216900500969087,190.0,7140772.0,0.64,11000.0,0.0,0.0,0.0,27.63892859842022,27.63892859842022,27.63892859842022,27.63892859842022,27.63892859842022,26.042335664106847,24.35000000000006,22.65766433589327
2020-02-06,15.854925679206785,15.408308054440395,16.078234491589978,15.408308054440395,143.0,4819371.0,0.69,23000.0,0.0,0.0,0.0,34.32165039202702,34.32165039202702,34.32165039202702,34.32165039202702,34.32165039202702,25.657725463808713,24.230000000000057,22.8022745361914
2020-02-07,15.50401183117605,15.854925679206785,15.950629455942439,15.376406795528512,119.0,4552747.0,0.63,-27000.0,0.0,0.0,0.0,32.24645579301917,32.24645579301917,32.24645579301917,32.24645579301917,32.24645579301917,25.127032961430903,24.050000000000058,22.972967038569212
2020-02-10,15.057394206409663,15.216900500969087,15.24880175988097,14.70648035837893,159.0,4643232.0,0.66,13000.0,0.0,-2000.0,0.0,29.778625205025726,29.778625205025726,29.778625205025726,29.778625205025726,29.778625205025726,24.977584804021692,24.13000000000006,23.282415195978427
2020-02-11,15.344505536616627,15.121196724233432,15.472110572264166,15.121196724233432,103.0,3104788.0,0.7,15000.0,0.0,0.0,0.0,33.31192658288228,33.31192658288228,33.31192658288228,33.31192658288228,33.31192658288228,24.98316462509556,24.160000000000057,23.336835374904553
2020-02-12,15.599715607911705,15.56781434899982,15.63161686682359,15.312604277704741,118.0,3335932.0,0.73,24000.0,0.0,0.0,0.0,36.37643969531024,36.37643969531024,36.37643969531024,36.37643969531024,36.37643969531024,25.08186537372867,24.250000000000057,23.418134626271442
2020-02-13,15.69541938464736,15.69541938464736,15.918728197030553,15.69541938464736,131.0,4574458.0,0.67,7000.0,0.0,0.0,0.0,37.53564805026077,37.53564805026077,37.53564805026077,37.53564805026077,37.53564805026077,24.901427116676032,24.200000000000056,23.49857288332408
2020-02-14,16.01443197376621,15.69541938464736,16.078234491589978,15.69541938464736,153.0,4282679.0,0.74,27000.0,0.0,0.0,0.0,41.37028909031013,41.37028909031013,41.37028909031013,41.37028909031013,41.37028909031013,25.374692071521284,24.36000000000006,23.345307928478835
2020-02-17,15.886826938118668,15.886826938118668,16.078234491589978,15.69541938464736,112.0,3169989.0,0.73,-4000.0,0.0,0.0,0.0,40.304453569952244,40.304453569952244,40.304453569952244,40.304453569952244,40.304453569952244,25.34828565824645,24.62000000000006,23.891714341753673
2020-02-18,15.69541938464736,15.69541938464736,15.918728197030553,15.663518125735475,80.0,2598587.0,0.72,-3000.0,0.0,0.0,0.0,38.694096135410284,38.694096135410284,38.694096135410284,38.694096135410284,38.694096135410284,25.201593044909472,24.730000000000064,24.258406955090656
2020-02-19,15.854925679206785,15.69541938464736,15.886826938118668,15.63161686682359,82.0,2210776.0,0.7,9000.0,0.0,0.0,0.0,40.81624194793586,40.81624194793586,40.81624194793586,40.81624194793586,40.81624194793586,25.19157568057556,24.810000000000066,24.428424319424572
2020-02-20,15.663518125735475,15.759221902471129,15.854925679206785,15.63161686682359,145.0,6137028.0,0.69,4000.0,0.0,0.0,0.0,39.06854515356141,39.06854515356141,39.06854515356141,39.06854515356141,39.06854515356141,25.20496913463452,24.800000000000065,24.39503086536561
2020-02-21,15.918728197030553,15.63161686682359,15.918728197030553,15.63161686682359,96.0,3453196.0,0.69,3000.0,0.0,0.0,0.0,42.597815401192676,42.597815401192676,42.597815401192676,42.597815401192676,42.597815401192676,25.096190128617405,24.770000000000064,24.443809871382722
2020-02-24,15.886826938118668,15.759221902471129,15.886826938118668,15.663518125735475,75.0,1784773.0,0.68,-7000.0,0.0,0.0,0.0,42.268241928572735,42.268241928572735,42.268241928572735,42.268241928572735,42.268241928572735,25.096190128616016,24.770000000000067,24.44380987138412
2020-02-25,15.535913090087936,15.535913090087936,15.63161686682359,15.312604277704741,107.0,3606825.0,0.66,-6000.0,0.0,0.0,0.0,38.719517873971505,38.719517873971505,38.719517873971505,38.719517873971505,38.719517873971505,25.18303347611887,24.720000000000066,24.256966523881264
2020-02-26,15.472110572264166,15.376406795528512,15.69541938464736,15.344505536616627,72.0,2171150.0,0.66,0.0,0.0,6000.0,0.0,38.09329549272613,38.09329549272613,38.09329549272613,38.09329549272613,38.09329549272613,25.16568542495508,24.60000000000007,24.03431457504506
2020-02-27,14.961690429674007,15.50401183117605,15.50401183117605,14.929789170762122,106.0,3989263.0,0.54,-47000.0,0.0,-1000.0,0.0,33.434551775089936,33.434551775089936,33.434551775089936,33.434551775089936,33.434551775089936,25.467382177528517,24.38000000000007,23.292617822471623
2020-03-02,15.153097983145317,14.227961474700656,15.153097983145317,14.227961474700656,111.0,3975430.0,0.6,23000.0,0.0,-5000.0,0.0,36.567464500880206,36.567464500880206,36.567464500880206,36.567464500880206,36.567464500880206,25.144788534969834,24.140000000000068,23.135211465030302
2020-03-03,15.376406795528512,15.50401183117605,15.69541938464736,15.312604277704741,66.0,2025645.0,0.61,2001.0,0.0,0.0,0.0,40.10900673150965,40.10900673150965,40.10900673150965,40.10900673150965,40.10900673150965,24.648131723544974,23.980000000000068,23.31186827645516
2020-03-04,15.344505536616627,15.312604277704741,15.376406795528512,15.216900500969087,46.0,1056484.0,0.57,2000.0,0.0,0.0,0.0,39.76742513099112,39.76742513099112,39.76742513099112,39.76742513099112,39.76742513099112,24.491314274289397,23.92000000000007,23.34868572571074
2020-03-05,15.44020931335228,15.44020931335228,15.63161686682359,15.44020931335228,70.0,1571212.0,0.58,4999.0,0.0,0.0,0.0,41.38030511997613,41.38030511997613,41.38030511997613,41.38030511997613,41.38030511997613,24.459181208715922,23.91000000000007,23.36081879128422
2020-03-06,15.44020931335228,15.376406795528512,15.56781434899982,15.184999242057202,60.0,1275660.0,0.58,0.0,0.0,0.0,0.0,41.380305119976136,41.380305119976136,41.380305119976136,41.380305119976136,41.380305119976136,24.391058907154967,24.06000000000007,23.728941092845172
2020-03-09,14.674579099467044,15.24880175988097,15.24880175988097,14.610776581643274,150.0,5239829.0,0.49,-35000.0,0.0,0.0,0.0,33.145481362445125,33.145481362445125,33.145481362445125,33.145481362445125,33.145481362445125,24.827387595298028,23.91000000000007,22.992612404702115
2020-03-10,14.738381617290814,14.355566510348195,14.802184135114583,14.100356439053117,135.0,4813456.0,0.5,3000.0,0.0,0.0,0.0,34.31850585759577,34.31850585759577,34.31850585759577,34.31850585759577,34.31850585759577,24.795172797303252,23.710000000000072,22.624827202696892
2020-03-11,14.419369028171966,14.961690429674007,14.993591688585893,14.419369028171966,121.0,3591837.0,0.45,-20000.0,0.0,0.0,0.0,31.356047113179898,31.356047113179898,31.356047113179898,31.356047113179898,31.356047113179898,24.73696621065494,23.420000000000073,22.103033789345204
2020-03-12,12.983812377137147,14.419369028171966,14.419369028171966,12.983812377137147,319.0,12742620.0,0.47,8000.0,0.0,0.0,0.0,22.107691325375793,22.107691325375793,22.107691325375793,22.107691325375793,22.107691325375793,25.182982431839463,22.650000000000073,20.117017568160684
2020-03-13,11.994873350868714,11.70776202066175,12.122478386516253,11.70776202066175,284.0,10665045.0,0.55,33000.0,0.0,4000.0,0.0,18.138676813587473,18.138676813587473,18.138676813587473,18.138676813587473,18.138676813587473,24.988537699076716,21.57000000000007,18.151462300923427
2020-03-16,11.484453208278556,12.122478386516253,12.377688457811331,11.356848172631016,177.0,4896573.0,0.47,-17000.0,0.0,0.0,0.0,16.49287121757232,16.49287121757232,16.49287121757232,16.49287121757232,16.49287121757232,24.600682324372567,20.57000000000007,16.539317675627576
2020-03-17,10.846428030040858,11.165440619159707,11.548255726102326,10.686921735481434,185.0,5039190.0,0.45,0.0,0.0,-4000.0,0.0,14.69765899965375,14.69765899965375,14.69765899965375,14.69765899965375,14.69765899965375,23.27020407632177,19.350000000000072,15.429795923678373
2020-03-18,10.52741544092201,10.942131806776512,11.133539360247822,10.52741544092201,106.0,2375445.0,0.42,0.0,0.0,4000.0,0.0,13.88391789897277,13.88391789897277,13.88391789897277,13.88391789897277,13.88391789897277,20.861739372636105,18.130000000000074,15.398260627364042
2020-03-19,9.474673896829808,9.761785227036773,9.95319278050808,9.474673896829808,224.0,6666278.0,0.43,4000.0,0.0,0.0,0.0,11.601255435151721,11.601255435151721,11.601255435151721,11.601255435151721,11.601255435151721,19.7293332510104,17.030000000000076,14.330666748989753
2020-03-20,10.39981040527447,10.39981040527447,10.39981040527447,10.39981040527447,99.0,3371263.0,0.43,0.0,0.0,0.0,0.0,23.503763179657643,23.503763179657643,23.503763179657643,23.503763179657643,23.503763179657643,18.580950998929715,16.530000000000076,14.479049001070436
2020-03-23,10.782625512217088,10.016995298331851,11.101638101335936,10.016995298331851,230.0,4822486.0,0.45,8000.0,0.0,0.0,0.0,27.833824034342104,27.833824034342104,27.833824034342104,27.833824034342104,27.833824034342104,17.857126368468514,16.310000000000077,14.762873631531638
2020-03-24,11.612058243926095,11.069736842424053,11.70776202066175,10.942131806776512,218.0,4905879.0,0.47,6000.0,0.0,-4000.0,0.0,36.25335754399713,36.25335754399713,36.25335754399713,36.25335754399713,36.25335754399713,18.704065922856326,16.550000000000075,14.395934077143822
2020-03-25,12.664799788018298,11.994873350868714,12.728602305842065,11.994873350868714,232.0,5815112.0,0.47,1000.0,0.0,0.0,0.0,45.02088886943569,45.02088886943569,45.02088886943569,45.02088886943569,45.02088886943569,20.61917637083019,17.220000000000077,13.820823629169967
2020-03-26,12.537194752370755,12.664799788018298,12.664799788018298,12.058675868692482,219.0,4809586.0,0.44,-13000.0,0.0,0.0,0.0,44.22685899519589,44.22685899519589,44.22685899519589,44.22685899519589,44.22685899519589,21.02576878892312,18.18000000000008,15.334231211077043
2020-03-27,12.56909601128264,12.664799788018298,13.047614894960915,12.505293493458874,161.0,4558305.0,0.44,2000.0,0.0,0.0,0.0,44.49044069157432,44.49044069157432,44.49044069157432,44.49044069157432,44.49044069157432,21.15556093363004,18.86000000000008,16.564439066370124
2020-03-30,12.56909601128264,12.122478386516253,12.56909601128264,12.122478386516253,82.0,1524293.0,0.49,19000.0,0.0,0.0,0.0,44.490440691574314,44.490440691574314,44.490440691574314,44.490440691574314,44.490440691574314,20.647354879408525,19.42000000000008,18.192645120591635
2020-03-31,12.600997270194526,12.664799788018298,12.76050356475395,12.56909601128264,104.0,2322706.0,0.49,-2000.0,0.0,0.0,0.0,44.79302989255792,44.79302989255792,44.79302989255792,44.79302989255792,44.79302989255792,19.865646599689143,19.730000000000082,19.59435340031102
2020-04-01,12.951911118225262,12.313885939987562,12.951911118225262,12.313885939987562,115.0,2434154.0,0.57,34000.0,0.0,0.0,0.0,48.14176463659093,48.14176463659093,48.14176463659093,48.14176463659093,48.14176463659093,20.304148737484056,19.820000000000082,19.33585126251611
2020-04-06,13.175219930608453,12.792404823665837,13.175219930608453,12.728602305842065,105.0,3242511.0,0.57,0.0,0.0,0.0,0.0,50.211459259287736,50.211459259287736,50.211459259287736,50.211459259287736,50.211459259287736,20.79614431648176,20.020000000000085,19.243855683518408
2020-04-07,13.334726225167879,13.27092370734411,13.526133778639188,13.27092370734411,140.0,4237913.0,0.63,21000.0,0.0,0.0,0.0,51.69446251119961,51.69446251119961,51.69446251119961,51.69446251119961,51.69446251119961,21.213729521408943,20.260000000000083,19.306270478591223
2020-04-08,13.845146367758037,13.20712118952034,13.845146367758037,13.175219930608453,128.0,3590373.0,0.66,13000.0,0.0,0.0,0.0,56.19130507458372,56.19130507458372,56.19130507458372,56.19130507458372,56.19130507458372,21.95522198869808,20.660000000000082,19.364778011302082
2020-04-09,13.749442591022383,13.972751403405576,14.036553921229347,13.494232519727303,151.0,3868916.0,0.6,-22000.0,0.0,0.0,0.0,55.154545558720116,55.154545558720116,55.154545558720116,55.154545558720116,55.154545558720116,22.08320270880356,21.02000000000008,19.9567972911966
2020-04-10,13.685640073198613,13.621837555374844,13.813245108846152,13.621837555374844,71.0,1728994.0,0.6,-1000.0,0.0,0.0,0.0,54.43349035012908,54.43349035012908,54.43349035012908,54.43349035012908,54.43349035012908,22.057465169531646,21.25000000000008,20.442534830468517
2020-04-13,13.366627484079764,13.621837555374844,13.621837555374844,13.27092370734411,111.0,3321036.0,0.62,8000.0,0.0,0.0,0.0,50.8536471794921,50.8536471794921,50.8536471794921,50.8536471794921,50.8536471794921,21.95930732323465,21.310000000000084,20.660692676765517
2020-04-14,13.813245108846152,13.39852874299165,13.877047626669922,13.39852874299165,119.0,3396208.0,0.68,25000.0,0.0,0.0,0.0,55.28711192980823,55.28711192980823,55.28711192980823,55.28711192980823,55.28711192980823,21.998144961888165,21.460000000000086,20.921855038112007
2020-04-15,13.908948885581808,13.877047626669922,13.940850144493693,13.717541332110498,153.0,3824202.0,0.72,16000.0,0.0,0.0,0.0,56.198943149278335,56.198943149278335,56.198943149278335,56.198943149278335,56.198943149278335,22.05827329179681,21.480000000000086,20.901726708203363
2020-04-16,14.004652662317461,13.653738814286728,14.004652662317461,13.621837555374844,100.0,2053783.0,0.78,21000.0,0.0,0.0,0.0,57.140217832425336,57.140217832425336,57.140217832425336,57.140217832425336,57.140217832425336,22.25397406291948,21.560000000000088,20.866025937080696
2020-04-17,14.068455180141232,14.802184135114583,14.802184135114583,14.068455180141232,194.0,4843357.0,0.73,-18000.0,0.0,0.0,0.0,57.79143493953407,57.79143493953407,57.79143493953407,57.79143493953407,57.79143493953407,22.458716893360645,21.680000000000085,20.901283106639525
2020-04-20,14.291763992524425,14.100356439053117,14.355566510348195,14.100356439053117,124.0,1608839.0,0.77,15000.0,0.0,0.0,0.0,60.07778735375645,60.07778735375645,60.07778735375645,60.07778735375645,60.07778735375645,22.478330601090722,21.970000000000084,21.461669398909446
2020-04-21,14.227961474700656,14.738381617290814,14.738381617290814,13.940850144493693,153.0,4691095.0,0.74,-12000.0,0.0,0.0,0.0,59.09288223023002,59.09288223023002,59.09288223023002,59.09288223023002,59.09288223023002,22.54271887242972,22.100000000000083,21.657281127570446
2020-04-22,14.45127028708385,14.132257697965,14.51507280490762,14.132257697965,103.0,3358544.0,0.8,26000.0,0.0,0.0,0.0,61.473515904293784,61.473515904293784,61.473515904293784,61.473515904293784,61.473515904293784,22.770399840132853,22.270000000000085,21.769600159867316
2020-04-23,14.674579099467044,14.674579099467044,14.674579099467044,14.419369028171966,111.0,3706146.0,0.81,13000.0,0.0,0.0,0.0,63.74567234676503,63.74567234676503,63.74567234676503,63.74567234676503,63.74567234676503,23.126838465156165,22.480000000000082,21.833161534844
2020-04-24,14.70648035837893,14.674579099467044,14.738381617290814,14.483171545995734,62.0,1630969.0,0.83,6000.0,0.0,0.0,0.0,64.07166111321426,64.07166111321426,64.07166111321426,64.07166111321426,64.07166111321426,23.28860496219214,22.680000000000085,22.07139503780803
2020-04-27,14.642677840555159,14.674579099467044,14.738381617290814,14.45127028708385,132.0,4311308.0,0.85,9000.0,0.0,0.0,0.0,62.85437416727242,62.85437416727242,62.85437416727242,62.85437416727242,62.85437416727242,23.35356011214861,22.790000000000084,22.22643988785156
2020-04-28,14.642677840555159,14.674579099467044,14.674579099467044,14.51507280490762,106.0,2475270.0,0.85,2000.0,0.0,0.0,0.0,62.85437416727242,62.85437416727242,62.85437416727242,62.85437416727242,62.85437416727242,23.200000000007172,22.920000000000087,22.639999999993
2020-04-29,14.674579099467044,14.642677840555159,14.70648035837893,14.57887532273139,138.0,4087791.0,0.65,13000.0,0.0,0.0,0.0,63.259150900465336,63.259150900465336,63.259150900465336,63.259150900465336,63.259150900465336,23.064833147762634,22.990000000000087,22.91516685223754
2020-04-30,14.865986652938354,14.770282876202698,14.961690429674007,14.770282876202698,118.0,3737986.0,0.72,28000.0,0.0,0.0,0.0,65.67595920458325,65.67595920458325,65.67595920458325,65.67595920458325,65.67595920458325,23.310768096214705,23.05000000000009,22.789231903785474
2020-05-04,14.738381617290814,14.802184135114583,14.834085394026468,14.674579099467044,92.0,2600708.0,0.73,4000.0,0.0,0.0,0.0,62.71418319997676,62.71418319997676,62.71418319997676,62.71418319997676,62.71418319997676,23.32381811917208,23.060000000000088,22.796181880828094
2020-05-05,14.70648035837893,14.929789170762122,14.961690429674007,14.70648035837893,76.0,2617573.0,0.7,0.0,0.0,0.0,0.0,61.96187631162816,61.96187631162816,61.96187631162816,61.96187631162816,61.96187631162816,23.32166091947928,23.080000000000087,22.838339080520893
2020-05-06,14.738381617290814,14.865986652938354,14.865986652938354,14.610776581643274,78.0,2847560.0,0.72,8000.0,0.0,0.0,0.0,62.447006734933694,62.447006734933694,62.447006734933694,62.447006734933694,62.447006734933694,23.313960780552758,23.11000000000009,22.90603921944742
2020-05-07,14.802184135114583,14.865986652938354,14.993591688585893,14.802184135114583,69.0,2301277.0,0.77,18000.0,0.0,0.0,0.0,63.450997306667304,63.450997306667304,63.450997306667304,63.450997306667304,63.450997306667304,23.328885438210666,23.150000000000087,22.97111456178951
2020-05-08,14.610776581643274,14.802184135114583,14.865986652938354,14.610776581643274,126.0,5408821.0,0.77,0.0,0.0,0.0,0.0,58.406133247088896,58.406133247088896,58.406133247088896,58.406133247088896,58.406133247088896,23.265959179430638,23.07000000000009,22.87404082056954
2020-05-11,14.355566510348195,14.610776581643274,14.610776581643274,14.227961474700656,155.0,5238889.0,0.79,9000.0,0.0,0.0,0.0,52.4214216063983,52.4214216063983,52.4214216063983,52.4214216063983,52.4214216063983,23.439897948559754,22.95000000000009,22.46010205144043
2020-05-12,14.674579099467044,14.32366525143631,14.770282876202698,14.32366525143631,81.0,2681987.0,0.83,15000.0,0.0,0.0,0.0,58.1887259806582,58.1887259806582,58.1887259806582,58.1887259806582,58.1887259806582,23.423321838947192,22.94000000000009,22.456678161052988
2020-05-13,14.929789170762122,14.483171545995734,14.961690429674007,14.483171545995734,102.0,3256979.0,0.86,10000.0,0.0,0.0,0.0,62.14230356349989,62.14230356349989,62.14230356349989,62.14230356349989,62.14230356349989,23.606630035526415,23.000000000000092,22.39336996447377
2020-05-14,15.153097983145317,14.993591688585893,15.344505536616627,14.897887911850239,268.0,8498495.0,0.81,-18000.0,0.0,0.0,0.0,65.23954495190787,65.23954495190787,65.23954495190787,65.23954495190787,65.23954495190787,23.968836422144996,23.110000000000092,22.251163577855188
2020-05-15,14.993591688585893,15.312604277704741,15.312604277704741,14.674579099467044,112.0,3483559.0,0.73,-31000.0,0.0,0.0,0.0,61.376919442264196,61.376919442264196,61.376919442264196,61.376919442264196,61.376919442264196,24.10544274513121,23.230000000000093,22.354557254868975
2020-05-18,14.738381617290814,14.929789170762122,15.025492947497778,14.70648035837893,83.0,2537092.0,0.68,-25000.0,0.0,0.0,0.0,55.69502987625709,55.69502987625709,55.69502987625709,55.69502987625709,55.69502987625709,23.894058820352686,23.35000000000009,22.805941179647494
2020-05-19,14.770282876202698,14.993591688585893,15.025492947497778,14.674579099467044,89.0,3439251.0,0.68,2000.0,0.0,0.0,0.0,56.240355844994816,56.240355844994816,56.240355844994816,56.240355844994816,56.240355844994816,23.85581509013826,23.38000000000009,22.90418490986192
2020-05-20,14.770282876202698,14.770282876202698,14.865986652938354,14.610776581643274,30.0,658597.0,0.69,3000.0,0.0,0.0,0.0,56.2403558449948,56.2403558449948,56.2403558449948,56.2403558449948,56.2403558449948,23.838330601088938,23.33000000000009,22.821669398911244
2020-05-21,14.674579099467044,14.865986652938354,14.929789170762122,14.674579099467044,34.0,888350.0,0.6,1451.0,0.0,0.0,0.0,53.93078598836115,53.93078598836115,53.93078598836115,53.93078598836115,53.93078598836115,23.518230690511125,23.180000000000092,22.84176930948906
2020-05-22,14.483171545995734,14.674579099467044,14.674579099467044,14.483171545995734,77.0,2780869.0,0.57,-14000.0,0.0,0.0,0.0,49.548244892118056,49.548244892118056,49.548244892118056,49.548244892118056,49.548244892118056,23.358230690511125,23.020000000000092,22.68176930948906
2020-05-25,14.45127028708385,14.546974063819505,14.546974063819505,14.355566510348195,56.0,1411848.0,0.56,-2000.0,0.0,0.0,0.0,48.83594597332667,48.83594597332667,48.83594597332667,48.83594597332667,48.83594597332667,23.361740662902292,22.930000000000092,22.498259337097892
2020-05-26,14.483171545995734,14.45127028708385,14.610776581643274,14.45127028708385,50.0,2183772.0,0.56,0.0,0.0,0.0,0.0,49.61597639332132,49.61597639332132,49.61597639332132,49.61597639332132,49.61597639332132,23.23698866482969,22.840000000000092,22.443011335170496
2020-05-27,14.610776581643274,14.483171545995734,14.770282876202698,14.45127028708385,71.0,2954840.0,0.58,7000.0,0.0,0.0,0.0,52.72096405031761,52.72096405031761,52.72096405031761,52.72096405031761,52.72096405031761,23.061293199330446,22.790000000000095,22.518706800669744
2020-05-28,14.738381617290814,14.802184135114583,14.929789170762122,14.70648035837893,128.0,5281946.0,0.56,-10000.0,0.0,0.0,0.0,55.663444998853706,55.663444998853706,55.663444998853706,55.663444998853706,55.663444998853706,23.147045990931396,22.810000000000095,22.472954009068793
2020-05-29,14.834085394026468,14.738381617290814,14.834085394026468,14.610776581643274,38.0,1486685.0,0.55,-1000.0,0.0,0.0,0.0,57.785481426079556,57.785481426079556,57.785481426079556,57.785481426079556,57.785481426079556,23.378693797650683,22.920000000000094,22.461306202349505
2020-06-01,14.897887911850239,14.929789170762122,14.993591688585893,14.834085394026468,35.0,1308923.0,0.57,6000.0,0.0,0.0,0.0,59.18788626767538,59.18788626767538,59.18788626767538,59.18788626767538,59.18788626767538,23.530744091841395,23.060000000000095,22.589255908158794
2020-06-02,15.057394206409663,14.929789170762122,15.057394206409663,14.865986652938354,76.0,3726155.0,0.6,14000.0,0.0,0.0,0.0,62.538479127313565,62.538479127313565,62.538479127313565,62.538479127313565,62.538479127313565,23.710744091840912,23.240000000000094,22.769255908159277
2020-06-03,14.961690429674007,15.057394206409663,15.121196724233432,14.961690429674007,63.0,2412809.0,0.59,-5000.0,0.0,0.0,0.0,59.388064772282064,59.388064772282064,59.388064772282064,59.388064772282064,59.388064772282064,23.690587727323273,23.350000000000094,23.009412272676915
2020-06-04,15.121196724233432,14.961690429674007,15.121196724233432,14.738381617290814,105.0,5906799.0,0.61,9000.0,0.0,0.0,0.0,62.75561870176573,62.75561870176573,62.75561870176573,62.75561870176573,62.75561870176573,23.796190128611855,23.47000000000009,23.143809871388328
2020-06-05,16.110135750501865,15.057394206409663,16.397247080708826,15.057394206409663,371.0,16070970.0,0.62,1925.0,0.0,0.0,0.0,76.02785575042506,76.02785575042506,76.02785575042506,76.02785575042506,76.02785575042506,25.270856880628024,23.870000000000093,22.469143119372163
2020-06-08,16.33344456288506,16.173938268325635,17.226679812417835,16.173938268325635,565.0,21312795.0,0.49,-49000.0,0.0,0.0,0.0,77.93955133076611,77.93955133076611,77.93955133076611,77.93955133076611,77.93955133076611,26.144938355124427,24.32000000000009,22.49506164487575
2020-06-09,16.397247080708826,16.461049598532597,16.524852116356367,16.01443197376621,107.0,4139379.0,0.47,-10267.0,0.0,0.0,0.0,78.46789318775143,78.46789318775143,78.46789318775143,78.46789318775143,78.46789318775143,26.67225257148323,24.74000000000009,22.80774742851695
2020-06-10,16.237740786149402,16.397247080708826,16.397247080708826,16.142037009413748,81.0,3009725.0,0.45,-8000.0,0.0,0.0,0.0,73.7147616302742,73.7147616302742,73.7147616302742,73.7147616302742,73.7147616302742,26.61159777113273,25.140000000000093,23.668402228867457
2020-06-11,15.727320643559244,15.950629455942439,16.26964204506129,15.69541938464736,118.0,4393533.0,0.42,-13000.0,0.0,0.0,0.0,60.98438741686357,60.98438741686357,60.98438741686357,60.98438741686357,60.98438741686357,26.07458041876106,25.33000000000009,24.585419581239123
2020-06-12,15.408308054440395,15.599715607911705,15.599715607911705,14.897887911850239,120.0,4435357.0,0.47,20431.0,0.0,0.0,0.0,54.63381421054293,54.63381421054293,54.63381421054293,54.63381421054293,54.63381421054293,26.322270596856516,25.110000000000092,23.897729403143668
2020-06-15,15.312604277704741,15.344505536616627,15.408308054440395,15.312604277704741,46.0,1540048.0,0.45,-8000.0,0.0,0.0,0.0,52.85557175751705,52.85557175751705,52.85557175751705,52.85557175751705,52.85557175751705,26.151469794010133,24.790000000000095,23.428530205990057
2020-06-16,15.216900500969087,15.50401183117605,15.50401183117605,15.184999242057202,64.0,2127471.0,0.46,4000.0,0.0,4000.0,0.0,51.06561434895758,51.06561434895758,51.06561434895758,51.06561434895758,51.06561434895758,25.5820671237079,24.420000000000094,23.257932876292287
2020-06-17,15.472110572264166,15.216900500969087,15.50401183117605,15.216900500969087,75.0,2665520.0,0.5,13000.0,0.0,0.0,0.0,55.402844763427275,55.402844763427275,55.402844763427275,55.402844763427275,55.402844763427275,24.722586398652837,24.180000000000096,23.637413601347355
2020-06-18,15.376406795528512,15.376406795528512,15.408308054440395,15.24880175988097,72.0,2458784.0,0.52,9000.0,0.0,0.0,0.0,53.48826775789035,53.48826775789035,53.48826775789035,53.48826775789035,53.48826775789035,24.342763633944756,24.070000000000096,23.797236366055436
2020-06-19,15.312604277704741,15.280703018792856,15.376406795528512,15.280703018792856,58.0,1966690.0,0.53,2000.0,0.0,0.0,0.0,52.19332909799722,52.19332909799722,52.19332909799722,52.19332909799722,52.19332909799722,24.303818119171225,24.040000000000095,23.776181880828965
2020-06-22,15.69541938464736,15.312604277704741,16.110135750501865,15.312604277704741,120.0,4468034.0,0.49,-14356.0,0.0,0.0,0.0,58.660210007336225,58.660210007336225,58.660210007336225,58.660210007336225,58.660210007336225,24.67146847410569,24.160000000000093,23.648531525894494
2020-06-23,15.472110572264166,15.69541938464736,15.69541938464736,15.472110572264166,58.0,1790818.0,0.46,-10000.0,0.0,0.0,0.0,54.06579295041563,54.06579295041563,54.06579295041563,54.06579295041563,54.06579295041563,24.64693979899129,24.240000000000094,23.833060201008898
2020-06-24,15.50401183117605,15.56781434899982,15.56781434899982,15.312604277704741,100.0,3892379.0,0.48,6000.0,0.0,0.0,0.0,54.61269287301377,54.61269287301377,54.61269287301377,54.61269287301377,54.61269287301377,24.659878030642506,24.250000000000092,23.84012196935768
2020-06-29,15.376406795528512,15.312604277704741,15.472110572264166,15.312604277704741,45.0,1257141.0,0.47,-5000.0,0.0,0.0,0.0,51.94836191847121,51.94836191847121,51.94836191847121,51.94836191847121,51.94836191847121,24.659878030642506,24.250000000000092,23.84012196935768
2020-06-30,15.535913090087936,15.599715607911705,15.63161686682359,15.44020931335228,36.0,1025170.0,0.46,-2000.0,0.0,0.0,0.0,54.90960024049607,54.90960024049607,54.90960024049607,54.90960024049607,54.90960024049607,24.646190128611853,24.32000000000009,23.993809871388326
2020-07-01,15.918728197030553,15.599715607911705,16.110135750501865,15.599715607911705,141.0,6373500.0,0.47,4000.0,0.0,0.0,0.0,61.1048219437465,61.1048219437465,61.1048219437465,61.1048219437465,61.1048219437465,24.974465567850697,24.390000000000093,23.80553443214949
2020-07-02,16.142037009413748,16.110135750501865,16.142037009413748,15.918728197030553,92.0,3802375.0,0.48,4000.0,0.0,0.0,0.0,64.19522545001419,64.19522545001419,64.19522545001419,64.19522545001419,64.19522545001419,25.501110426087557,24.60000000000009,23.698889573912624
2020-07-03,16.110135750501865,16.26964204506129,16.365345821796943,16.078234491589978,99.0,4662888.0,0.46,-8000.0,0.0,0.0,0.0,63.41999244677299,63.41999244677299,63.41999244677299,63.41999244677299,63.41999244677299,25.75622978633615,24.79000000000009,23.823770213664034
2020-07-06,16.68435841091579,16.110135750501865,16.811963446563333,16.110135750501865,217.0,8495785.0,0.53,28000.0,0.0,0.0,0.0,70.35876960750554,70.35876960750554,70.35876960750554,70.35876960750554,70.35876960750554,26.36619037897018,25.20000000000009,24.033809621030002
2020-07-07,16.301543303973173,16.843864705475216,16.93956848221087,16.301543303973173,164.0,6078739.0,0.47,-25500.0,0.0,0.0,0.0,61.92539555830412,61.92539555830412,61.92539555830412,61.92539555830412,61.92539555830412,26.245977667186015,25.44000000000009,24.634022332814165
2020-07-08,16.55675337526825,16.33344456288506,16.588654634180138,16.301543303973173,122.0,4500683.0,0.5,14000.0,0.0,-1000.0,0.0,64.94228987634473,64.94228987634473,64.94228987634473,64.94228987634473,64.94228987634473,26.351055553386907,25.64000000000009,24.928944446613272
2020-07-09,16.652457152003908,16.716259669827675,17.00337100003464,16.652457152003908,206.0,8222852.0,0.32,2000.0,0.0,0.0,0.0,66.02932802563092,66.02932802563092,66.02932802563092,66.02932802563092,66.02932802563092,26.492820323028965,25.80000000000009,25.107179676971214
2020-07-10,16.20583952723752,16.716259669827675,16.811963446563333,15.950629455942439,179.0,6577156.0,0.3,-7500.0,0.0,0.0,0.0,57.12716795509494,57.12716795509494,57.12716795509494,57.12716795509494,57.12716795509494,26.43199667773328,25.83000000000009,25.2280033222669
2020-07-13,16.034530441325913,16.034530441325913,16.30862497878448,16.034530441325913,150.0,5347448.0,0.31,3000.0,0.0,0.0,0.0,40.37727144433367,40.37727144433367,40.37727144433367,40.37727144433367,40.37727144433367,27.227921969690254,25.280000000000094,23.332078030309933
2020-07-14,15.828959538231993,15.897483172596633,16.034530441325913,15.828959538231993,75.0,2442752.0,0.3,-4000.0,0.0,0.0,0.0,38.5513384490102,38.5513384490102,38.5513384490102,38.5513384490102,38.5513384490102,27.354683216306135,24.790000000000095,22.225316783694055
2020-07-15,15.794697721049673,15.828959538231993,16.034530441325913,15.69191226950271,90.0,2865695.0,0.27,-9000.0,0.0,0.0,0.0,38.240946863645995,38.240946863645995,38.240946863645995,38.240946863645995,38.240946863645995,26.77468321630631,24.210000000000093,21.645316783693875
2020-07-16,17.267955859889447,15.69191226950271,17.370741311436408,15.55486500077343,377.0,15888051.0,0.24,-15000.0,0.0,-1000.0,0.0,55.01368698662705,55.01368698662705,55.01368698662705,55.01368698662705,55.01368698662705,26.121506633985,24.030000000000094,21.938493366015187
2020-07-17,16.377148613149117,16.856814053701605,17.199432225524806,16.377148613149117,371.0,15370064.0,0.15,-35000.0,0.0,0.0,0.0,46.74675387983157,46.74675387983157,46.74675387983157,46.74675387983157,46.74675387983157,25.319465318905316,23.730000000000096,22.140534681094877
2020-07-20,16.411410430331436,16.44567224751376,16.61698133342536,16.377148613149117,67.0,2542300.0,0.14,-4000.0,0.0,0.0,0.0,47.07616353587337,47.07616353587337,47.07616353587337,47.07616353587337,47.07616353587337,25.39871742147285,23.840000000000096,22.281282578527343
2020-07-21,16.3428867959668,16.44567224751376,16.5141958818784,16.3428867959668,87.0,2886041.0,0.15,4000.0,0.0,0.0,0.0,46.45721000699526,46.45721000699526,46.45721000699526,46.45721000699526,46.45721000699526,25.36898513407619,23.990000000000094,22.611014865924
2020-07-22,16.274363161602157,16.3428867959668,16.54845769906072,16.103054075690554,91.0,3497307.0,0.16,5000.0,0.0,0.0,0.0,45.80859258068663,45.80859258068663,45.80859258068663,45.80859258068663,45.80859258068663,25.20814655775692,24.130000000000095,23.05185344224327
2020-07-23,16.171577710055196,16.171577710055196,16.240101344419838,16.034530441325913,67.0,2466019.0,0.15,-9000.0,0.0,0.0,0.0,44.798241302723135,44.798241302723135,44.798241302723135,44.798241302723135,44.798241302723135,24.058193472927236,23.810000000000095,23.561806527072953
2020-07-24,15.863221355414312,16.068792258508235,16.103054075690554,15.863221355414312,76.0,3263674.0,0.12,-9000.0,0.0,0.0,0.0,41.81836373900981,41.81836373900981,41.81836373900981,41.81836373900981,41.81836373900981,24.220000000003296,23.660000000000093,23.09999999999689
2020-07-27,15.657650452320393,15.931744989778954,15.931744989778954,15.55486500077343,90.0,3757880.0,0.08,-16000.0,0.0,0.0,0.0,39.912299096132635,39.912299096132635,39.912299096132635,39.912299096132635,39.912299096132635,24.200000000002237,23.440000000000094,22.67999999999795
2020-07-28,15.55486500077343,15.657650452320393,15.794697721049673,15.52060318359111,67.0,2956786.0,0.05,-13000.0,0.0,0.0,0.0,38.95620224237019,38.95620224237019,38.95620224237019,38.95620224237019,38.95620224237019,24.02829090182102,23.210000000000097,22.391709098179174
2020-07-29,15.657650452320393,15.349294097679508,15.726174086685031,15.349294097679508,35.0,1265127.0,0.06,4000.0,0.0,0.0,0.0,40.49138357200968,40.49138357200968,40.49138357200968,40.49138357200968,40.49138357200968,23.670624695124268,23.030000000000097,22.389375304875927
2020-07-30,15.760435903867352,15.794697721049673,16.000268624143594,15.657650452320393,64.0,2302805.0,0.12,7000.0,0.0,0.0,0.0,42.060578772582666,42.060578772582666,42.060578772582666,42.060578772582666,42.060578772582666,23.21594117081963,22.9100000000001,22.60405882918057
2020-07-31,15.760435903867352,15.657650452320393,15.760435903867352,15.657650452320393,20.0,1138875.0,0.12,0.0,0.0,0.0,0.0,42.060578772582666,42.060578772582666,42.060578772582666,42.060578772582666,42.060578772582666,23.104499443213808,22.8800000000001,22.65550055678639
2020-08-03,15.69191226950271,15.760435903867352,15.794697721049673,15.69191226950271,48.0,1678016.0,0.12,0.0,0.0,0.0,0.0,41.22018056842073,41.22018056842073,41.22018056842073,41.22018056842073,41.22018056842073,23.11271057451904,22.8900000000001,22.66728942548116
2020-08-04,16.068792258508235,15.726174086685031,16.068792258508235,15.69191226950271,77.0,4006582.0,0.14,8000.0,0.0,0.0,0.0,47.440445975217585,47.440445975217585,47.440445975217585,47.440445975217585,47.440445975217585,23.46614551505642,23.0400000000001,22.613854484943776
2020-08-05,16.30862497878448,16.171577710055196,16.377148613149117,16.103054075690554,59.0,2183650.0,0.16,8000.0,0.0,0.0,0.0,50.99443518754915,50.99443518754915,50.99443518754915,50.99443518754915,50.99443518754915,23.91585712798116,23.2300000000001,22.54414287201904
2020-08-06,16.61698133342536,16.137315892872877,16.891075870883924,15.897483172596633,235.0,8699026.0,0.15,-6000.0,0.0,0.0,0.0,55.189806514006946,55.189806514006946,55.189806514006946,55.189806514006946,55.189806514006946,24.485186549851388,23.4800000000001,22.47481345014881
2020-08-07,16.891075870883924,16.925337688066243,17.50778858016569,16.71976678497232,660.0,24941850.0,0.07,-32000.0,0.0,0.0,0.0,58.58391854880782,58.58391854880782,58.58391854880782,58.58391854880782,58.58391854880782,25.02885191881624,23.810000000000098,22.591148081183956
2020-08-10,16.58271951624304,17.062384956795523,17.096646773977845,16.44567224751376,119.0,4274720.0,0.06,-3000.0,0.0,0.0,0.0,53.659726161960805,53.659726161960805,53.659726161960805,53.659726161960805,53.659726161960805,24.891218606707046,24.0700000000001,23.248781393293154
2020-08-11,16.103054075690554,16.58271951624304,16.61698133342536,16.103054075690554,86.0,3324120.0,0.05,-5000.0,0.0,1000.0,0.0,47.036604032033,47.036604032033,47.036604032033,47.036604032033,47.036604032033,24.871454357497687,24.080000000000098,23.28854564250251
2020-08-12,15.794697721049673,15.828959538231993,16.068792258508235,15.760435903867352,106.0,4023824.0,0.05,1000.0,0.0,0.0,0.0,43.33372525902469,43.33372525902469,43.33372525902469,43.33372525902469,43.33372525902469,25.079956520918103,23.9300000000001,22.780043479082096
2020-08-13,15.726174086685031,15.966006806961275,15.966006806961275,15.726174086685031,62.0,2763550.0,0.05,0.0,0.0,0.0,0.0,42.5324239739258,42.5324239739258,42.5324239739258,42.5324239739258,42.5324239739258,24.98848397790899,23.670000000000098,22.351516022091204
2020-08-14,15.897483172596633,15.657650452320393,15.897483172596633,15.657650452320393,42.0,1330205.0,0.05,0.0,0.0,0.0,0.0,45.25774214432539,45.25774214432539,45.25774214432539,45.25774214432539,45.25774214432539,24.280222194794927,23.380000000000102,22.479777805205277
2020-08-17,16.000268624143594,16.103054075690554,16.137315892872877,15.897483172596633,50.0,1900046.0,0.05,2000.0,0.0,0.0,0.0,46.88533113949242,46.88533113949242,46.88533113949242,46.88533113949242,46.88533113949242,23.606988664828553,23.2100000000001,22.813011335171648
2020-08-18,15.966006806961275,16.000268624143594,16.000268624143594,15.931744989778954,34.0,1189632.0,0.05,-2000.0,0.0,0.0,0.0,46.39020962021036,46.39020962021036,46.39020962021036,46.39020962021036,46.39020962021036,23.470665927572167,23.170000000000098,22.86933407242803
2020-08-19,15.794697721049673,15.794697721049673,15.966006806961275,15.794697721049673,63.0,1909152.0,0.05,2000.0,0.0,0.0,0.0,43.894252282968,43.894252282968,43.894252282968,43.894252282968,43.894252282968,23.47066592757141,23.170000000000098,22.869334072428785
2020-08-20,15.623388635138072,15.966006806961275,15.966006806961275,15.52060318359111,114.0,5271825.0,0.02,-12000.0,0.0,0.0,0.0,41.49021503706762,41.49021503706762,41.49021503706762,41.49021503706762,41.49021503706762,23.53698866482912,23.140000000000096,22.743011335171072
2020-08-21,15.726174086685031,15.760435903867352,15.931744989778954,15.52060318359111,80.0,4647659.0,0.03,1000.0,0.0,0.0,0.0,43.49005105159587,43.49005105159587,43.49005105159587,43.49005105159587,43.49005105159587,23.506653333123456,23.090000000000096,22.673346666876736
2020-08-24,15.897483172596633,15.760435903867352,15.897483172596633,15.623388635138072,31.0,837058.0,0.03,5000.0,0.0,0.0,0.0,46.75642940240379,46.75642940240379,46.75642940240379,46.75642940240379,46.75642940240379,23.414400902937118,23.060000000000095,22.70559909706307
2020-08-25,16.068792258508235,15.897483172596633,16.137315892872877,15.897483172596633,39.0,1253338.0,0.06,10000.0,0.0,0.0,0.0,49.87652181217819,49.87652181217819,49.87652181217819,49.87652181217819,49.87652181217819,23.534522215420473,23.090000000000096,22.645477784579718
2020-08-26,16.856814053701605,16.30862497878448,17.130908591160164,16.30862497878448,415.0,17536909.0,0.08,7816.0,0.0,0.0,0.0,61.15353934536599,61.15353934536599,61.15353934536599,61.15353934536599,61.15353934536599,24.679062156426177,23.400000000000098,22.12093784357402
2020-08-27,16.54845769906072,16.993861322430885,16.993861322430885,16.5141958818784,119.0,3928870.0,0.08,-1000.0,0.0,0.0,0.0,55.85769265234555,55.85769265234555,55.85769265234555,55.85769265234555,55.85769265234555,24.897354879406038,23.670000000000094,22.44264512059415
2020-08-28,16.411410430331436,16.47993406469608,16.5141958818784,16.137315892872877,98.0,3733605.0,0.08,4000.0,0.0,-1000.0,0.0,53.63458301822385,53.63458301822385,53.63458301822385,53.63458301822385,53.63458301822385,24.867196068986235,23.870000000000097,22.87280393101396
2020-08-31,17.33647949425409,16.65124315060768,17.47352676298337,16.44567224751376,321.0,14601714.0,0.1,9000.0,0.0,-2000.0,0.0,64.03863499161807,64.03863499161807,64.03863499161807,64.03863499161807,64.03863499161807,25.541239385569785,24.290000000000095,23.038760614430405
2020-09-01,17.57631221453033,17.130908591160164,18.295810375359057,17.130908591160164,588.0,26868729.0,0.05,-20000.0,0.0,1000.0,0.0,66.15881559414319,66.15881559414319,66.15881559414319,66.15881559414319,66.15881559414319,26.036292463425088,24.730000000000093,23.423707536575098
2020-09-02,17.43926494580105,17.64483584889497,17.816144934806573,17.33647949425409,108.0,3243094.0,0.07,6000.0,0.0,0.0,0.0,63.84252327603485,63.84252327603485,63.84252327603485,63.84252327603485,63.84252327603485,26.31138230115051,24.900000000000095,23.48861769884968
2020-09-03,17.57631221453033,17.43926494580105,17.78188311762425,17.43926494580105,90.0,2389275.0,0.1,13000.0,0.0,0.0,0.0,65.1562796848283,65.1562796848283,65.1562796848283,65.1562796848283,65.1562796848283,26.477497553813823,25.200000000000095,23.922502446186368
2020-09-04,17.43926494580105,17.33647949425409,17.43926494580105,17.165170408342487,90.0,3391083.0,0.13,10000.0,0.0,0.0,0.0,62.70276801011955,62.70276801011955,62.70276801011955,62.70276801011955,62.70276801011955,25.76832815729944,25.500000000000096,25.231671842700752
2020-09-07,16.65124315060768,17.47352676298337,17.57631221453033,16.65124315060768,92.0,3989014.0,0.13,0.0,0.0,0.0,0.0,50.84655680799308,50.84655680799308,50.84655680799308,50.84655680799308,50.84655680799308,26.31587400793597,25.300000000000097,24.284125992064222
2020-09-08,16.993861322430885,16.75402860215464,17.267955859889447,16.75402860215464,92.0,3779481.0,0.18,22000.0,0.0,0.0,0.0,54.84441626076563,54.84441626076563,54.84441626076563,54.84441626076563,54.84441626076563,26.13915806492394,25.130000000000095,24.12084193507625
2020-09-09,17.233694042707125,16.65124315060768,17.233694042707125,16.65124315060768,68.0,2151436.0,0.23,18000.0,0.0,-1000.0,0.0,57.453115799004465,57.453115799004465,57.453115799004465,57.453115799004465,57.453115799004465,26.03041657628397,25.070000000000096,24.109583423716224
2020-09-10,17.267955859889447,17.47352676298337,17.47352676298337,17.062384956795523,83.0,3565695.0,0.24,4000.0,0.0,0.0,0.0,57.827936950822355,57.827936950822355,57.827936950822355,57.827936950822355,57.827936950822355,25.776492310069923,24.980000000000096,24.18350768993027
2020-09-11,17.028123139613207,17.028123139613207,17.405003128618727,16.959599505248566,68.0,2441547.0,0.22,-8000.0,0.0,0.0,0.0,54.22669586809504,54.22669586809504,54.22669586809504,54.22669586809504,54.22669586809504,25.503117407633937,24.860000000000092,24.216882592366247
2020-09-14,17.199432225524806,17.130908591160164,17.302217677071766,16.925337688066243,64.0,2456878.0,0.25,11000.0,0.0,0.0,0.0,56.319178869293516,56.319178869293516,56.319178869293516,56.319178869293516,56.319178869293516,25.34619012860698,25.020000000000095,24.69380987139321
2020-09-15,17.267955859889447,17.199432225524806,17.267955859889447,17.130908591160164,41.0,1935597.0,0.26,5000.0,0.0,0.0,0.0,57.16273899862442,57.16273899862442,57.16273899862442,57.16273899862442,57.16273899862442,25.36076809620861,25.100000000000097,24.839231903791585
2020-09-16,17.61057403171265,17.199432225524806,17.816144934806573,17.199432225524806,204.0,8682277.0,0.33,28000.0,0.0,0.0,0.0,61.197683725356015,61.197683725356015,61.197683725356015,61.197683725356015,61.197683725356015,25.762810998443634,25.210000000000097,24.65718900155656
2020-09-17,17.74762130044193,17.67909766607729,17.816144934806573,17.47352676298337,86.0,2862740.0,0.33,1000.0,0.0,0.0,0.0,62.71070402239944,62.71070402239944,62.71070402239944,62.71070402239944,62.71070402239944,26.129743547584635,25.350000000000097,24.57025645241556
2020-09-18,17.57631221453033,17.57631221453033,17.713359483259612,17.54205039734801,64.0,2554501.0,0.37,17000.0,0.0,0.0,0.0,59.58314699854776,59.58314699854776,59.58314699854776,59.58314699854776,59.58314699854776,26.124491659829424,25.510000000000097,24.89550834017077
2020-09-21,17.74762130044193,17.816144934806573,18.56990491281762,17.67909766607729,322.0,16827075.0,0.34,-14000.0,0.0,0.0,0.0,61.643255000679275,61.643255000679275,61.643255000679275,61.643255000679275,61.643255000679275,26.182249938993465,25.6700000000001,25.157750061006737
2020-09-22,18.021715837900494,17.713359483259612,18.021715837900494,17.50778858016569,163.0,8874428.0,0.38,17000.0,0.0,0.0,0.0,64.74005914669127,64.74005914669127,64.74005914669127,64.74005914669127,64.74005914669127,26.347820925689142,25.8900000000001,25.43217907431106
2020-09-23,19.80333033138115,18.432857644088337,19.80333033138115,18.330072192541376,1048.0,72300477.0,0.4,9000.0,0.0,0.0,0.0,77.47196365336812,77.47196365336812,77.47196365336812,77.47196365336812,77.47196365336812,28.936324998831086,26.530000000000097,24.123675001169108
2020-09-24,19.529235793922588,19.871853965745792,21.071017567127004,19.460712159557946,2696.0,128526785.0,0.43,8000.0,0.0,0.0,0.0,73.09882244585837,73.09882244585837,73.09882244585837,73.09882244585837,73.09882244585837,29.78788239338348,27.050000000000097,24.312117606616713
2020-09-25,19.39218852519331,19.426450342375627,20.488566675027556,18.50138127845298,906.0,43927327.0,0.51,32000.0,0.0,0.0,0.0,70.94251730012326,70.94251730012326,70.94251730012326,70.94251730012326,70.94251730012326,30.040569039876384,27.580000000000098,25.11943096012381
2020-09-28,21.310850287403248,19.871853965745792,21.310850287403248,19.186617622099384,1841.0,96524821.0,0.48,-17000.0,0.0,0.0,0.0,79.88748730565302,79.88748730565302,79.88748730565302,79.88748730565302,79.88748730565302,31.68307035505198,28.620000000000097,25.556929644948212
2020-09-29,21.036755749944682,21.345112104585564,22.201657534143575,20.69413757812148,2040.0,107445784.0,0.12,-151000.0,0.0,0.0,0.0,76.27513158947748,76.27513158947748,76.27513158947748,76.27513158947748,76.27513158947748,31.832380757937546,29.500000000000096,27.167619242062646
2020-09-30,20.86544666403308,20.79692302966844,21.55068300767949,20.351519406298276,598.0,31074764.0,0.23,44000.0,0.0,0.0,0.0,74.02224816400623,74.02224816400623,74.02224816400623,74.02224816400623,74.02224816400623,32.15298954329678,29.810000000000095,27.46701045670341
2020-10-05,22.064610265414295,20.7283993953038,22.88689387778998,20.7283993953038,1401.0,73420481.0,0.16,-29000.0,0.0,0.0,0.0,78.7530528237123,78.7530528237123,78.7530528237123,78.7530528237123,78.7530528237123,33.09872517153159,30.55000000000009,28.00127482846859
2020-10-06,21.927562996685012,22.030348448231972,23.70917749016567,21.790515727955732,2398.0,139294244.0,0.09,-32000.0,0.0,0.0,0.0,77.02661518193725,77.02661518193725,77.02661518193725,77.02661518193725,77.02661518193725,32.681977011303935,31.290000000000088,29.898022988696244
2020-10-07,22.95541751215462,21.85903936232037,23.023941146519263,21.584944824861807,1138.0,59515200.0,0.43,134000.0,0.0,0.0,0.0,80.48246196515638,80.48246196515638,80.48246196515638,80.48246196515638,80.48246196515638,33.98232908944368,31.77000000000009,29.557670910556496
2020-10-08,23.160988415248543,22.95541751215462,23.98327202762423,22.612799340331417,1372.0,79437347.0,0.25,-81000.0,0.0,0.0,0.0,81.09498332227494,81.09498332227494,81.09498332227494,81.09498332227494,81.09498332227494,34.78532878745256,32.390000000000086,29.99467121254761
2020-10-12,22.78410842624302,23.298035683977826,23.91474839325959,22.68132297469606,692.0,33570569.0,0.23,-12000.0,0.0,0.0,0.0,76.3633888771626,76.3633888771626,76.3633888771626,76.3633888771626,76.3633888771626,34.386662799684366,32.95000000000009,31.51333720031581
2020-10-13,22.612799340331417,22.78410842624302,23.160988415248543,22.612799340331417,322.0,17774148.0,0.41,70000.0,0.0,0.0,0.0,74.24292631855877,74.24292631855877,74.24292631855877,74.24292631855877,74.24292631855877,34.34028451993671,33.11000000000009,31.879715480063474
2020-10-14,24.874079274364558,22.647061157513736,24.874079274364558,22.372966620055177,1459.0,103582567.0,0.89,182000.0,0.0,0.0,0.0,81.53262043317172,81.53262043317172,81.53262043317172,81.53262043317172,81.53262043317172,36.35964432499777,33.9700000000001,31.58035567500243
2020-10-15,25.456530166464006,25.353744714917045,27.16962102558002,25.182435629005443,3974.0,237334588.0,0.63,-107000.0,0.0,0.0,0.0,82.8768863664774,82.8768863664774,82.8768863664774,82.8768863664774,82.8768863664774,38.08998525070443,34.700000000000095,31.310014749295764
2020-10-16,26.347337413204336,25.422268349281687,26.72421740220986,25.01112654309384,2177.0,123215773.0,0.74,39000.0,0.0,0.0,0.0,84.71002685541166,84.71002685541166,84.71002685541166,84.71002685541166,84.71002685541166,39.94675804279015,35.630000000000095,31.31324195721004
2020-10-19,26.587170133480576,26.6214319506629,28.642879164419796,26.587170133480576,4070.0,243862857.0,0.65,-51000.0,0.0,0.0,0.0,85.17034020959392,85.17034020959392,85.17034020959392,85.17034020959392,85.17034020959392,40.88892757227586,36.7400000000001,32.59107242772434
2020-10-20,26.895526488121458,26.381599230386655,27.546501014585548,26.313075596022014,1581.0,90236975.0,0.72,24000.0,0.0,0.0,0.0,85.76377217245927,85.76377217245927,85.76377217245927,85.76377217245927,85.76377217245927,40.183991795788906,37.9900000000001,35.7960082042113
2020-10-21,25.93619560701649,26.99831193966842,27.306668294309304,25.559315618010967,1103.0,64860925.0,0.74,-54000.0,0.0,0.0,0.0,75.62458879615164,75.62458879615164,75.62458879615164,75.62458879615164,75.62458879615164,39.76969384566686,38.3000000000001,36.830306154333336
2020-10-22,25.285221080552404,25.559315618010967,26.03898105856345,24.66850837127064,1037.0,61684950.0,1.89,351000.0,0.0,0.0,0.0,69.61070045835466,69.61070045835466,69.61070045835466,69.61070045835466,69.61070045835466,39.880950643027,38.2500000000001,36.6190493569732
2020-10-23,25.01112654309384,26.03898105856345,26.03898105856345,25.01112654309384,668.0,39556250.0,1.27,-187000.0,0.0,0.0,0.0,67.18797094932947,67.18797094932947,67.18797094932947,67.18797094932947,67.18797094932947,39.974142852314515,37.86000000000009,35.74585714768567
2020-10-26,25.730624703922565,25.285221080552404,26.313075596022014,24.428675650994396,1366.0,76231067.0,1.61,130000.0,0.0,0.0,0.0,70.12711014156643,70.12711014156643,70.12711014156643,70.12711014156643,70.12711014156643,39.504623973244406,37.61000000000009,35.71537602675578
2020-10-27,25.01112654309384,25.353744714917045,26.07324287574577,25.01112654309384,625.0,38590020.0,1.32,-120000.0,0.0,0.0,0.0,63.95742864108798,63.95742864108798,63.95742864108798,63.95742864108798,63.95742864108798,38.16163514831003,37.060000000000095,35.958364851690156
2020-10-28,25.62783925237561,25.01112654309384,25.97045742419881,25.01112654309384,771.0,40166188.0,1.51,76000.0,0.0,0.0,0.0,66.66462663674065,66.66462663674065,66.66462663674065,66.66462663674065,66.66462663674065,37.84999999999507,36.9700000000001,36.090000000005126
2020-10-29,26.68995558502754,24.66850837127064,26.68995558502754,24.599984736905995,790.0,42490825.0,1.63,44000.0,0.0,0.0,0.0,70.74070053330381,70.74070053330381,70.74070053330381,70.74070053330381,70.74070053330381,39.1784437717072,37.380000000000095,35.58155622829299
2020-10-30,28.437308261325875,27.306668294309304,29.3281155080662,27.306668294309304,5117.0,369401091.0,1.06,-223000.0,0.0,0.0,0.0,75.95064726643218,75.95064726643218,75.95064726643218,75.95064726643218,75.95064726643218,41.87204810963307,38.380000000000095,34.88795189036712
2020-11-02,30.013351851712606,28.231737358231953,30.390231840718133,27.957642820773387,5369.0,353545065.0,0.93,-64000.0,0.0,0.0,0.0,79.49684113697874,79.49684113697874,79.49684113697874,79.49684113697874,79.49684113697874,45.00535115131943,39.630000000000095,34.25464884868076
2020-11-03,30.013351851712606,30.013351851712606,30.287446389171176,28.88271188469604,2632.0,172044376.0,0.75,-77000.0,0.0,0.0,11000.0,79.49684113697874,79.49684113697874,79.49684113697874,79.49684113697874,79.49684113697874,46.232139632486415,41.0900000000001,35.94786036751379
2020-11-04,28.985497336242997,30.390231840718133,30.458755475082775,28.985497336242997,1599.0,109595810.0,0.78,-31000.0,0.0,0.0,0.0,71.5201910984088,71.5201910984088,71.5201910984088,71.5201910984088,71.5201910984088,45.65864877077562,42.07000000000009,38.481351229224565
2020-11-05,31.452348173370062,29.465162776795484,31.863489979557908,29.054020970607638,5021.0,365392356.0,1.08,70000.0,0.0,0.0,0.0,77.38509992111973,77.38509992111973,77.38509992111973,77.38509992111973,77.38509992111973,46.476222803439114,43.4600000000001,40.443777196561086
2020-11-06,30.527279109447413,31.28103908745846,31.657919076463987,30.32170820635349,2775.0,200715010.0,0.79,-120000.0,0.0,0.0,11000.0,71.44350679118182,71.44350679118182,71.44350679118182,71.44350679118182,71.44350679118182,46.412306555510504,44.07000000000009,41.72769344448968
2020-11-09,31.21251545309382,30.8356354640883,31.794966345193266,30.35597002353581,2358.0,166225825.0,0.96,71000.0,0.0,0.0,0.0,73.09160922953191,73.09160922953191,73.09160922953191,73.09160922953191,73.09160922953191,47.00658075458439,44.420000000000094,41.8334192454158
2020-11-10,32.24036996856343,31.246777270276144,33.98772264486177,30.90415909845294,3965.0,281398945.0,1.18,43000.0,0.0,0.0,0.0,75.3863386859475,75.3863386859475,75.3863386859475,75.3863386859475,75.3863386859475,48.2678742939627,45.07000000000009,41.87212570603749
2020-11-11,33.23396266685072,31.3495627218231,33.23396266685072,30.8356354640883,1945.0,141093238.0,1.28,-12000.0,0.0,0.0,0.0,77.3933142654839,77.3933142654839,77.3933142654839,77.3933142654839,77.3933142654839,49.02101457022745,46.310000000000095,43.59898542977274
2020-11-12,31.93201361392255,32.92560631220984,33.98772264486177,31.589395442099345,2173.0,163071812.0,0.62,-264000.0,0.0,0.0,10000.0,69.40711499344997,69.40711499344997,69.40711499344997,69.40711499344997,69.40711499344997,49.134026825496996,46.45000000000009,43.76597317450318
2020-11-13,30.869897281270617,29.97909003453029,31.623657259281664,29.533686411160126,2037.0,150370250.0,1.4,315000.0,0.0,0.0,0.0,63.63791712128361,63.63791712128361,63.63791712128361,63.63791712128361,63.63791712128361,48.96743665894034,46.55000000000009,44.132563341059836
2020-11-16,32.95986812939216,30.97268273281758,33.43953356994464,30.869897281270617,3064.0,219946914.0,1.96,233000.0,0.0,0.0,0.0,69.08360892217729,69.08360892217729,69.08360892217729,69.08360892217729,69.08360892217729,49.49425553301004,47.06000000000009,44.625744466990135
2020-11-17,32.92560631220984,32.95986812939216,33.91919901049713,31.897751796740227,2006.0,152394095.0,1.85,-56000.0,0.0,0.0,0.0,68.90143449249571,68.90143449249571,68.90143449249571,68.90143449249571,68.90143449249571,49.819218630751976,47.26000000000009,44.700781369248205
2020-11-18,32.95986812939216,32.89134449502752,33.43953356994464,32.37741723729271,1208.0,92917204.0,2.94,443000.0,0.0,0.0,0.0,68.98950000231335,68.98950000231335,68.98950000231335,68.98950000231335,68.98950000231335,49.60041318786456,47.18000000000009,44.75958681213562
2020-11-19,33.23396266685072,33.43953356994464,35.5637662352485,32.95986812939216,3467.0,276831114.0,1.72,-521000.0,0.0,0.0,0.0,69.7280511016063,69.7280511016063,69.7280511016063,69.7280511016063,69.7280511016063,50.09092868330733,47.560000000000095,45.02907131669286
2020-11-20,32.95986812939216,33.0283917637568,33.405271752762324,32.54872632320431,1213.0,101812683.0,2.17,164000.0,0.0,-169.0,0.0,67.98437594856449,67.98437594856449,67.98437594856449,67.98437594856449,67.98437594856449,48.50226495449974,48.17000000000009,47.83773504550043
2020-11-23,32.720035409115916,33.13117721530376,33.26822448403304,32.61724995756896,735.0,58492061.0,2.6,185000.0,0.0,0.0,0.0,66.41926597037072,66.41926597037072,66.41926597037072,66.41926597037072,66.41926597037072,48.57749345543841,48.100000000000094,47.62250654456178
2020-11-24,32.6857735919336,33.371009935580005,33.371009935580005,32.54872632320431,509.0,40524375.0,2.61,13000.0,0.0,0.0,0.0,66.18485334489031,66.18485334489031,66.18485334489031,66.18485334489031,66.18485334489031,48.60827329178403,48.030000000000086,47.45172670821614
2020-11-25,34.94705352596674,32.6857735919336,35.15262442906066,32.6857735919336,2771.0,240991753.0,3.34,267000.0,0.0,45000.0,-12000.0,72.96628360322713,72.96628360322713,72.96628360322713,72.96628360322713,72.96628360322713,51.06796663931591,48.610000000000085,46.15203336068426
2020-11-26,38.44175887856341,34.60443535414353,38.44175887856341,34.60443535414353,4890.0,493453781.0,2.74,-246000.0,0.0,-33000.0,9000.0,79.73139325887905,79.73139325887905,79.73139325887905,79.73139325887905,79.73139325887905,56.58526141995731,50.13000000000009,43.67473858004286
2020-11-27,36.31752621325955,38.647329781657334,38.852900684751255,35.700813503977784,3772.0,350499020.0,1.45,-510000.0,0.0,34000.0,0.0,68.50883495747952,68.50883495747952,68.50883495747952,68.50883495747952,68.50883495747952,57.52261257211043,51.110000000000085,44.69738742788974
2020-11-30,39.6066606627623,36.45457348198883,39.6066606627623,36.38604984762419,3625.0,331074016.0,1.91,113000.0,0.0,-39000.0,-14000.0,74.49503779276785,74.49503779276785,74.49503779276785,74.49503779276785,74.49503779276785,60.31266292828947,53.12000000000008,45.927337071710696
2020-12-01,39.743707931491585,39.88075520022087,39.88075520022087,37.687998900552365,2127.0,198606074.0,1.01,-362000.0,0.0,38000.0,0.0,74.71074870423573,74.71074870423573,74.71074870423573,74.71074870423573,74.71074870423573,60.68548817090607,55.180000000000085,49.6745118290941
2020-12-02,38.57880614729269,39.81223156585622,39.88075520022087,38.51028251292806,1326.0,126821165.0,0.26,-299000.0,0.0,8000.0,0.0,69.34229456785283,69.34229456785283,69.34229456785283,69.34229456785283,69.34229456785283,59.823517824705775,56.24000000000009,52.6564821752944
2020-12-03,37.687998900552365,38.51028251292806,38.51028251292806,36.86571528817667,1790.0,156201168.0,0.46,77000.0,0.0,-53000.0,0.0,65.46815405275517,65.46815405275517,65.46815405275517,65.46815405275517,65.46815405275517,59.74322440902784,56.020000000000095,52.29677559097235
2020-12-04,38.92142431911589,38.37323524419877,40.08632610331479,38.236187975469484,2111.0,198986974.0,0.27,-70000.0,0.0,0.0,0.0,68.12372868203308,68.12372868203308,68.12372868203308,68.12372868203308,68.12372868203308,58.95770521420508,56.7800000000001,54.602294785795124
2020-12-07,40.428944275137994,39.538137028397664,42.34760603734793,39.469613394033026,3216.0,316831663.0,0.54,103000.0,0.0,99.0,0.0,71.0537200027683,71.0537200027683,71.0537200027683,71.0537200027683,71.0537200027683,59.78086942827416,57.020000000000095,54.25913057172603
2020-12-08,42.75874784353577,40.36042064077335,42.964318746629694,40.08632610331479,2434.0,251552321.0,1.65,441000.0,0.0,20.0,8000.0,74.89441702971162,74.89441702971162,74.89441702971162,74.89441702971162,74.89441702971162,63.0876777077977,57.90000000000009,52.71232229220248
2020-12-09,42.34760603734793,42.48465330607721,43.44398418718218,41.799416962430804,1650.0,159182257.0,0.7,-363000.0,0.0,-119.0,-14000.0,73.05233730281478,73.05233730281478,73.05233730281478,73.05233730281478,73.05233730281478,64.67379943247718,59.00000000000009,53.32620056752301
2020-12-10,42.69022420917113,41.799416962430804,43.169889649723615,41.73089332806616,1216.0,115956455.0,1.4,268000.0,0.0,0.0,0.0,73.63430861885095,73.63430861885095,73.63430861885095,73.63430861885095,73.63430861885095,64.88465817888543,60.46000000000009,56.035341821114756
2020-12-11,45.08855141193355,43.10136601535898,46.39050046486173,41.93646423116009,3438.0,348324364.0,1.39,-16000.0,0.0,1.0,0.0,77.32575113259261,77.32575113259261,77.32575113259261,77.32575113259261,77.32575113259261,66.58592186706811,62.26000000000009,57.934078132932065
2020-12-14,45.842311389944605,45.08855141193355,47.281307711602054,44.266267799557866,2394.0,236518448.0,1.4,3000.0,0.0,-1.0,0.0,78.35161959841956,78.35161959841956,78.35161959841956,78.35161959841956,78.35161959841956,68.01727183697346,63.8400000000001,59.66272816302674
2020-12-15,42.073511499889364,45.56821685248604,46.25345319613245,41.31975152187832,2949.0,321055966.0,1.49,33000.0,0.0,0.0,7000.0,63.002847508904246,63.002847508904246,63.002847508904246,63.002847508904246,63.002847508904246,68.15592736876656,63.6400000000001,59.12407263123364
2020-12-16,40.70303881259655,43.169889649723615,43.44398418718218,39.88075520022087,2753.0,297984337.0,2.08,241000.0,0.0,35000.0,0.0,58.5139751950898,58.5139751950898,58.5139751950898,58.5139751950898,58.5139751950898,68.7408243118716,63.160000000000096,57.57917568812858
2020-12-17,40.70303881259655,40.908609715690474,41.59384605933688,40.63451517823191,933.0,92100704.0,1.57,-194000.0,0.0,-12000.0,0.0,58.5139751950898,58.5139751950898,58.5139751950898,58.5139751950898,58.5139751950898,68.94540650704901,62.580000000000084,56.21459349295115
2020-12-18,42.21055876861865,40.908609715690474,42.41612967171257,39.81223156585622,1242.0,114276994.0,2.14,223000.0,0.0,-23000.0,37.0,61.97064637960782,61.97064637960782,61.97064637960782,61.97064637960782,61.97064637960782,67.23268604600537,61.74000000000009,56.24731395399481
2020-12-21,40.97713335005511,42.21055876861865,42.69022420917113,40.77156244696119,764.0,70446506.0,1.27,-341000.0,0.0,0.0,0.0,57.73218028472841,57.73218028472841,57.73218028472841,57.73218028472841,57.73218028472841,62.27304889851357,60.320000000000086,58.3669511014866
2020-12-22,38.57880614729269,40.63451517823191,41.73089332806616,37.962093438010925,1047.0,109116643.0,2.02,244000.0,0.0,2000.0,-39.0,50.49963518082665,50.49963518082665,50.49963518082665,50.49963518082665,50.49963518082665,62.71291664123035,59.30000000000008,55.887083358769814
2020-12-23,40.08632610331479,38.78437705038662,40.840086081325836,38.16766434110485,917.0,103451294.0,3.52,594000.0,0.0,9.0,0.0,54.36926955519489,54.36926955519489,54.36926955519489,54.36926955519489,54.36926955519489,62.58733326924157,59.120000000000076,55.65266673075858
2020-12-24,39.743707931491585,40.908609715690474,41.04565698441976,39.40108975966838,518.0,49033943.0,3.34,-69000.0,0.0,0.0,0.0,53.34852757411661,53.34852757411661,53.34852757411661,53.34852757411661,53.34852757411661,62.39662761615388,58.840000000000074,55.28337238384627
2020-12-25,40.49746790950263,40.22337337204407,42.48465330607721,40.15484973767943,1373.0,122799886.0,2.46,-350000.0,0.0,-8.0,0.0,55.33523929608112,55.33523929608112,55.33523929608112,55.33523929608112,55.33523929608112,60.70845941489171,58.340000000000074,55.971540585108436
2020-12-28,40.15484973767943,40.840086081325836,40.840086081325836,39.88075520022087,441.0,39966972.0,2.47,-49000.0,0.0,-1.0,0.0,54.20525376375607,54.20525376375607,54.20525376375607,54.20525376375607,54.20525376375607,60.03080294178058,58.10000000000008,56.16919705821958
2020-12-29,39.469613394033026,40.56599154386728,40.56599154386728,39.33256612530374,458.0,39383457.0,2.3,-86000.0,0.0,1.0,0.0,51.92158197931137,51.92158197931137,51.92158197931137,51.92158197931137,51.92158197931137,59.392279032039866,58.360000000000085,57.3277209679603
2020-12-30,40.15484973767943,39.33256612530374,40.63451517823191,39.19551885657446,384.0,34019893.0,2.81,202000.0,0.0,-2000.0,0.0,54.00826637235052,54.00826637235052,54.00826637235052,54.00826637235052,54.00826637235052,59.42613574644374,58.38000000000009,57.333864253556435
2020-12-31,41.31975152187832,40.15484973767943,42.21055876861865,40.15484973767943,797.0,69679306.0,2.86,112000.0,0.0,-1.0,0.0,57.39369798299776,57.39369798299776,57.39369798299776,57.39369798299776,57.39369798299776,60.595448660595665,58.84000000000009,57.08455133940451
2021-01-04,43.3069369184529,42.21055876861865,44.19774416519323,41.799416962430804,1476.0,136065065.0,2.91,138000.0,0.0,1.0,0.0,62.468961600199954,62.468961600199954,62.468961600199954,62.468961600199954,62.468961600199954,63.60279088971047,59.660000000000096,55.71720911028972
2021-01-05,43.92364962773466,43.581031455911464,44.88298050883964,43.44398418718218,1164.0,116084426.0,2.54,-9000.0,0.0,-1.0,0.0,63.90593826382756,63.90593826382756,63.90593826382756,63.90593826382756,63.90593826382756,65.81743017747026,60.76000000000009,55.70256982252992
2021-01-06,40.428944275137994,43.92364962773466,44.54036233701643,40.08632610331479,1457.0,167025988.0,2.95,100000.0,0.0,0.0,0.0,51.80219626519681,51.80219626519681,51.80219626519681,51.80219626519681,51.80219626519681,65.48450222184452,61.0400000000001,56.595497778155675
2021-01-07,41.4567987906076,41.114180618784395,42.34760603734793,40.70303881259655,624.0,64693689.0,3.46,196000.0,0.0,24000.0,0.0,54.52997655348114,54.52997655348114,54.52997655348114,54.52997655348114,54.52997655348114,65.2470615359547,61.420000000000094,57.59293846404548
2021-01-08,40.840086081325836,41.4567987906076,42.48465330607721,40.15484973767943,828.0,70908143.0,3.08,-141000.0,0.0,-6000.0,0.0,52.60619839323868,52.60619839323868,52.60619839323868,52.60619839323868,52.60619839323868,65.30671081653249,61.2800000000001,57.253289183467714
2021-01-11,41.66236969370152,40.77156244696119,42.14203513425401,40.36042064077335,506.0,44919635.0,3.65,206000.0,0.0,-18000.0,0.0,54.89128945654913,54.89128945654913,54.89128945654913,54.89128945654913,54.89128945654913,64.33949148889768,60.800000000000104,57.26050851110252
2021-01-12,39.40108975966838,40.908609715690474,41.93646423116009,39.2640424909391,697.0,62110015.0,3.53,-44000.0,0.0,0.0,0.0,48.03267878651899,48.03267878651899,48.03267878651899,48.03267878651899,48.03267878651899,61.83762592452246,59.48000000000011,57.12237407547776
2021-01-13,39.743707931491585,39.949278834585506,40.63451517823191,39.40108975966838,330.0,29028983.0,3.9,147000.0,0.0,0.0,0.0,49.07101613784627,49.07101613784627,49.07101613784627,49.07101613784627,49.07101613784627,61.91939386980832,59.28000000000011,56.6406061301919
2021-01-14,39.743707931491585,39.743707931491585,40.49746790950263,37.687998900552365,842.0,75286043.0,4.48,224000.0,0.0,0.0,0.0,49.07101613784627,49.07101613784627,49.07101613784627,49.07101613784627,49.07101613784627,61.247063031213564,58.78000000000011,56.31293696878665
2021-01-15,39.058471587845176,41.114180618784395,41.4567987906076,39.058471587845176,871.0,80817049.0,3.85,-226000.0,0.0,0.0,-1000.0,46.897527111720834,46.897527111720834,46.897527111720834,46.897527111720834,46.897527111720834,60.90605366536353,58.260000000000105,55.61394633463668
2021-01-18,39.743707931491585,39.2640424909391,40.22337337204407,37.4139043630938,542.0,48783084.0,4.39,219000.0,0.0,7081.0,0.0,49.315185551269,49.315185551269,49.315185551269,49.315185551269,49.315185551269,58.49999999999064,57.7000000000001,56.90000000000956
2021-01-19,38.44175887856341,40.36042064077335,40.36042064077335,38.37323524419877,458.0,41567941.0,3.81,-163000.0,0.0,-81.0,0.0,45.11260196499729,45.11260196499729,45.11260196499729,45.11260196499729,45.11260196499729,58.95049011757133,57.42000000000011,55.88950988242889
2021-01-20,34.67295898850818,38.37323524419877,38.44175887856341,34.67295898850818,1092.0,96665127.0,4.24,169000.0,0.0,6000.0,0.0,35.64348259932707,35.64348259932707,35.64348259932707,35.64348259932707,35.64348259932707,61.464635734596726,55.94000000000011,50.4153642654035
2021-01-21,34.94705352596674,35.15262442906066,36.45457348198883,34.33034081668497,669.0,56559645.0,5.13,346000.0,0.0,0.0,-14998.0,36.68437207637008,36.68437207637008,36.68437207637008,36.68437207637008,36.68437207637008,60.76973514685687,54.54000000000011,48.31026485314336
2021-01-22,37.276857094364516,34.26181718232033,37.34538072872916,34.26181718232033,599.0,49704747.0,5.77,253000.0,0.0,-13000.0,0.0,44.849535265455366,44.849535265455366,44.849535265455366,44.849535265455366,44.849535265455366,59.75606136647663,54.02000000000011,48.28393863352359
2021-01-25,36.797191653812035,39.058471587845176,39.058471587845176,36.31752621325955,478.0,44669077.0,5.14,-262000.0,0.0,0.0,0.0,43.60280588415494,43.60280588415494,43.60280588415494,43.60280588415494,43.60280588415494,57.325765235822864,53.1600000000001,48.99423476417734
2021-01-26,36.31752621325955,36.93423892254132,38.30471160983413,36.31752621325955,384.0,34115679.0,5.09,-40000.0,0.0,0.0,0.0,42.33543717742253,42.33543717742253,42.33543717742253,42.33543717742253,42.33543717742253,55.526904752413635,52.5400000000001,49.55309524758656
2021-01-27,36.52309711635347,37.00276255690596,37.20833345999988,36.38604984762419,155.0,11905060.0,5.26,63000.0,0.0,0.0,0.0,43.09877721069647,43.09877721069647,43.09877721069647,43.09877721069647,43.09877721069647,55.361753711510175,53.0800000000001,50.79824628849002
2021-01-28,35.906384407071705,35.632289869613146,36.31752621325955,35.426718966519225,204.0,18288474.0,5.4,57000.0,0.0,0.0,0.0,41.33114303429707,41.33114303429707,41.33114303429707,41.33114303429707,41.33114303429707,54.70223693884264,53.36000000000009,52.017763061157545
2021-01-29,34.33034081668497,35.906384407071705,36.31752621325955,34.33034081668497,385.0,30367475.0,5.59,53000.0,0.0,0.0,0.0,37.13907316388848,37.13907316388848,37.13907316388848,37.13907316388848,37.13907316388848,55.04558441227051,52.50000000000009,49.95441558772968
2021-02-01,34.94705352596674,34.33034081668497,34.94705352596674,32.82282086066287,447.0,38155825.0,6.44,337000.0,0.0,0.0,0.0,39.71571792212264,39.71571792212264,39.71571792212264,39.71571792212264,39.71571792212264,54.40163879392381,51.96000000000009,49.51836120607638
2021-02-02,35.97490804143635,35.49524260088386,35.97490804143635,34.810006257237454,237.0,15859995.0,6.48,4000.0,0.0,0.0,0.0,43.84695847954628,43.84695847954628,43.84695847954628,43.84695847954628,43.84695847954628,54.15991304183293,51.86000000000009,49.560086958167254
2021-02-03,34.94705352596674,35.906384407071705,36.24900257889491,34.810006257237454,203.0,14646095.0,6.35,10000.0,0.0,0.0,0.0,40.833419426716716,40.833419426716716,40.833419426716716,40.833419426716716,40.833419426716716,53.23738945245609,51.40000000000009,49.56261054754409
2021-02-04,35.632289869613146,35.01557716033138,35.632289869613146,35.01557716033138,126.0,8116035.0,6.47,45000.0,0.0,0.0,0.0,43.61562701236764,43.61562701236764,43.61562701236764,43.61562701236764,43.61562701236764,53.00475517509031,51.32000000000009,49.635244824909876
2021-02-05,34.94705352596674,35.700813503977784,35.83786077270707,34.8785298916021,204.0,13816776.0,6.45,-7000.0,0.0,0.0,0.0,41.513370352579045,41.513370352579045,41.513370352579045,41.513370352579045,41.513370352579045,52.76491106406471,51.50000000000009,50.23508893593547
2021-02-17,35.01557716033138,35.906384407071705,35.906384407071705,34.94705352596674,218.0,13202403.0,6.46,10000.0,0.0,0.0,0.0,41.815390852040665,41.815390852040665,41.815390852040665,41.815390852040665,41.815390852040665,52.75547561691512,51.520000000000095,50.28452438308507
2021-02-18,34.741482622872816,35.01557716033138,35.2211480634253,34.46738808541425,350.0,22650664.0,6.6,56000.0,0.0,0.0,0.0,40.905465347091756,40.905465347091756,40.905465347091756,40.905465347091756,40.905465347091756,52.041816307397596,51.160000000000096,50.278183692602596
2021-02-19,38.09914070674021,34.741482622872816,38.16766434110485,34.46738808541425,663.0,49182124.0,6.28,-127000.0,0.0,5.0,0.0,54.0860601889199,54.0860601889199,54.0860601889199,54.0860601889199,54.0860601889199,55.705244819317784,52.0800000000001,48.45475518068241
2021-02-22,38.647329781657334,39.2640424909391,40.22337337204407,38.09914070674021,709.0,57617679.0,5.31,-345000.0,0.0,-5.0,0.0,55.8186865066802,55.8186865066802,55.8186865066802,55.8186865066802,55.8186865066802,57.956959075277084,52.96000000000009,47.9630409247231
2021-02-23,37.00276255690596,39.33256612530374,39.33256612530374,37.00276255690596,455.0,36715205.0,4.81,-189000.0,0.0,0.0,0.0,49.75293033013909,49.75293033013909,49.75293033013909,49.75293033013909,49.75293033013909,58.17753180822752,53.560000000000095,48.94246819177267
2021-02-24,35.632289869613146,36.7286680194474,37.00276255690596,35.49524260088386,464.0,32995587.0,4.39,-166000.0,0.0,0.0,0.0,45.332000158062094,45.332000158062094,45.332000158062094,45.332000158062094,45.332000158062094,58.017569403293166,53.7400000000001,49.46243059670704
2021-02-25,36.04343167580099,36.52309711635347,36.52309711635347,35.35819533215458,222.0,14633230.0,4.17,-79000.0,0.0,0.0,0.0,46.85760497748988,46.85760497748988,46.85760497748988,46.85760497748988,46.85760497748988,57.49140920091121,54.120000000000104,50.748590799089
2021-02-26,36.45457348198883,35.49524260088386,36.7286680194474,35.49524260088386,196.0,14970178.0,4.31,49000.0,0.0,0.0,0.0,48.40811627853171,48.40811627853171,48.40811627853171,48.40811627853171,48.40811627853171,56.70098023515088,53.640000000000114,50.57901976484935
2021-03-02,35.35819533215458,36.7286680194474,36.797191653812035,35.35819533215458,194.0,12023447.0,4.11,-80000.0,0.0,0.0,0.0,44.665626218390784,44.665626218390784,44.665626218390784,44.665626218390784,44.665626218390784,54.388332520321526,52.680000000000106,50.971667479678686
2021-03-03,35.2211480634253,35.5637662352485,35.83786077270707,34.22755536513801,308.0,23092355.0,4.13,6000.0,0.0,3000.0,0.0,44.20556658383529,44.20556658383529,44.20556658383529,44.20556658383529,44.20556658383529,53.48423562857573,52.1600000000001,50.835764371424474
2021-03-04,34.67295898850818,35.2211480634253,36.04343167580099,34.33034081668497,219.0,13726436.0,3.89,-93000.0,0.0,0.0,0.0,42.32751237835193,42.32751237835193,42.32751237835193,42.32751237835193,42.32751237835193,53.71477519058561,51.88000000000011,50.045224809414606
2021-03-05,34.26181718232033,34.19329354795569,34.60443535414353,33.71362810740321,263.0,16293011.0,3.84,-20000.0,0.0,0.0,0.0,40.92325323750793,40.92325323750793,40.92325323750793,40.92325323750793,40.92325323750793,53.52739474946053,51.360000000000106,49.192605250539685
2021-03-08,34.46738808541425,34.39886445104961,35.15262442906066,34.26181718232033,283.0,11675876.0,3.72,-24000.0,0.0,0.0,0.0,41.9600795505172,41.9600795505172,41.9600795505172,41.9600795505172,41.9600795505172,52.021933975696626,50.78000000000011,49.53806602430359
2021-03-09,34.8785298916021,34.26181718232033,34.94705352596674,34.124769913591045,243.0,13183623.0,3.64,-60000.0,0.0,0.0,0.0,44.074137127742354,44.074137127742354,44.074137127742354,44.074137127742354,44.074137127742354,51.60829747494599,50.640000000000114,49.671702525054236
2021-03-10,37.13980982563524,35.83786077270707,37.962093438010925,35.35819533215458,1018.0,81391712.0,3.61,-8000.0,0.0,0.0,0.0,53.99862656816231,53.99862656816231,53.99862656816231,53.99862656816231,53.99862656816231,54.25941170815351,51.20000000000012,48.140588291846726
2021-03-11,37.34538072872916,37.276857094364516,37.4139043630938,36.66014438508275,418.0,31803988.0,3.5,-52000.0,0.0,0.0,0.0,54.784183839834725,54.784183839834725,54.784183839834725,54.784183839834725,54.784183839834725,55.89795865215388,51.98000000000011,48.06204134784634
2021-03-12,36.591620750718114,37.482427997458444,37.687998900552365,36.45457348198883,272.0,20846416.0,3.37,-38000.0,0.0,0.0,0.0,51.323369290126855,51.323369290126855,51.323369290126855,51.323369290126855,51.323369290126855,56.12086694341001,52.6600000000001,49.1991330565902
2021-03-15,36.111955310165634,36.31752621325955,36.66014438508275,35.5637662352485,276.0,13708624.0,3.47,41000.0,0.0,-2000.0,0.0,49.19365069345725,49.19365069345725,49.19365069345725,49.19365069345725,49.19365069345725,55.7093578964386,53.1400000000001,50.5706421035616
2021-03-16,35.83786077270707,36.66014438508275,36.66014438508275,35.76933713834243,198.0,10740335.0,3.49,-9000.0,0.0,0.0,0.0,47.968719143602165,47.968719143602165,47.968719143602165,47.968719143602165,47.968719143602165,55.10475517508977,53.420000000000094,51.73524482491042
2021-03-17,37.34538072872916,36.24900257889491,38.37323524419877,36.180478944530265,795.0,63527327.0,3.68,76000.0,0.0,10000.0,0.0,54.656273829319026,54.656273829319026,54.656273829319026,54.656273829319026,54.656273829319026,55.288424728870595,53.480000000000096,51.6715752711296
2021-03-18,37.00276255690596,37.20833345999988,37.482427997458444,36.66014438508275,400.0,25398825.0,3.58,-49000.0,0.0,0.0,0.0,52.98932144582692,52.98932144582692,52.98932144582692,52.98932144582692,52.98932144582692,54.99691063450946,53.380000000000095,51.76308936549073
2021-03-19,40.70303881259655,36.45457348198883,40.70303881259655,36.45457348198883,2189.0,242702232.0,3.77,50000.0,0.0,0.0,0.0,65.29872572834167,65.29872572834167,65.29872572834167,65.29872572834167,65.29872572834167,59.66393548346067,54.5800000000001,49.496064516539526
2021-03-22,43.03284238099433,42.14203513425401,44.60888597138107,41.59384605933688,4245.0,449743221.0,2.2,-654000.0,0.0,184000.0,0.0,70.53084913097642,70.53084913097642,70.53084913097642,70.53084913097642,70.53084913097642,64.39435693306301,56.6000000000001,48.80564306693719
2021-03-23,42.964318746629694,42.48465330607721,43.855125993370024,41.38827515624296,1703.0,156333989.0,1.96,-105000.0,0.0,-19000.0,0.0,70.19561494118945,70.19561494118945,70.19561494118945,70.19561494118945,70.19561494118945,66.32345471629057,58.6800000000001,51.03654528370963
2021-03-24,41.799416962430804,42.48465330607721,43.169889649723615,41.799416962430804,675.0,62663033.0,1.55,-172000.0,0.0,0.0,0.0,64.57638829976476,64.57638829976476,64.57638829976476,64.57638829976476,64.57638829976476,66.45999999999889,59.980000000000096,53.500000000001315
2021-03-25,41.38827515624296,41.86794059679544,43.03284238099433,41.31975152187832,688.0,56822111.0,1.17,-144000.0,0.0,0.0,0.0,62.6695658158268,62.6695658158268,62.6695658158268,62.6695658158268,62.6695658158268,63.899999999997405,61.26000000000009,58.620000000002776
2021-03-26,42.82727147790041,41.66236969370152,44.471838702651795,41.18270425314904,2309.0,225432473.0,0.97,-93000.0,0.0,-148000.0,0.0,66.40827392862711,66.40827392862711,66.40827392862711,66.40827392862711,66.40827392862711,63.85342342136371,61.88000000000009,59.90657657863647
2021-03-29,42.48465330607721,43.169889649723615,43.78660235900538,42.34760603734793,1094.0,101004012.0,0.79,-92000.0,0.0,1000.0,0.0,64.7456108800866,64.7456108800866,64.7456108800866,64.7456108800866,64.7456108800866,63.488162888420796,61.720000000000084,59.95183711157937
2021-03-30,43.03284238099433,42.34760603734793,43.169889649723615,42.14203513425401,599.0,55924129.0,0.85,20000.0,0.0,-6000.0,0.0,66.20360925986269,66.20360925986269,66.20360925986269,66.20360925986269,66.20360925986269,63.553725447796836,61.74000000000009,59.92627455220334
2021-03-31,43.6495550902761,43.10136601535898,44.88298050883964,42.69022420917113,2159.0,244330339.0,0.71,-74000.0,0.0,12000.0,0.0,67.81617953592817,67.81617953592817,67.81617953592817,67.81617953592817,67.81617953592817,64.46137571270707,62.280000000000086,60.098624287293106
2021-04-01,43.78660235900538,43.6495550902761,45.56821685248604,43.6495550902761,1468.0,151903068.0,0.52,-83000.0,0.0,2000.0,0.0,68.17953113174975,68.17953113174975,68.17953113174975,68.17953113174975,68.17953113174975,64.4188884598836,62.98000000000009,61.54111154011657
2021-04-06,48.103591323977746,45.08855141193355,48.103591323977746,44.95150414320427,2056.0,294428390.0,0.7,64000.0,0.0,12000.0,0.0,76.99150094706071,76.99150094706071,76.99150094706071,76.99150094706071,76.99150094706071,70.35972602096963,64.52000000000008,58.68027397903053
2021-04-07,48.30916222707167,51.25567850475122,52.90024572950259,47.281307711602054,6347.0,801608326.0,0.5,-107000.0,0.0,18000.0,0.0,77.31367895257112,77.31367895257112,77.31367895257112,77.31367895257112,77.31367895257112,73.00751795577641,66.22000000000008,59.43248204422376
2021-04-08,51.050107601657295,48.30916222707167,52.0779621171269,48.30916222707167,3127.0,347096965.0,1.09,226000.0,0.0,-11000.0,0.0,81.11145626728828,81.11145626728828,81.11145626728828,81.11145626728828,81.11145626728828,76.90611286767592,68.56000000000009,60.21388713232426
2021-04-09,52.76319846077331,51.050107601657295,53.585482073149,50.159300354916965,3327.0,380931644.0,0.74,-137000.0,0.0,6000.0,0.0,83.02421419154743,83.02421419154743,83.02421419154743,83.02421419154743,83.02421419154743,80.13327100451795,71.22000000000008,62.30672899548222
2021-04-12,52.215009385856185,52.96876936386723,54.61333658861861,51.803867579668335,2514.0,296234795.0,0.54,-75000.0,0.0,2000.0,0.0,80.22456530702335,80.22456530702335,80.22456530702335,80.22456530702335,80.22456530702335,79.35577307509526,73.68000000000009,68.00422692490493
2021-04-13,48.0350676896131,52.215009385856185,52.35205665458547,47.00721317414349,2239.0,260183424.0,1.74,469000.0,0.0,-64000.0,0.0,62.82759063884049,62.82759063884049,62.82759063884049,62.82759063884049,62.82759063884049,79.38517248648286,73.66000000000008,67.9348275135173
2021-04-14,48.788827667624155,48.994398570718076,49.13144583944736,44.60888597138107,1879.0,206914351.0,2.49,297000.0,0.0,6045.0,0.0,64.32976339795316,64.32976339795316,64.32976339795316,64.32976339795316,64.32976339795316,79.23617512594828,73.80000000000008,68.36382487405189
2021-04-15,48.172114958342384,49.33701674254128,49.40554037690591,48.0350676896131,881.0,99728372.0,0.99,-487000.0,0.0,9955.0,0.0,62.11793864515369,62.11793864515369,62.11793864515369,62.11793864515369,62.11793864515369,78.97145573051857,72.96000000000008,66.94854426948159
2021-04-16,49.40554037690591,50.09077672055232,51.32420213911586,48.65178039889487,1641.0,174867735.0,0.53,-155000.0,0.0,29000.0,0.0,64.72986294716915,64.72986294716915,64.72986294716915,64.72986294716915,64.72986294716915,76.43313372805913,71.98000000000009,67.52686627194105
2021-04-19,50.29634762364625,50.29634762364625,51.32420213911586,49.81668218309376,1477.0,174827924.0,0.51,-11000.0,0.0,-42000.0,0.0,66.5250215306636,66.5250215306636,66.5250215306636,66.5250215306636,66.5250215306636,73.85770383762492,71.4200000000001,68.98229616237528
2021-04-20,52.0779621171269,50.02225308618768,53.03729299823188,49.748158548729116,1659.0,182436992.0,1.08,224000.0,0.0,-3000.0,0.0,69.83217502024051,69.83217502024051,69.83217502024051,69.83217502024051,69.83217502024051,76.56988664825252,72.6000000000001,68.63011335174767
2021-04-21,51.94091484839762,52.0779621171269,52.90024572950259,51.52977304220978,964.0,104823980.0,0.52,-227000.0,0.0,0.0,0.0,69.26529511131417,69.26529511131417,69.26529511131417,69.26529511131417,69.26529511131417,77.87871540708637,73.5200000000001,69.16128459291382
2021-04-22,49.61111127999985,52.76319846077331,52.90024572950259,48.0350676896131,1151.0,120713061.0,0.63,87000.0,0.0,0.0,0.0,60.30320159771394,60.30320159771394,60.30320159771394,60.30320159771394,60.30320159771394,77.25686599065611,73.9400000000001,70.62313400934408
2021-04-23,50.159300354916965,49.61111127999985,51.32420213911586,49.06292220508271,645.0,66260865.0,1.09,180000.0,0.0,9000.0,0.0,61.56338756779643,61.56338756779643,61.56338756779643,61.56338756779643,61.56338756779643,77.08191717883562,74.1600000000001,71.23808282116457
2021-04-26,51.7353439453037,52.420580288950106,54.54481295425396,51.46124940784513,1787.0,199874644.0,0.42,-257000.0,0.0,27000.0,0.0,65.00316585061769,65.00316585061769,65.00316585061769,65.00316585061769,65.00316585061769,77.54755791855526,74.58000000000008,71.61244208144491
2021-04-27,51.3927257734805,53.2428639013258,53.2428639013258,51.050107601657295,642.0,66551985.0,0.45,15001.0,0.0,-3000.0,0.0,63.66920939118399,63.66920939118399,63.66920939118399,63.66920939118399,63.66920939118399,77.05850704684198,74.38000000000008,71.70149295315818
2021-04-28,49.81668218309376,51.3927257734805,51.3927257734805,49.33701674254128,792.0,82867698.0,0.5,22000.0,0.0,-16000.0,0.0,57.7938886819677,57.7938886819677,57.7938886819677,57.7938886819677,57.7938886819677,76.26631203164814,73.76000000000008,71.25368796835201
2021-04-29,49.542587645635194,50.50191852674017,51.32420213911586,49.47406401127056,599.0,83967692.0,1.32,324000.0,0.0,-1000.0,0.0,56.81200714773469,56.81200714773469,56.81200714773469,56.81200714773469,56.81200714773469,76.29060777070396,73.7400000000001,71.18939222929623
2021-05-03,46.527547733591014,49.06292220508271,50.364871258010886,45.36264594939212,1176.0,121027699.0,1.19,-140000.0,0.0,-16000.0,0.0,47.29373427960773,47.29373427960773,47.29373427960773,47.29373427960773,47.29373427960773,78.07095538842368,72.68000000000009,67.2890446115765
2021-05-04,43.3069369184529,46.59607136795565,47.41835498033134,41.93646423116009,1222.0,139489373.0,1.94,286000.0,0.0,18000.0,0.0,39.651689481568056,39.651689481568056,39.651689481568056,39.651689481568056,39.651689481568056,78.6098986883027,70.22000000000008,61.83010131169746
2021-05-05,42.55317694044185,43.3069369184529,45.36264594939212,42.55317694044185,636.0,59037155.0,2.01,24000.0,0.0,-13000.0,0.0,38.09998062928286,38.09998062928286,38.09998062928286,38.09998062928286,38.09998062928286,76.48497597509359,67.64000000000009,58.795024024906574
2021-05-06,42.004987865524726,43.23841328408826,43.71807872464074,41.31975152187832,428.0,41754575.0,2.28,63000.0,0.0,23000.0,0.0,36.96694368130161,36.96694368130161,36.96694368130161,36.96694368130161,36.96694368130161,73.67345896723961,65.3600000000001,57.04654103276059
2021-05-07,44.677409605745716,42.48465330607721,45.56821685248604,42.14203513425401,652.0,59546565.0,2.65,154000.0,0.0,-13000.0,0.0,45.47913469736835,45.47913469736835,45.47913469736835,45.47913469736835,45.47913469736835,68.6873782238181,63.94000000000009,59.19262177618208
2021-05-10,44.814456874475,45.225598680662834,45.63674048685068,44.060696896463945,400.0,47835884.0,2.25,-160000.0,0.0,-15000.0,0.0,45.88274184825983,45.88274184825983,45.88274184825983,45.88274184825983,45.88274184825983,66.71071857547878,63.44000000000009,60.1692814245214
2021-05-11,40.428944275137994,43.855125993370024,43.855125993370024,40.36042064077335,1000.0,124347207.0,2.52,112000.0,0.0,0.0,0.0,36.55669317618627,36.55669317618627,36.55669317618627,36.55669317618627,36.55669317618627,67.45798312059433,62.600000000000094,57.74201687940585
2021-05-12,37.34538072872916,39.743707931491585,42.004987865524726,36.38604984762419,962.0,103368351.0,3.06,202000.0,0.0,1.0,0.0,31.680727066567897,31.680727066567897,31.680727066567897,31.680727066567897,31.680727066567897,69.2437246401374,61.080000000000084,52.91627535986277
2021-05-13,37.34538072872916,35.01557716033138,38.71585341602197,34.39886445104961,521.0,47890094.0,3.9,332000.0,0.0,-1.0,0.0,31.680727066567894,31.680727066567894,31.680727066567894,31.680727066567894,31.680727066567894,69.40743516107278,59.720000000000084,50.032564838927385
2021-05-14,37.0712861912706,38.37323524419877,39.743707931491585,36.797191653812035,418.0,40912455.0,3.17,-276000.0,0.0,0.0,0.0,31.251017735561348,31.251017735561348,31.251017735561348,31.251017735561348,31.251017735561348,66.1819352681293,57.50000000000009,48.81806473187089
2021-05-17,33.371009935580005,33.371009935580005,36.31752621325955,33.371009935580005,501.0,43699005.0,3.53,139000.0,0.0,1.0,0.0,26.10351003157484,26.10351003157484,26.10351003157484,26.10351003157484,26.10351003157484,60.70045869950924,54.160000000000096,47.61954130049095
2021-05-18,36.66014438508275,33.850675376132486,36.66014438508275,33.78215174176785,427.0,36585397.0,4.23,267000.0,0.0,2.0,0.0,36.168233845061735,36.168233845061735,36.168233845061735,36.168233845061735,36.168233845061735,57.48104060148599,53.060000000000095,48.6389593985142
2021-05-19,37.82504616928165,37.276857094364516,38.57880614729269,36.24900257889491,267.0,23993906.0,4.23,-4000.0,0.0,0.0,0.0,39.320427782839026,39.320427782839026,39.320427782839026,39.320427782839026,39.320427782839026,57.83378894642294,53.20000000000009,48.566211053577234
2021-05-20,38.09914070674021,38.03061707237557,38.44175887856341,37.34538072872916,173.0,15581002.0,4.44,86000.0,0.0,0.0,0.0,40.070345468571205,40.070345468571205,40.070345468571205,40.070345468571205,40.070345468571205,58.37322117414402,53.420000000000094,48.46677882585617
2021-05-21,39.469613394033026,38.71585341602197,39.67518429712694,38.30471160983413,258.0,18769968.0,4.37,38000.0,0.0,4.0,0.0,43.809623155123326,43.809623155123326,43.809623155123326,43.809623155123326,43.809623155123326,60.135180795286885,54.1200000000001,48.10481920471331
2021-05-24,40.49746790950263,38.16766434110485,40.77156244696119,38.16766434110485,201.0,14509400.0,4.44,29000.0,0.0,0.0,0.0,46.505505759761256,46.505505759761256,46.505505759761256,46.505505759761256,46.505505759761256,60.10076915492098,56.2000000000001,52.29923084507922
2021-05-25,41.114180618784395,41.525322424972245,42.14203513425401,40.77156244696119,344.0,27604626.0,4.31,-38000.0,0.0,0.0,0.0,48.11402028476673,48.11402028476673,48.11402028476673,48.11402028476673,48.11402028476673,61.26510292023813,57.5000000000001,53.73489707976207
2021-05-26,41.18270425314904,41.38827515624296,42.004987865524726,40.840086081325836,181.0,16450840.0,4.35,22000.0,0.0,2.0,0.0,48.30003543634513,48.30003543634513,48.30003543634513,48.30003543634513,48.30003543634513,61.87269804137945,58.48000000000011,55.08730195862077
2021-05-27,42.34760603734793,41.18270425314904,42.621700574806496,40.77156244696119,295.0,34339010.0,4.36,80000.0,0.0,4.0,0.0,51.484334827497634,51.484334827497634,51.484334827497634,51.484334827497634,51.484334827497634,62.46634302299968,59.720000000000105,56.97365697700053
2021-05-28,44.88298050883964,42.82727147790041,44.88298050883964,42.48465330607721,498.0,50288230.0,4.36,0.0,0.0,-13.0,0.0,57.604718620976136,57.604718620976136,57.604718620976136,57.604718620976136,57.604718620976136,65.84840631430107,61.30000000000011,56.751593685699156
2021-05-31,46.45902409922637,45.225598680662834,47.486878614695975,44.814456874475,638.0,71372854.0,4.11,-99000.0,0.0,0.0,0.0,60.906245539599205,60.906245539599205,60.906245539599205,60.906245539599205,60.906245539599205,69.24528806744465,63.04000000000011,56.83471193255558
2021-06-01,46.116405927403164,47.281307711602054,47.281307711602054,46.116405927403164,305.0,33063441.0,4.02,-36000.0,0.0,0.0,0.0,59.815710959533,59.815710959533,59.815710959533,59.815710959533,59.815710959533,70.5913052788357,64.50000000000011,58.40869472116453
2021-06-02,44.54036233701643,47.14426044287277,47.14426044287277,44.54036233701643,332.0,29488746.0,4.06,6000.0,0.0,25000.0,0.0,54.942362588202585,54.942362588202585,54.942362588202585,54.942362588202585,54.942362588202585,69.71962262471213,65.4800000000001,61.240377375288084
2021-06-03,45.08855141193355,44.88298050883964,46.45902409922637,44.88298050883964,260.0,28025805.0,4.31,90000.0,0.0,0.0,0.0,56.276718763003586,56.276718763003586,56.276718763003586,56.276718763003586,56.276718763003586,68.4392591321953,66.28000000000011,64.12074086780493
2021-06-04,44.471838702651795,45.08855141193355,45.842311389944605,44.33479143392251,189.0,21963150.0,4.38,26000.0,0.0,0.0,0.0,54.32750131313282,54.32750131313282,54.32750131313282,54.32750131313282,54.32750131313282,68.53520525428235,66.16000000000011,63.78479474571788
2021-06-07,45.70526412121532,44.19774416519323,46.18492956176781,43.169889649723615,274.0,40585074.0,4.79,156000.0,0.0,100.0,0.0,57.49819016533254,57.49819016533254,57.49819016533254,57.49819016533254,57.49819016533254,67.81872297052455,65.9400000000001,64.06127702947565
2021-06-08,44.88298050883964,45.70526412121532,46.59607136795565,44.88298050883964,169.0,16157287.0,4.77,-6000.0,0.0,0.0,0.0,54.768441509263575,54.768441509263575,54.768441509263575,54.768441509263575,54.768441509263575,66.87861464645103,65.5800000000001,64.28138535354917
2021-06-09,44.88298050883964,45.4996932181214,45.63674048685068,43.3069369184529,231.0,23584666.0,4.78,-39000.0,0.0,0.0,0.0,54.768441509263575,54.768441509263575,54.768441509263575,54.768441509263575,54.768441509263575,66.85575507652769,65.68000000000009,64.5042449234725
2021-06-10,45.1570750462982,45.225598680662834,45.4996932181214,44.12922053082859,217.0,21449160.0,4.84,26000.0,0.0,-9.0,0.0,55.58363298744855,55.58363298744855,55.58363298744855,55.58363298744855,55.58363298744855,66.88659175792749,65.70000000000009,64.51340824207269
2021-06-11,43.78660235900538,45.70526412121532,46.047882293038526,43.78660235900538,487.0,43431990.0,4.56,-119000.0,0.0,-13.0,0.0,50.66668868575069,50.66668868575069,50.66668868575069,50.66668868575069,50.66668868575069,67.32428068015409,65.50000000000009,63.67571931984608
2021-06-15,43.92364962773466,44.471838702651795,44.60888597138107,43.169889649723615,144.0,10985828.0,4.71,56000.0,0.0,-10.0,0.0,51.13222717104703,51.13222717104703,51.13222717104703,51.13222717104703,51.13222717104703,66.61168624434342,64.98000000000009,63.34831375565676
2021-06-16,42.82727147790041,44.19774416519323,44.677409605745716,42.82727147790041,271.0,26372037.0,4.64,-35000.0,0.0,0.0,0.0,47.28773889308905,47.28773889308905,47.28773889308905,47.28773889308905,47.28773889308905,66.81441984874887,64.38000000000008,61.945580151251285
2021-06-17,43.71807872464074,42.82727147790041,44.266267799557866,42.75874784353577,201.0,14088688.0,4.8,62000.0,0.0,-4.0,0.0,50.541550342626984,50.541550342626984,50.541550342626984,50.541550342626984,50.541550342626984,66.2147643550457,64.04000000000009,61.86523564495449
2021-06-18,42.75874784353577,44.471838702651795,44.60888597138107,42.75874784353577,283.0,28457724.0,4.48,-128000.0,0.0,-64.0,0.0,47.165023844504184,47.165023844504184,47.165023844504184,47.165023844504184,47.165023844504184,64.80751490621944,63.34000000000009,61.87248509378074
2021-06-21,41.114180618784395,42.48465330607721,42.55317694044185,40.77156244696119,292.0,26849816.0,4.46,-11000.0,0.0,1000.0,0.0,41.986572338157536,41.986572338157536,41.986572338157536,41.986572338157536,41.986572338157536,65.45717103395393,62.56000000000008,59.66282896604623
2021-06-22,41.114180618784395,42.41612967171257,42.41612967171257,41.114180618784395,147.0,10196838.0,4.37,-38000.0,0.0,-1000.0,0.0,41.98657233815753,41.98657233815753,41.98657233815753,41.98657233815753,41.98657233815753,64.7482553083109,61.74000000000008,58.73174469168925
2021-06-23,41.18270425314904,41.114180618784395,42.073511499889364,41.114180618784395,143.0,11302076.0,4.44,29000.0,0.0,0.0,0.0,42.292746393301,42.292746393301,42.292746393301,42.292746393301,42.292746393301,64.39330496440782,61.26000000000008,58.126695035592356
2021-06-24,41.4567987906076,41.4567987906076,42.27908240298329,41.31975152187832,136.0,12340742.0,4.41,-11000.0,0.0,0.0,0.0,43.57552602052095,43.57552602052095,43.57552602052095,43.57552602052095,43.57552602052095,62.43738945245311,60.60000000000008,58.76261054754705
2021-06-25,41.73089332806616,42.004987865524726,43.03284238099433,41.59384605933688,238.0,24808289.0,4.38,-13000.0,0.0,-15000.0,0.0,44.894692958017835,44.894692958017835,44.894692958017835,44.894692958017835,44.894692958017835,61.00427267445424,60.30000000000008,59.59572732554592
2021-06-28,41.114180618784395,41.799416962430804,41.799416962430804,40.70303881259655,251.0,22752398.0,4.22,-65000.0,0.0,-10000.0,0.0,42.487763766374115,42.487763766374115,42.487763766374115,42.487763766374115,42.487763766374115,61.00427267445424,60.30000000000008,59.59572732554592
2021-06-29,40.017802468950144,41.38827515624296,41.38827515624296,40.017802468950144,248.0,21279106.0,3.89,-130000.0,0.0,0.0,0.0,38.532647005801884,38.532647005801884,38.532647005801884,38.532647005801884,38.532647005801884,61.683643155120336,59.980000000000075,58.276356844879814
2021-06-30,38.98994795348054,39.949278834585506,40.017802468950144,38.78437705038662,284.0,22427543.0,3.88,8000.0,0.0,0.0,0.0,35.22233075497945,35.22233075497945,35.22233075497945,35.22233075497945,35.22233075497945,62.313482806405524,59.340000000000074,56.366517193594625
2021-07-01,40.08632610331479,38.98994795348054,41.25122788751368,38.98994795348054,306.0,24901765.0,3.85,-5000.0,0.0,0.0,0.0,41.040762052581506,41.040762052581506,41.040762052581506,41.040762052581506,41.040762052581506,61.71301280198798,58.940000000000076,56.16698719801217
2021-07-02,39.743707931491585,40.97713335005511,40.97713335005511,39.469613394033026,149.0,11507609.0,3.68,-63000.0,0.0,0.0,0.0,39.83656601877538,39.83656601877538,39.83656601877538,39.83656601877538,39.83656601877538,60.35439213796643,58.360000000000085,56.36560786203374
2021-07-05,40.77156244696119,40.017802468950144,41.04565698441976,39.949278834585506,183.0,11507862.0,3.88,68000.0,0.0,0.0,476.0,45.04596148898198,45.04596148898198,45.04596148898198,45.04596148898198,45.04596148898198,59.940952111151304,58.26000000000008,56.57904788884886
2021-07-06,39.12699522220982,41.66236969370152,41.66236969370152,39.12699522220982,340.0,28646657.0,3.62,-102000.0,0.0,0.0,-274.0,39.197779922489694,39.197779922489694,39.197779922489694,39.197779922489694,39.197779922489694,59.90157829183748,58.00000000000008,56.098421708162675
2021-07-07,39.058471587845176,39.12699522220982,39.538137028397664,38.71585341602197,244.0,16207367.0,3.58,-18000.0,0.0,0.0,536.0,38.97075307100501,38.97075307100501,38.97075307100501,38.97075307100501,38.97075307100501,59.8764482217364,58.020000000000074,56.163551778263745
2021-07-08,38.16766434110485,39.538137028397664,39.538137028397664,37.82504616928165,304.0,26687767.0,3.69,35000.0,0.0,0.0,-62.0,36.04779555607939,36.04779555607939,36.04779555607939,36.04779555607939,36.04779555607939,59.972687803924465,57.46000000000007,54.94731219607568
2021-07-09,38.852900684751255,37.687998900552365,39.058471587845176,37.687998900552365,161.0,10683494.0,3.83,54000.0,0.0,0.0,-300.0,39.78891430892325,39.78891430892325,39.78891430892325,39.78891430892325,39.78891430892325,59.70439613479855,57.20000000000007,54.69560386520158
2021-07-12,41.114180618784395,39.19551885657446,41.114180618784395,38.37323524419877,410.0,40730123.0,3.81,-5000.0,0.0,0.0,0.0,50.152064143945175,50.152064143945175,50.152064143945175,50.152064143945175,50.152064143945175,60.17610848195856,57.30000000000007,54.42389151804158
2021-07-13,45.225598680662834,41.799416962430804,45.225598680662834,41.73089332806616,1083.0,139112114.0,4.3,185000.0,0.0,0.0,447.0,62.71673791051976,62.71673791051976,62.71673791051976,62.71673791051976,62.71673791051976,66.57122152922972,59.08000000000006,51.58877847077041
2021-07-14,44.54036233701643,46.938689539778856,46.938689539778856,43.51250782154682,1104.0,122520210.0,3.7,-241000.0,0.0,0.0,-100.0,60.00214777425056,60.00214777425056,60.00214777425056,60.00214777425056,60.00214777425056,69.0737119321546,60.680000000000064,52.28628806784554
2021-07-15,44.33479143392251,44.60888597138107,44.814456874475,43.581031455911464,383.0,40751586.0,3.81,54000.0,0.0,0.0,0.0,59.17465825469193,59.17465825469193,59.17465825469193,59.17465825469193,59.17465825469193,69.59213048249232,62.48000000000006,55.36786951750779
2021-07-16,45.36264594939212,43.3069369184529,46.18492956176781,43.23841328408826,706.0,80070741.0,4.13,170000.0,0.0,0.0,-229.0,61.996750022368374,61.996750022368374,61.996750022368374,61.996750022368374,61.996750022368374,68.90619045114045,64.38000000000007,59.853809548859694
2021-07-19,44.88298050883964,45.4996932181214,46.80164227104957,44.88298050883964,657.0,73088813.0,3.99,-53000.0,0.0,0.0,-83.0,59.91527907332039,59.91527907332039,59.91527907332039,59.91527907332039,59.91527907332039,66.62122740941365,65.48000000000006,64.33877259058647
2021-07-20,43.855125993370024,44.19774416519323,45.08855141193355,43.23841328408826,361.0,48000709.0,4.73,297000.0,0.0,0.0,-80.0,55.60695423506776,55.60695423506776,55.60695423506776,55.60695423506776,55.60695423506776,66.56270023942605,65.08000000000007,63.59729976057409
2021-07-21,42.621700574806496,44.745933240110354,44.745933240110354,42.41612967171257,357.0,37072667.0,4.71,6000.0,0.0,0.0,-3.0,50.87897921718414,50.87897921718414,50.87897921718414,50.87897921718414,50.87897921718414,67.27216278588212,64.52000000000007,61.76783721411802
2021-07-22,42.82727147790041,43.169889649723615,43.92364962773466,42.55317694044185,225.0,20879667.0,5.0,113000.0,0.0,0.0,0.0,51.61734103478245,51.61734103478245,51.61734103478245,51.61734103478245,51.61734103478245,67.2483434157286,64.08000000000007,60.91165658427153
2021-07-23,43.51250782154682,44.19774416519323,44.54036233701643,42.82727147790041,288.0,40472937.0,4.86,-42000.0,0.0,0.0,66.0,54.09437077101447,54.09437077101447,54.09437077101447,54.09437077101447,54.09437077101447,65.89490976472439,63.54000000000006,61.18509023527573
2021-07-26,44.471838702651795,43.855125993370024,44.814456874475,43.169889649723615,245.0,23755002.0,5.24,149000.0,0.0,401.0,0.0,57.383858937446675,57.383858937446675,57.383858937446675,57.383858937446675,57.383858937446675,65.39342342136462,63.42000000000007,61.44657657863553
2021-07-27,42.55317694044185,45.225598680662834,45.225598680662834,42.41612967171257,293.0,27420563.0,4.88,-142000.0,0.0,0.0,0.0,49.71142319901652,49.71142319901652,49.71142319901652,49.71142319901652,49.71142319901652,65.14751037956863,63.04000000000008,60.932489620431525
2021-07-28,41.38827515624296,41.73089332806616,42.41612967171257,39.743707931491585,371.0,47202880.0,4.95,24000.0,0.0,0.0,0.0,45.71494638628207,45.71494638628207,45.71494638628207,45.71494638628207,45.71494638628207,65.66904667076138,62.68000000000008,59.69095332923878
2021-07-29,41.59384605933688,41.66236969370152,42.41612967171257,40.49746790950263,163.0,16540646.0,4.87,-34000.0,0.0,0.0,-1.0,46.53185455384837,46.53185455384837,46.53185455384837,46.53185455384837,46.53185455384837,65.71505522782677,62.32000000000007,58.924944772173376
2021-07-30,41.38827515624296,41.59384605933688,42.75874784353577,40.908609715690474,139.0,13713760.0,5.11,97000.0,0.0,0.0,-1.0,45.78978224001611,45.78978224001611,45.78978224001611,45.78978224001611,45.78978224001611,65.1386043680536,61.70000000000007,58.26139563194653
2021-08-02,41.04565698441976,41.4567987906076,41.66236969370152,40.36042064077335,135.0,13623769.0,4.98,-52000.0,0.0,0.0,0.0,44.515571523608635,44.515571523608635,44.515571523608635,44.515571523608635,44.515571523608635,62.19130815058287,60.70000000000007,59.208691849417264
2021-08-03,40.77156244696119,41.04565698441976,41.66236969370152,40.08632610331479,135.0,11763394.0,4.88,-40000.0,0.0,0.0,-52.0,43.473325590272665,43.473325590272665,43.473325590272665,43.473325590272665,43.473325590272665,61.03229103010417,60.180000000000064,59.32770896989596
2021-08-04,40.22337337204407,40.97713335005511,40.97713335005511,40.15484973767943,148.0,11779873.0,4.71,-68000.0,0.0,0.0,0.0,41.386291938902104,41.386291938902104,41.386291938902104,41.386291938902104,41.386291938902104,61.246271666498586,59.84000000000007,58.43372833350155
2021-08-05,40.56599154386728,40.97713335005511,41.799416962430804,40.08632610331479,218.0,22165808.0,4.6,-18000.0,0.0,0.0,0.0,43.22096750263329,43.22096750263329,43.22096750263329,43.22096750263329,43.22096750263329,60.70344316577936,59.54000000000006,58.376556834220764
2021-08-06,40.08632610331479,40.70303881259655,40.77156244696119,39.81223156585622,118.0,9527660.0,4.38,-75000.0,0.0,-229.0,0.0,41.27318361785202,41.27318361785202,41.27318361785202,41.27318361785202,41.27318361785202,60.18449987798945,59.16000000000006,58.13550012201067
2021-08-09,39.058471587845176,40.428944275137994,40.428944275137994,38.98994795348054,213.0,15351927.0,4.09,-113000.0,0.0,-172.0,-168.0,37.38520431092597,37.38520431092597,37.38520431092597,37.38520431092597,37.38520431092597,60.31158886575377,58.58000000000006,56.848411134246355
2021-08-10,38.30471160983413,39.538137028397664,39.538137028397664,38.03061707237557,221.0,17315450.0,3.92,-76000.0,0.0,0.0,-146.0,34.79652662753493,34.79652662753493,34.79652662753493,34.79652662753493,34.79652662753493,60.308182999697024,57.860000000000056,55.41181700030309
2021-08-11,35.97490804143635,38.16766434110485,38.16766434110485,34.94705352596674,550.0,50901786.0,3.8,-45000.0,0.0,0.0,125.0,28.27862958767596,28.27862958767596,28.27862958767596,28.27862958767596,28.27862958767596,61.33830478032141,56.62000000000006,51.901695219678714
2021-08-12,36.31752621325955,36.31752621325955,37.00276255690596,35.76933713834243,301.0,29949509.0,3.38,-166000.0,0.0,0.0,-104.0,30.344960691792423,30.344960691792423,30.344960691792423,30.344960691792423,30.344960691792423,59.99198438852519,55.38000000000007,50.768015611474944
2021-08-13,36.66014438508275,37.55095163182308,37.55095163182308,35.28967169778994,235.0,24331217.0,3.08,-123000.0,0.0,0.0,846.0,32.44109271943017,32.44109271943017,32.44109271943017,32.44109271943017,32.44109271943017,57.88861796153425,54.38000000000007,50.87138203846588
2021-08-16,34.94705352596674,36.31752621325955,36.66014438508275,34.22755536513801,295.0,25635638.0,2.82,-103000.0,0.0,0.0,-86.0,27.917376227665645,27.917376227665645,27.917376227665645,27.917376227665645,27.917376227665645,56.373493384994454,53.180000000000064,49.98650661500567
2021-08-17,33.13117721530376,35.01557716033138,35.01557716033138,32.92560631220984,230.0,15863357.0,2.8,-7000.0,0.0,0.0,-322.0,24.08371347465473,24.08371347465473,24.08371347465473,24.08371347465473,24.08371347465473,55.38784884039236,51.67000000000006,47.95215115960776
2021-08-18,35.83786077270707,31.82922816237559,35.83786077270707,31.82922816237559,290.0,28877796.0,3.14,134000.0,0.0,0.0,-127.0,37.795576870711976,37.795576870711976,37.795576870711976,37.795576870711976,37.795576870711976,55.315430775364455,51.63000000000007,47.94456922463568
2021-08-19,34.19329354795569,35.83786077270707,36.797191653812035,34.19329354795569,262.0,20304890.0,2.75,-157000.0,0.0,0.0,-81.0,33.80084274447581,33.80084274447581,33.80084274447581,33.80084274447581,33.80084274447581,54.60688754341934,51.01000000000006,47.413112456580784
2021-08-20,34.535911719778895,34.810006257237454,35.08410079469602,33.23396266685072,156.0,14181044.0,2.61,-55000.0,0.0,0.0,-50.0,35.3342746690389,35.3342746690389,35.3342746690389,35.3342746690389,35.3342746690389,52.98568873326606,50.390000000000065,47.79431126673407
2021-08-23,35.97490804143635,34.535911719778895,36.31752621325955,34.535911719778895,177.0,21025850.0,2.76,61000.0,0.0,0.0,-206.0,41.466914145857686,41.466914145857686,41.466914145857686,41.466914145857686,41.466914145857686,53.79509259121226,50.69000000000007,47.58490740878788
2021-08-24,35.5637662352485,36.24900257889491,36.24900257889491,34.94705352596674,164.0,23157820.0,2.92,63000.0,0.0,0.0,-2.0,40.29120426446981,40.29120426446981,40.29120426446981,40.29120426446981,40.29120426446981,53.50142808585009,51.40000000000007,49.29857191415005
2021-08-25,37.13980982563524,35.2211480634253,37.13980982563524,35.2211480634253,257.0,27399852.0,3.39,184000.0,0.0,0.0,0.0,46.54763505388468,46.54763505388468,46.54763505388468,46.54763505388468,46.54763505388468,54.856101428757576,51.780000000000065,48.703898571242554
2021-08-26,36.45457348198883,37.20833345999988,37.82504616928165,35.5637662352485,210.0,24682979.0,3.47,32000.0,0.0,0.0,-1.0,44.37071917152346,44.37071917152346,44.37071917152346,44.37071917152346,44.37071917152346,54.99060777070928,52.44000000000007,49.889392229290856
2021-08-27,36.31752621325955,36.111955310165634,37.00276255690596,36.04343167580099,155.0,20108224.0,3.67,80000.0,0.0,0.0,0.0,43.928230238425186,43.928230238425186,43.928230238425186,43.928230238425186,43.928230238425186,54.49153517752816,52.96000000000006,51.42846482247196
2021-08-30,37.00276255690596,36.52309711635347,37.34538072872916,36.31752621325955,113.0,12237316.0,3.63,-19000.0,0.0,0.0,-3.0,46.78574585432576,46.78574585432576,46.78574585432576,46.78574585432576,46.78574585432576,54.89755915923784,53.26000000000006,51.62244084076229
2021-08-31,37.482427997458444,37.00276255690596,38.852900684751255,37.00276255690596,381.0,30849828.0,3.5,-50000.0,0.0,0.0,-15.0,48.754462113597874,48.754462113597874,48.754462113597874,48.754462113597874,48.754462113597874,55.0874383614214,53.820000000000064,52.55256163857873
2021-09-01,38.51028251292806,38.16766434110485,38.71585341602197,37.482427997458444,192.0,20144392.0,3.7,81000.0,0.0,0.0,0.0,52.78542787536619,52.78542787536619,52.78542787536619,52.78542787536619,52.78542787536619,56.54000000000094,54.22000000000006,51.89999999999919
2021-09-02,37.61947526618772,38.51028251292806,38.92142431911589,37.20833345999988,166.0,15547521.0,3.61,-36000.0,0.0,0.0,0.0,49.17518954704182,49.17518954704182,49.17518954704182,49.17518954704182,49.17518954704182,56.671302915264754,54.56000000000006,52.448697084735365
2021-09-03,37.276857094364516,37.687998900552365,38.37323524419877,37.0712861912706,123.0,11229168.0,3.65,14000.0,0.0,0.0,0.0,47.82047726575591,47.82047726575591,47.82047726575591,47.82047726575591,47.82047726575591,56.32916083752138,54.84000000000005,53.35083916247873
2021-09-06,35.76933713834243,37.20833345999988,37.20833345999988,35.700813503977784,155.0,12062447.0,3.33,-126000.0,0.0,0.0,0.0,42.29885158695794,42.29885158695794,42.29885158695794,42.29885158695794,42.29885158695794,57.070443977392195,54.480000000000054,51.88955602260791
2021-09-07,34.94705352596674,36.180478944530265,36.180478944530265,34.46738808541425,157.0,14361887.0,3.3,-12000.0,0.0,0.0,0.0,39.612119369220764,39.612119369220764,39.612119369220764,39.612119369220764,39.612119369220764,57.50425291392711,53.74000000000005,49.97574708607299
2021-09-08,34.33034081668497,35.28967169778994,35.28967169778994,34.02198446204409,125.0,9876104.0,3.42,48000.0,0.0,0.0,0.0,37.67907430766122,37.67907430766122,37.67907430766122,37.67907430766122,37.67907430766122,56.258234877586624,52.52000000000006,48.781765122413496
2021-09-09,36.24900257889491,34.33034081668497,36.52309711635347,34.33034081668497,161.0,13472736.0,3.67,99000.0,0.0,0.0,0.0,46.43661422382889,46.43661422382889,46.43661422382889,46.43661422382889,46.43661422382889,55.106369032789566,52.12000000000006,49.13363096721056
2021-09-10,36.31752621325955,36.31752621325955,37.4139043630938,36.111955310165634,112.0,10726300.0,3.69,6000.0,0.0,0.0,0.0,46.72455420663924,46.72455420663924,46.72455420663924,46.72455420663924,46.72455420663924,54.09068878346368,51.84000000000005,49.58931121653642
2021-09-13,35.97490804143635,36.797191653812035,36.797191653812035,35.49524260088386,72.0,4200258.0,3.58,-40000.0,0.0,0.0,0.0,45.41011282922421,45.41011282922421,45.41011282922421,45.41011282922421,45.41011282922421,54.2013039781845,51.900000000000055,49.59869602181561
2021-09-14,35.01557716033138,36.04343167580099,36.04343167580099,34.94705352596674,73.0,4033931.0,3.51,-23000.0,0.0,0.0,0.0,41.859277757625726,41.859277757625726,41.859277757625726,41.859277757625726,41.859277757625726,54.19121113065386,51.92000000000006,49.648788869346255
2021-09-15,34.67295898850818,35.01557716033138,35.01557716033138,34.26181718232033,106.0,8450003.0,3.46,-21000.0,0.0,0.0,0.0,40.6371193868822,40.6371193868822,40.6371193868822,40.6371193868822,40.6371193868822,53.98529895944756,52.02000000000006,50.05470104055256
2021-09-16,34.67295898850818,34.46738808541425,35.426718966519225,34.46738808541425,93.0,5825550.0,3.22,-48000.0,0.0,0.0,0.0,40.6371193868822,40.6371193868822,40.6371193868822,40.6371193868822,40.6371193868822,53.56239856172714,51.56000000000006,49.557601438272975
2021-09-17,34.535911719778895,34.67295898850818,34.8785298916021,34.26181718232033,74.0,4164706.0,3.16,-24000.0,0.0,0.0,0.0,40.09406268335054,40.09406268335054,40.09406268335054,40.09406268335054,40.09406268335054,52.57153517752816,51.04000000000006,49.508464822471964
2021-09-22,33.91919901049713,34.810006257237454,34.810006257237454,33.43953356994464,217.0,16568651.0,2.81,-135000.0,0.0,0.0,0.0,37.655426400348006,37.655426400348006,37.655426400348006,37.655426400348006,37.655426400348006,51.48766406829896,50.44000000000006,49.39233593170116
2021-09-23,35.608121782804034,34.62291683229167,37.15630099075203,34.62291683229167,398.0,30255524.0,2.77,-17000.0,0.0,0.0,0.0,42.276614240074984,42.276614240074984,42.276614240074984,42.276614240074984,42.276614240074984,51.19416626016609,50.34000000000006,49.48583373983403
2021-09-24,35.959980693701304,36.241467822419125,36.66369851549585,35.39700643626567,250.0,18343457.0,2.5,-94000.0,0.0,0.0,0.0,44.29772403148837,44.29772403148837,44.29772403148837,44.29772403148837,44.29772403148837,51.487664068298095,50.44000000000006,49.39233593170203
2021-09-27,35.39700643626567,35.74886534716294,35.74886534716294,35.185891089727306,74.0,5444221.0,2.5,1000.0,0.0,0.0,0.0,41.777247826103356,41.777247826103356,41.777247826103356,41.777247826103356,41.777247826103356,51.41846039886087,50.38000000000007,49.34153960113926
2021-09-28,35.04514752536839,35.25626287190676,35.32663465408622,34.93958985209921,112.0,5439736.0,2.36,-57000.0,0.0,0.0,0.0,40.23631369507259,40.23631369507259,40.23631369507259,40.23631369507259,40.23631369507259,51.39560556532796,50.26000000000006,49.12439443467216
2021-09-29,34.271057921394394,34.62291683229167,34.834032178830036,34.271057921394394,147.0,9943975.0,2.17,-74000.0,0.0,0.0,0.0,37.00272128379306,37.00272128379306,37.00272128379306,37.00272128379306,37.00272128379306,51.73462533933808,50.10000000000006,48.465374660662036
2021-09-30,33.84882722831767,34.271057921394394,34.271057921394394,33.42659653524094,207.0,11013983.0,2.1,-43000.0,0.0,0.0,0.0,35.33466273405887,35.33466273405887,35.33466273405887,35.33466273405887,35.33466273405887,51.76148097377844,49.60000000000006,47.43851902622168
2021-10-01,32.19509034710048,33.84882722831767,33.84882722831767,32.19509034710048,264.0,17687649.0,2.04,-107000.0,0.0,1000.0,0.0,29.689441687030747,29.689441687030747,29.689441687030747,29.689441687030747,29.689441687030747,51.715969240279364,48.53000000000006,45.34403075972075
2021-10-04,30.259866337165484,32.44139158472858,32.44139158472858,29.626520297550393,205.0,13499237.0,2.09,20000.0,0.0,0.0,0.0,24.713609770687402,24.713609770687402,24.713609770687402,24.713609770687402,24.713609770687402,51.92617133140969,47.070000000000064,42.21382866859044
2021-10-05,30.646911139152483,29.7672638619093,30.822840594601118,29.345033168832575,141.0,6334459.0,2.05,-18000.0,0.0,0.0,0.0,27.33658479769035,27.33658479769035,27.33658479769035,27.33658479769035,27.33658479769035,50.433285163525674,45.820000000000064,41.206714836474454
2021-10-06,29.872821535178485,30.470981683703844,31.315443069857302,29.802449752999028,144.0,7677736.0,1.9,-59000.0,0.0,0.0,0.0,25.428436933384546,25.428436933384546,25.428436933384546,25.428436933384546,25.428436933384546,48.751196001146894,44.570000000000064,40.388803998853234
2021-10-07,31.59693019857512,30.68209703024221,32.511763366908035,30.68209703024221,261.0,21056289.0,1.91,3000.0,0.0,0.0,0.0,36.1231543413587,36.1231543413587,36.1231543413587,36.1231543413587,36.1231543413587,46.37180261282664,43.930000000000064,41.488197387173486
2021-10-08,31.245071287677845,31.63211608966485,31.878417327292937,31.139513614408667,93.0,4623464.0,1.86,-18000.0,0.0,0.0,0.0,35.01934838980295,35.01934838980295,35.01934838980295,35.01934838980295,35.01934838980295,45.44818343578228,43.66000000000007,41.87181656421785
2021-10-12,30.752468812421668,30.96358415896003,31.174699505498392,30.330238119344937,113.0,7726559.0,1.88,7000.0,0.0,0.0,0.0,33.4770548902813,33.4770548902813,33.4770548902813,33.4770548902813,33.4770548902813,45.46493243106335,43.80000000000007,42.13506756893678
2021-10-13,30.04875099062712,31.033955941139485,31.033955941139485,29.69689207972985,117.0,5899381.0,1.76,-48000.0,0.0,0.0,0.0,31.352729837710363,31.352729837710363,31.352729837710363,31.352729837710363,31.352729837710363,45.5206083676973,43.63000000000007,41.739391632302834
2021-10-14,30.259866337165484,30.04875099062712,30.470981683703844,29.69689207972985,75.0,5185843.0,1.7,-23000.0,0.0,0.0,0.0,32.73180967464063,32.73180967464063,32.73180967464063,32.73180967464063,32.73180967464063,45.39215011424724,43.740000000000066,42.087849885752895
2021-10-15,31.667301980754576,30.611725248062758,32.08953267383131,30.611725248062758,165.0,10929512.0,1.82,47000.0,0.0,0.0,0.0,41.211021341564695,41.211021341564695,41.211021341564695,41.211021341564695,41.211021341564695,45.46926884954008,43.76000000000006,42.050731150460045
2021-10-18,31.139513614408667,32.08953267383131,32.44139158472858,30.96358415896003,143.0,8780377.0,1.87,-23000.0,0.0,0.0,0.0,39.214786906417864,39.214786906417864,39.214786906417864,39.214786906417864,39.214786906417864,45.398052756961704,43.73000000000006,42.06194724303842
2021-10-19,31.38581485203676,30.96358415896003,31.948789109472393,30.96358415896003,110.0,6779053.0,2.01,56000.0,0.0,0.0,0.0,40.65936757847677,40.65936757847677,40.65936757847677,40.65936757847677,40.65936757847677,45.71488226762986,43.91000000000007,42.105117732370275
2021-10-20,32.300648020369664,31.456186634216213,32.582135149087485,31.456186634216213,112.0,5956523.0,1.96,19000.0,0.0,0.0,0.0,45.81067630371424,45.81067630371424,45.81067630371424,45.81067630371424,45.81067630371424,46.45157829184249,44.55000000000006,42.648421708157635
2021-10-21,31.948789109472393,32.72287871344639,32.72287871344639,31.878417327292937,80.0,4614845.0,1.86,-41000.0,0.0,0.0,0.0,44.22065863533827,44.22065863533827,44.22065863533827,44.22065863533827,44.22065863533827,46.19206712370885,45.030000000000065,43.86793287629128
2021-10-22,33.42659653524094,32.511763366908035,33.6377118817793,32.08953267383131,169.0,11189321.0,1.91,20000.0,0.0,0.0,0.0,51.789220635771336,51.789220635771336,51.789220635771336,51.789220635771336,51.789220635771336,47.81700677742859,45.530000000000065,43.24299322257154
2021-10-25,33.88401311940739,33.42659653524094,33.919199010497124,33.215481188702576,110.0,6675713.0,1.84,-25000.0,0.0,0.0,0.0,53.87539864001407,53.87539864001407,53.87539864001407,53.87539864001407,53.87539864001407,48.95151471697663,46.310000000000066,43.6684852830235
2021-10-26,33.70808366395876,33.6377118817793,34.48217326793276,33.145109406523126,103.0,7029608.0,1.73,-44000.0,0.0,0.0,0.0,52.92677492736446,52.92677492736446,52.92677492736446,52.92677492736446,52.92677492736446,49.18774660410084,46.97000000000007,44.7522533958993
2021-10-27,33.95438490158685,33.919199010497124,34.376615594663576,33.6377118817793,79.0,6945842.0,1.82,36000.0,0.0,0.0,0.0,54.14411325242767,54.14411325242767,54.14411325242767,54.14411325242767,54.14411325242767,49.54466149297259,47.44000000000007,45.33533850702755
2021-10-28,33.81364133722794,34.34142970357385,34.34142970357385,33.81364133722794,64.0,3270258.0,1.84,8000.0,0.0,0.0,0.0,53.295952438178986,53.295952438178986,53.295952438178986,53.295952438178986,53.295952438178986,48.49383203415212,47.97000000000006,47.446167965848005
2021-10-29,34.13031435703549,33.81364133722794,34.58773094120194,33.81364133722794,68.0,4140097.0,1.89,19000.0,0.0,0.0,0.0,55.00387916319536,55.00387916319536,55.00387916319536,55.00387916319536,55.00387916319536,48.572988833600355,48.17000000000006,47.76701116639976
2021-11-01,36.10072425806021,34.13031435703549,36.241467822419125,34.13031435703549,255.0,18375331.0,2.13,94000.0,0.0,0.0,0.0,63.859828517424376,63.859828517424376,63.859828517424376,63.859828517424376,63.859828517424376,51.33219272568381,48.800000000000054,46.2678072743163
2021-11-02,34.904403961009486,36.593326733316395,36.874813862034216,34.76366039665058,214.0,11766471.0,1.94,-74000.0,0.0,0.0,0.0,56.578850156489445,56.578850156489445,56.578850156489445,56.578850156489445,56.578850156489445,51.551140808829594,49.14000000000006,46.72885919117052
2021-11-03,35.46737821844512,34.76366039665058,35.46737821844512,34.6581027233814,57.0,4628944.0,2.06,46000.0,0.0,0.0,0.0,58.950732556444386,58.950732556444386,58.950732556444386,58.950732556444386,58.950732556444386,51.95964432499982,49.57000000000006,47.18035567500029
2021-11-04,35.46737821844512,35.608121782804034,36.17109604023967,35.25626287190676,87.0,6745451.0,2.04,-9000.0,0.0,0.0,0.0,58.950732556444386,58.950732556444386,58.950732556444386,58.950732556444386,58.950732556444386,51.9187229705308,50.04000000000006,48.161277029469325
2021-11-05,34.93958985209921,34.93958985209921,35.04514752536839,33.84882722831767,185.0,15085930.0,2.01,-12000.0,0.0,0.0,0.0,55.64578373018444,55.64578373018444,55.64578373018444,55.64578373018444,55.64578373018444,51.5119339757017,50.27000000000006,49.02806602429842
2021-11-08,35.8192371293424,34.48217326793276,35.889608911521854,34.48217326793276,95.0,6908385.0,2.06,23000.0,0.0,0.0,0.0,59.70090850194067,59.70090850194067,59.70090850194067,59.70090850194067,59.70090850194067,51.182773891680235,50.19000000000006,49.19722610831989
2021-11-09,36.38221138677804,35.8192371293424,36.80444207985476,35.8192371293424,179.0,13011909.0,2.3,94000.0,0.0,0.0,0.0,62.08976698610411,62.08976698610411,62.08976698610411,62.08976698610411,62.08976698610411,51.96114766032648,50.610000000000056,49.25885233967363
2021-11-10,38.1415059412644,36.241467822419125,38.70448019870004,36.241467822419125,374.0,31469600.0,2.46,61000.0,0.0,0.0,0.0,68.39481271391313,68.39481271391313,68.39481271391313,68.39481271391313,68.39481271391313,54.498961489057336,51.37000000000006,48.241038510942786
2021-11-11,37.78964703036713,38.1415059412644,39.05633910959731,37.648903466008214,235.0,22456143.0,2.37,-36000.0,0.0,0.0,0.0,66.02952151372648,66.02952151372648,66.02952151372648,66.02952151372648,66.02952151372648,55.44150992963557,52.030000000000065,48.61849007036456
2021-11-12,37.3674163372904,37.15630099075203,38.35262128780276,37.15630099075203,114.0,7097199.0,2.35,-7000.0,0.0,0.0,0.0,63.204788764741096,63.204788764741096,63.204788764741096,63.204788764741096,63.204788764741096,55.193539973399126,52.72000000000006,50.246460026601
2021-11-15,40.956377228442584,37.648903466008214,41.09712079280149,37.43778811946986,676.0,59469067.0,2.08,-115000.0,0.0,0.0,0.0,73.55906303715672,73.55906303715672,73.55906303715672,73.55906303715672,73.55906303715672,58.535043053748346,54.180000000000064,49.82495694625178
2021-11-16,39.47856980267404,41.16749257498095,41.51935148587822,39.337826238315124,844.0,67391245.0,1.6,-189000.0,0.0,0.0,0.0,65.3983357853833,65.3983357853833,65.3983357853833,65.3983357853833,65.3983357853833,58.787948497497936,55.06000000000007,51.33205150250221
2021-11-17,39.197082673956224,39.337826238315124,39.83042871357131,38.84522376305895,213.0,14568928.0,1.55,-18000.0,0.0,0.0,0.0,63.94317084450538,63.94317084450538,63.94317084450538,63.94317084450538,63.94317084450538,59.00329521175506,55.36000000000007,51.71670478824508
2021-11-18,38.63410841652058,38.70448019870004,39.267454456135674,38.282249505623305,272.0,19402597.0,1.41,-57000.0,0.0,0.0,0.0,61.01885511812565,61.01885511812565,61.01885511812565,61.01885511812565,61.01885511812565,58.91783061653247,55.600000000000065,52.28216938346766
2021-11-19,38.563736634341126,38.493364852161676,39.971172277930215,38.493364852161676,155.0,11669240.0,1.48,28000.0,0.0,0.0,0.0,60.64549892384815,60.64549892384815,60.64549892384815,60.64549892384815,60.64549892384815,58.401219210066145,55.94000000000007,53.47878078993399
2021-11-22,39.40819802049458,38.70448019870004,39.76005693139186,38.563736634341126,200.0,13651399.0,1.62,55000.0,0.0,0.0,0.0,63.52932483041123,63.52932483041123,63.52932483041123,63.52932483041123,63.52932483041123,56.59544511500908,55.50000000000007,54.404554884991065
2021-11-23,38.70448019870004,39.83042871357131,39.83042871357131,38.563736634341126,101.0,7744106.0,1.48,-55000.0,0.0,0.0,0.0,59.609272311606254,59.609272311606254,59.609272311606254,59.609272311606254,59.609272311606254,56.23833188405529,55.280000000000065,54.32166811594484
2021-11-24,38.42299306998222,38.42299306998222,39.337826238315124,38.42299306998222,111.0,7030335.0,1.48,-5000.0,0.0,0.0,0.0,58.0658557668448,58.0658557668448,58.0658557668448,58.0658557668448,58.0658557668448,56.03652444925635,55.06000000000007,54.0834755507438
2021-11-25,38.42299306998222,39.05633910959731,39.05633910959731,38.42299306998222,86.0,4829674.0,1.49,-1000.0,0.0,0.0,0.0,58.0658557668448,58.0658557668448,58.0658557668448,58.0658557668448,58.0658557668448,56.04307238483062,55.00000000000007,53.95692761516952
2021-11-26,37.15630099075203,38.35262128780276,38.35262128780276,36.45258316895749,193.0,16954828.0,1.54,10000.0,0.0,0.0,0.0,51.153493220798694,51.153493220798694,51.153493220798694,51.153493220798694,51.153493220798694,56.67074865688691,54.600000000000065,52.52925134311322
2021-11-29,37.15630099075203,36.03035247588076,38.00076237690549,36.03035247588076,156.0,13141438.0,1.68,50000.0,0.0,0.0,0.0,51.15349322079869,51.15349322079869,51.15349322079869,51.15349322079869,51.15349322079869,55.87666376811289,53.96000000000007,52.04333623188725
2021-11-30,38.63410841652058,37.43778811946986,39.197082673956224,37.43778811946986,122.0,8371243.0,1.77,32000.0,0.0,0.0,0.0,57.929845033472795,57.929845033472795,57.929845033472795,57.929845033472795,57.929845033472795,55.81445992221724,53.94000000000007,52.0655400777829
2021-12-01,38.98596732741785,39.548941584853495,39.548941584853495,38.563736634341126,98.0,7333937.0,1.79,10000.0,0.0,0.0,0.0,59.37492539501966,59.37492539501966,59.37492539501966,59.37492539501966,59.37492539501966,56.28357505023264,54.100000000000065,51.91642494976749
2021-12-02,39.76005693139186,39.05633910959731,40.74526188190422,38.77485198087949,203.0,17264192.0,1.7,-40000.0,0.0,-1000.0,0.0,62.4322427427076,62.4322427427076,62.4322427427076,62.4322427427076,62.4322427427076,57.4123028492983,54.48000000000006,51.54769715070182
2021-12-03,39.900800495750765,39.619313367032944,40.67489009972476,39.619313367032944,118.0,11591351.0,1.66,-18000.0,0.0,0.0,0.0,62.97778790308507,62.97778790308507,62.97778790308507,62.97778790308507,62.97778790308507,58.061713761253976,55.26000000000006,52.45828623874615
2021-12-06,40.11191584228913,39.6896851492124,40.11191584228913,39.05633910959731,97.0,7001433.0,1.68,-5000.0,0.0,0.0,0.0,63.82635016032046,63.82635016032046,63.82635016032046,63.82635016032046,63.82635016032046,57.714930339055584,56.10000000000006,54.48506966094453
2021-12-07,43.63050495126186,40.956377228442584,43.63050495126186,38.77485198087949,1138.0,100531653.0,1.75,23000.0,0.0,0.0,0.0,74.3702134946087,74.3702134946087,74.3702134946087,74.3702134946087,74.3702134946087,62.128513860237646,57.52000000000005,52.91148613976246
2021-12-08,43.13790247600568,43.63050495126186,45.249055941389315,42.57492821857004,1641.0,147388712.0,1.19,-221000.0,0.0,0.0,0.0,71.23951592143315,71.23951592143315,71.23951592143315,71.23951592143315,71.23951592143315,63.54809240836054,58.700000000000045,53.85190759163955
2021-12-09,43.34901782254404,44.12310742651805,44.75645346613313,43.06753069382622,1130.0,105553243.0,1.07,-48000.0,0.0,0.0,0.0,71.78765302787514,71.78765302787514,71.78765302787514,71.78765302787514,71.78765302787514,64.43151780215287,59.72000000000005,55.00848219784723
2021-12-10,43.48976138690295,43.06753069382622,43.98236386215913,42.85641534728786,447.0,34652607.0,1.17,-3000.0,0.0,0.0,0.0,72.16847624704783,72.16847624704783,72.16847624704783,72.16847624704783,72.16847624704783,64.50850102826078,60.74000000000005,56.97149897173933
2021-12-13,42.36381287203168,44.05273564433859,44.12310742651805,42.36381287203168,382.0,31321704.0,1.01,-107000.0,0.0,0.0,0.0,64.65003766907604,64.65003766907604,64.65003766907604,64.65003766907604,64.65003766907604,62.647438361421386,61.38000000000005,60.11256163857872
2021-12-14,40.32303118882749,41.73046683241658,41.94158217895495,40.11191584228913,422.0,30378385.0,1.01,-28000.0,0.0,-1000.0,0.0,53.72507734699463,53.72507734699463,53.72507734699463,53.72507734699463,53.72507734699463,63.76890372345064,60.440000000000055,57.11109627654947
2021-12-15,40.67489009972476,40.182287624468586,40.956377228442584,40.182287624468586,156.0,8118865.0,0.99,-20000.0,0.0,-1000.0,0.0,55.132861739032656,55.132861739032656,55.132861739032656,55.132861739032656,55.132861739032656,63.4957422701784,59.74000000000005,55.98425772982171
2021-12-16,39.900800495750765,40.67489009972476,40.886005446263134,39.900800495750765,178.0,10201169.0,0.9,-36000.0,0.0,0.0,0.0,51.42620566903724,51.42620566903724,51.42620566903724,51.42620566903724,51.42620566903724,62.618704445795366,58.76000000000006,54.90129555420476
2021-12-17,39.47856980267404,39.83042871357131,40.32303118882749,39.267454456135674,124.0,6760784.0,0.88,-4000.0,0.0,-1000.0,0.0,49.472414637563126,49.472414637563126,49.472414637563126,49.472414637563126,49.472414637563126,60.441063629201174,57.62000000000006,54.79893637079895
2021-12-20,40.60451831754531,39.47856980267404,41.16749257498095,38.98596732741785,170.0,11515995.0,0.87,-8000.0,0.0,0.0,0.0,54.44294454248292,54.44294454248292,54.44294454248292,54.44294454248292,54.44294454248292,58.4000000000007,57.12000000000006,55.83999999999942
2021-12-21,40.81563366408368,40.534146535365856,40.886005446263134,40.39340297100695,110.0,5911608.0,0.84,-10000.0,0.0,0.0,0.0,55.330250943958944,55.330250943958944,55.330250943958944,55.330250943958944,55.330250943958944,58.72751490622871,57.26000000000006,55.79248509377141
2021-12-22,42.43418465421113,41.44897970369877,42.7860435651084,41.44897970369877,401.0,29460831.0,1.04,78000.0,0.0,0.0,0.0,61.51841949481251,61.51841949481251,61.51841949481251,61.51841949481251,61.51841949481251,60.64333140655102,57.76000000000006,54.876668593449104
2021-12-23,42.0119539611344,44.3342227730564,44.3342227730564,41.66009505023713,251.0,19233242.0,0.95,-41000.0,0.0,0.0,0.0,59.21390000544798,59.21390000544798,59.21390000544798,59.21390000544798,59.21390000544798,61.35759903923219,58.360000000000056,55.36240096076792
2021-12-24,41.44897970369877,42.223069307672766,42.50455643639059,41.237864357160404,115.0,8461522.0,0.93,-3000.0,0.0,0.0,0.0,56.19138561338364,56.19138561338364,56.19138561338364,56.19138561338364,56.19138561338364,60.88936538001593,58.92000000000006,56.950634619984186
2021-12-27,41.589723268057675,41.44897970369877,41.589723268057675,41.30823613933986,85.0,4797529.0,0.98,21000.0,0.0,0.0,0.0,56.78526905545963,56.78526905545963,56.78526905545963,56.78526905545963,56.78526905545963,60.74919333848292,59.20000000000007,57.650806661517215
2021-12-28,41.30823613933986,41.09712079280149,41.80083861459604,41.09712079280149,84.0,5762047.0,0.97,4000.0,0.0,0.0,0.0,55.174278329887414,55.174278329887414,55.174278329887414,55.174278329887414,55.174278329887414,60.51029910706706,59.34000000000007,58.16970089293307
2021-12-29,42.223069307672766,41.871210396775496,42.36381287203168,41.37860792151931,153.0,13197338.0,1.24,119000.0,0.0,0.0,0.0,59.22319289922308,59.22319289922308,59.22319289922308,59.22319289922308,59.22319289922308,60.263056458198065,59.280000000000065,58.296943541802065
2021-12-30,41.80083861459604,42.926787129467314,42.926787129467314,41.73046683241658,145.0,9940571.0,1.21,-10000.0,0.0,0.0,0.0,56.67857359989647,56.67857359989647,56.67857359989647,56.67857359989647,56.67857359989647,60.12686272390295,59.22000000000006,58.31313727609717
2022-01-03,41.94158217895495,42.08232574331385,42.223069307672766,41.237864357160404,129.0,10363474.0,1.26,42000.0,0.0,0.0,0.0,57.33660980740365,57.33660980740365,57.33660980740365,57.33660980740365,57.33660980740365,60.241816307406836,59.360000000000056,58.47818369259328
2022-01-04,41.94158217895495,41.589723268057675,42.223069307672766,41.51935148587822,120.0,10191023.0,1.25,5000.0,0.0,0.0,0.0,57.33660980740365,57.33660980740365,57.33660980740365,57.33660980740365,57.33660980740365,60.31416626016822,59.46000000000006,58.605833739831894
2022-01-05,41.66009505023713,42.0119539611344,43.20827425818513,41.66009505023713,240.0,20294626.0,1.19,-10808.0,0.0,0.0,0.0,55.38523624022042,55.38523624022042,55.38523624022042,55.38523624022042,55.38523624022042,60.09065996646573,59.56000000000006,59.02934003353439
2022-01-06,41.66009505023713,41.09712079280149,42.223069307672766,41.09712079280149,86.0,5458366.0,1.21,10000.0,0.0,0.0,0.0,55.38523624022042,55.38523624022042,55.38523624022042,55.38523624022042,55.38523624022042,59.75777087641613,59.400000000000055,59.04222912358398
2022-01-07,40.81563366408368,42.08232574331385,42.08232574331385,40.81563366408368,174.0,15617396.0,1.15,-18000.0,0.0,0.0,0.0,49.521277951166304,49.521277951166304,49.521277951166304,49.521277951166304,49.521277951166304,60.29575507654157,59.12000000000005,57.94424492345853
2022-01-10,41.37860792151931,40.956377228442584,41.94158217895495,40.886005446263134,123.0,8836762.0,1.32,67000.0,0.0,0.0,0.0,53.087274734638356,53.087274734638356,53.087274734638356,53.087274734638356,53.087274734638356,60.04517279730553,58.96000000000005,57.87482720269457
2022-01-11,40.956377228442584,41.09712079280149,41.30823613933986,40.67489009972476,109.0,9567065.0,1.12,-83000.0,0.0,0.0,0.0,50.22171115822377,50.22171115822377,50.22171115822377,50.22171115822377,50.22171115822377,59.67919967975037,58.68000000000005,57.68080032024973
2022-01-12,40.956377228442584,40.956377228442584,41.237864357160404,40.4637747531864,108.0,8245234.0,1.11,-3800.0,0.0,0.0,0.0,50.221711158223755,50.221711158223755,50.221711158223755,50.221711158223755,50.221711158223755,59.377997772833616,58.480000000000054,57.58200222716649
2022-01-13,40.81563366408368,41.09712079280149,41.09712079280149,40.534146535365856,77.0,4625500.0,1.14,9000.0,0.0,0.0,0.0,49.19513798203492,49.19513798203492,49.19513798203492,49.19513798203492,49.19513798203492,58.827877538280866,58.24000000000005,57.65212246171924
2022-01-14,40.534146535365856,40.81563366408368,40.81563366408368,39.900800495750765,89.0,6238912.0,1.03,-42000.0,0.0,0.0,0.0,47.12058853184049,47.12058853184049,47.12058853184049,47.12058853184049,47.12058853184049,58.93562877719486,58.16000000000006,57.384371222805264
2022-01-17,41.37860792151931,40.534146535365856,41.51935148587822,40.534146535365856,90.0,6809985.0,1.16,50000.0,0.0,0.0,0.0,53.46109188065831,53.46109188065831,53.46109188065831,53.46109188065831,53.46109188065831,58.93562877719486,58.16000000000006,57.384371222805264
2022-01-18,41.44897970369877,41.51935148587822,41.871210396775496,40.81563366408368,99.0,7915780.0,1.19,11000.0,0.0,0.0,0.0,53.95655165731183,53.95655165731183,53.95655165731183,53.95655165731183,53.95655165731183,59.27979589712216,58.300000000000054,57.320204102877945
2022-01-19,40.81563366408368,40.74526188190422,40.886005446263134,40.74526188190422,33.0,2163949.0,1.25,11000.0,0.0,0.0,0.0,48.909764626068686,48.909764626068686,48.909764626068686,48.909764626068686,48.909764626068686,59.26876161704037,58.26000000000006,57.251238382959755
2022-01-20,41.16749257498095,40.81563366408368,41.44897970369877,40.4637747531864,64.0,4758256.0,1.22,-15000.0,0.0,0.0,0.0,51.617293691669,51.617293691669,51.617293691669,51.617293691669,51.617293691669,59.344682690015844,58.360000000000056,57.37531730998427
2022-01-21,40.67489009972476,40.534146535365856,41.16749257498095,40.534146535365856,79.0,7187608.0,1.2,-9000.0,0.0,0.0,0.0,47.798206739353084,47.798206739353084,47.798206739353084,47.798206739353084,47.798206739353084,59.26717933555688,58.400000000000055,57.53282066444323
2022-01-24,40.956377228442584,39.83042871357131,41.09712079280149,39.76005693139186,124.0,9891732.0,1.1,5000.0,0.0,0.0,0.0,50.07152005013279,50.07152005013279,50.07152005013279,50.07152005013279,50.07152005013279,59.05356318424603,58.28000000000005,57.50643681575407
2022-01-25,40.4637747531864,41.026749010622034,41.026749010622034,40.32303118882749,103.0,7264253.0,1.08,-7000.0,0.0,0.0,0.0,46.273728703616655,46.273728703616655,46.273728703616655,46.273728703616655,46.273728703616655,58.68117545465575,58.00000000000004,57.318824545344334
2022-01-26,40.4637747531864,40.81563366408368,41.37860792151931,40.4637747531864,137.0,9077691.0,1.14,33000.0,0.0,0.0,0.0,46.27372870361666,46.27372870361666,46.27372870361666,46.27372870361666,46.27372870361666,58.689936706339,57.90000000000005,57.1100632936611
2022-02-07,43.278646040364585,41.871210396775496,43.63050495126186,41.80083861459604,472.0,35762506.0,1.58,174000.0,0.0,1000.0,0.0,64.24581584266357,64.24581584266357,64.24581584266357,64.24581584266357,64.24581584266357,61.54368198076359,58.50000000000004,55.4563180192365
2022-02-08,44.263850990876946,43.278646040364585,44.47496633741532,43.278646040364585,463.0,34149222.0,1.97,154000.0,0.0,0.0,0.0,68.24913409297268,68.24913409297268,68.24913409297268,68.24913409297268,68.24913409297268,64.0142630096632,59.52000000000004,55.025736990336874
2022-02-09,44.05273564433859,44.82682524831259,44.89719703049204,43.911992079979676,306.0,26248159.0,1.97,-2000.0,0.0,10000.0,0.0,66.53008135406961,66.53008135406961,66.53008135406961,66.53008135406961,66.53008135406961,65.22659300128181,60.40000000000005,55.57340699871828
2022-02-10,43.278646040364585,44.68608168395368,45.38979950574822,42.85641534728786,425.0,50334050.0,1.76,-85000.0,0.0,0.0,0.0,60.51160143985196,60.51160143985196,60.51160143985196,60.51160143985196,60.51160143985196,65.06988371918624,61.200000000000045,57.33011628081385
2022-02-11,43.63050495126186,42.223069307672766,44.05273564433859,42.223069307672766,252.0,26097024.0,1.96,107000.0,0.0,0.0,0.0,62.186090608738795,62.186090608738795,62.186090608738795,62.186090608738795,62.186090608738795,63.23841995767117,62.100000000000044,60.96158004232892
2022-02-14,43.06753069382622,43.20827425818513,43.560133169082405,42.7860435651084,195.0,15279295.0,1.98,5000.0,0.0,0.0,0.0,57.95176587422707,57.95176587422707,57.95176587422707,57.95176587422707,57.95176587422707,63.32124939025406,62.04000000000004,60.75875060974602
2022-02-15,42.50455643639059,43.06753069382622,43.911992079979676,42.43418465421113,196.0,17135871.0,1.89,-37000.0,0.0,0.0,0.0,53.99254790596228,53.99254790596228,53.99254790596228,53.99254790596228,53.99254790596228,63.023778959288045,61.54000000000004,60.05622104071204
2022-02-16,42.99715891164677,42.99715891164677,43.13790247600568,42.57492821857004,125.0,8542491.0,1.97,25000.0,0.0,0.0,0.0,56.77525752105696,56.77525752105696,56.77525752105696,56.77525752105696,56.77525752105696,62.28766406830936,61.240000000000045,60.19233593169073
2022-02-17,43.20827425818513,43.278646040364585,43.34901782254404,42.7860435651084,126.0,10407004.0,2.13,61000.0,0.0,0.0,0.0,57.949134388011444,57.949134388011444,57.949134388011444,57.949134388011444,57.949134388011444,62.25072789815075,61.22000000000004,60.18927210184933
2022-02-18,43.911992079979676,42.645300000749494,44.12310742651805,42.645300000749494,150.0,12737136.0,2.24,84000.0,0.0,0.0,0.0,61.68446033978926,61.68446033978926,61.68446033978926,61.68446033978926,61.68446033978926,62.58996123973934,61.30000000000003,60.01003876026073
2022-02-21,44.615709901774224,43.4193896047235,44.82682524831259,43.4193896047235,323.0,24641277.0,2.62,148000.0,0.0,0.0,0.0,65.0297728997879,65.0297728997879,65.0297728997879,65.0297728997879,65.0297728997879,63.83990475975224,61.74000000000003,59.640095240247824
2022-02-22,43.63050495126186,44.1934792086975,45.03794059485095,43.560133169082405,264.0,17676467.0,2.56,-15000.0,0.0,0.0,0.0,57.46527721551339,57.46527721551339,57.46527721551339,57.46527721551339,57.46527721551339,63.67789987330087,62.06000000000004,60.4421001266992
2022-02-23,44.1934792086975,43.63050495126186,44.615709901774224,43.63050495126186,212.0,20081545.0,2.69,47000.0,0.0,0.0,0.0,60.306673897117506,60.306673897117506,60.306673897117506,60.306673897117506,60.306673897117506,63.76235090928474,62.400000000000034,61.03764909071533
2022-02-24,43.34901782254404,44.05273564433859,45.600914852286586,43.34901782254404,907.0,84406524.0,2.8,40000.0,0.0,0.0,0.0,54.43279681598302,54.43279681598302,54.43279681598302,54.43279681598302,54.43279681598302,63.68963994815783,62.44000000000003,61.190360051842234
2022-02-25,44.3342227730564,44.12310742651805,44.75645346613313,43.4193896047235,282.0,24454106.0,2.91,39000.0,0.0,0.0,0.0,59.401070719363545,59.401070719363545,59.401070719363545,59.401070719363545,59.401070719363545,63.88423562859009,62.56000000000004,61.235764371409985
2022-03-01,44.68608168395368,44.40459455523586,45.249055941389315,44.40459455523586,280.0,30577851.0,2.88,-12000.0,0.0,-1000.0,0.0,61.0350766758379,61.0350766758379,61.0350766758379,61.0350766758379,61.0350766758379,63.95637204273649,62.58000000000004,61.20362795726359
2022-03-02,44.263850990876946,44.68608168395368,44.68608168395368,43.84162029780022,204.0,25208319.0,2.74,-54000.0,0.0,0.0,0.0,58.01746247561059,58.01746247561059,58.01746247561059,58.01746247561059,58.01746247561059,64.01602547746043,62.76000000000003,61.50397452253963
2022-03-03,43.98236386215913,44.3342227730564,44.68608168395368,43.84162029780022,171.0,18484998.0,2.7,-15000.0,0.0,0.0,0.0,56.02867667886532,56.02867667886532,56.02867667886532,56.02867667886532,56.02867667886532,63.97121988657784,62.70000000000003,61.42878011342222
2022-03-04,43.13790247600568,43.911992079979676,44.12310742651805,42.85641534728786,240.0,22644602.0,2.58,-50000.0,0.0,0.0,0.0,50.4423013608164,50.4423013608164,50.4423013608164,50.4423013608164,50.4423013608164,64.12377895928987,62.64000000000003,61.156221040710186
2022-03-07,42.0119539611344,42.85641534728786,43.34901782254404,41.51935148587822,284.0,25473120.0,2.36,-84000.0,0.0,-10000.0,0.0,44.12504722694335,44.12504722694335,44.12504722694335,44.12504722694335,44.12504722694335,64.67636792742209,61.98000000000003,59.28363207257797
2022-03-08,41.871210396775496,42.0119539611344,42.43418465421113,41.51935148587822,236.0,23016492.0,2.26,-42000.0,0.0,0.0,0.0,43.39348266532937,43.39348266532937,43.39348266532937,43.39348266532937,43.39348266532937,63.96969532387194,61.18000000000003,58.39030467612812
2022-03-09,42.15269752549331,41.871210396775496,42.223069307672766,41.16749257498095,256.0,15631713.0,2.32,31000.0,0.0,0.0,0.0,45.34517199186137,45.34517199186137,45.34517199186137,45.34517199186137,45.34517199186137,62.87921725811893,60.58000000000003,58.280782741881126
2022-03-10,42.223069307672766,42.43418465421113,42.7860435651084,42.08232574331385,229.0,11526472.0,2.27,-21000.0,0.0,0.0,0.0,45.84784399247095,45.84784399247095,45.84784399247095,45.84784399247095,45.84784399247095,61.34743836143284,60.08000000000003,58.81256163856721
2022-03-11,42.43418465421113,42.08232574331385,42.57492821857004,42.08232574331385,145.0,8599688.0,2.33,34000.0,0.0,0.0,0.0,47.41049216284063,47.41049216284063,47.41049216284063,47.41049216284063,47.41049216284063,60.42258639867917,59.88000000000003,59.33741360132089
2022-03-14,44.54533811959477,42.29344108985222,44.68608168395368,42.29344108985222,345.0,29494787.0,2.75,165000.0,0.0,0.0,0.0,59.87872414327957,59.87872414327957,59.87872414327957,59.87872414327957,59.87872414327957,63.34809024597577,60.60000000000004,57.851909754024305
2022-03-15,44.263850990876946,44.47496633741532,44.75645346613313,43.911992079979676,371.0,29234102.0,2.99,89000.0,0.0,-3000.0,0.0,57.90737711818428,57.90737711818428,57.90737711818428,57.90737711818428,57.90737711818428,64.27439476355914,61.28000000000003,58.285605236440915
2022-03-16,44.40459455523586,44.75645346613313,45.31942772356877,44.3342227730564,267.0,28300522.0,2.99,7000.0,0.0,3000.0,0.0,58.64057254845996,58.64057254845996,58.64057254845996,58.64057254845996,58.64057254845996,64.82764509526662,61.92000000000003,59.01235490473345
2022-03-17,44.89719703049204,44.75645346613313,45.03794059485095,44.54533811959477,233.0,22176949.0,3.17,69000.0,0.0,0.0,0.0,61.1887194467692,61.1887194467692,61.1887194467692,61.1887194467692,61.1887194467692,65.13405786403403,62.68000000000003,60.22594213596603
2022-03-18,46.937978713696225,44.89719703049204,47.36020940677295,44.3342227730564,1041.0,103050579.0,4.28,440000.0,0.0,0.0,0.0,69.55678538337996,69.55678538337996,69.55678538337996,69.55678538337996,69.55678538337996,66.76456770287868,63.96000000000002,61.15543229712136
2022-03-21,46.937978713696225,47.500952971131866,48.34541435728532,46.937978713696225,559.0,56111657.0,4.15,-53000.0,0.0,0.0,0.0,69.55678538337996,69.55678538337996,69.55678538337996,69.55678538337996,69.55678538337996,68.0566650406551,64.64000000000001,61.223334959344925
2022-03-22,47.71206831767022,47.71206831767022,48.0639272285675,46.72686336715787,480.0,46117729.0,5.01,342000.0,0.0,0.0,0.0,72.19413433426062,72.19413433426062,72.19413433426062,72.19413433426062,72.19413433426062,69.28038249367843,65.62000000000003,61.95961750632163
2022-03-23,49.11950396125932,47.99355544638805,49.40099108997714,47.92318366420859,665.0,61426968.0,5.4,132000.0,0.0,0.0,0.0,76.22675638816722,76.22675638816722,76.22675638816722,76.22675638816722,76.22675638816722,70.847621380746,66.96000000000002,63.07237861925404
2022-03-24,50.245452476130595,49.260247525618226,50.52693960484841,48.978760396900405,533.0,44717040.0,5.79,161000.0,0.0,0.0,0.0,78.86723197662195,78.86723197662195,78.86723197662195,78.86723197662195,78.86723197662195,72.1751860575663,68.48000000000002,64.78481394243374
2022-03-25,49.11950396125932,51.37140099100186,51.37140099100186,48.838016832541506,679.0,61723474.0,5.85,28000.0,0.0,0.0,0.0,70.44151118219301,70.44151118219301,70.44151118219301,70.44151118219301,70.44151118219301,72.41300467854056,69.10000000000002,65.78699532145949
2022-03-28,50.80842673356623,48.556529703823685,51.16028564446351,48.48615792164423,583.0,50821370.0,6.61,298000.0,0.0,0.0,0.0,74.79188672985727,74.79188672985727,74.79188672985727,74.79188672985727,74.79188672985727,73.23578655376711,70.20000000000002,67.16421344623292
2022-03-29,50.52693960484841,51.934375248437505,51.934375248437505,50.10470891177169,319.0,25924379.0,6.61,-21000.0,0.0,0.0,0.0,72.86698416804687,72.86698416804687,72.86698416804687,72.86698416804687,72.86698416804687,73.02385770251442,71.00000000000003,68.97614229748564
2022-03-30,50.245452476130595,51.16028564446351,51.16028564446351,50.10470891177169,240.0,25744116.0,6.75,58000.0,0.0,1.0,0.0,70.90183104519696,70.90183104519696,70.90183104519696,70.90183104519696,70.90183104519696,72.95168624435895,71.32000000000002,69.68831375564109
2022-03-31,50.52693960484841,50.315824258310045,50.73805495138677,49.963965347412774,261.0,21549106.0,6.84,33000.0,0.0,10000.0,0.0,71.72309388755998,71.72309388755998,71.72309388755998,71.72309388755998,71.72309388755998,73.07809415707845,71.40000000000003,69.72190584292161
2022-04-01,50.80842673356623,50.52693960484841,51.44177277318132,50.45656782266896,355.0,31228773.0,7.27,171000.0,0.0,77000.0,0.0,72.55721549464397,72.55721549464397,72.55721549464397,72.55721549464397,72.55721549464397,72.47866518190594,71.88000000000002,71.28133481809411
2022-04-06,50.59731138702787,51.37140099100186,51.37140099100186,50.315824258310045,218.0,21449643.0,7.12,-59000.0,0.0,6000.0,0.0,70.86872717391368,70.86872717391368,70.86872717391368,70.86872717391368,70.86872717391368,72.33224993902269,71.82000000000002,71.30775006097736
2022-04-07,49.82322178305386,50.034337129592224,50.66768316920732,49.75285000087441,238.0,27829367.0,7.21,34000.0,0.0,-3000.0,0.0,64.90457296478507,64.90457296478507,64.90457296478507,64.90457296478507,64.90457296478507,72.58664367789989,71.62000000000003,70.65335632210018
2022-04-08,50.245452476130595,49.541734654336054,50.80842673356623,49.260247525618226,215.0,19428959.0,7.49,113000.0,0.0,0.0,0.0,66.55779935080784,66.55779935080784,66.55779935080784,66.55779935080784,66.55779935080784,72.58664367789989,71.62000000000003,70.65335632210018
2022-04-11,50.315824258310045,50.66768316920732,51.37140099100186,50.17508069395114,214.0,20747054.0,7.4,-36000.0,0.0,0.0,0.0,66.83818355345332,66.83818355345332,66.83818355345332,66.83818355345332,66.83818355345332,72.51163018028211,71.56000000000003,70.60836981971795
2022-04-12,49.330619307797676,49.82322178305386,50.315824258310045,48.908388614720955,344.0,47522480.0,7.22,-71000.0,0.0,0.0,0.0,59.33750286461108,59.33750286461108,59.33750286461108,59.33750286461108,59.33750286461108,72.39602547745898,71.14000000000003,69.88397452254108
2022-04-13,49.47136287215659,49.330619307797676,50.59731138702787,49.04913217907987,176.0,17086262.0,7.22,-28000.0,0.0,0.0,0.0,60.02761981051601,60.02761981051601,60.02761981051601,60.02761981051601,60.02761981051601,71.94712022429708,70.82000000000004,69.69287977570299
2022-04-14,49.541734654336054,49.47136287215659,50.034337129592224,48.908388614720955,220.0,26900238.0,7.09,-72000.0,0.0,15000.0,0.0,60.389606408338345,60.389606408338345,60.389606408338345,60.389606408338345,60.389606408338345,71.91711511757335,70.74000000000004,69.56288488242673
2022-04-15,46.86760693151677,49.260247525618226,49.893593565233324,46.79723514933732,438.0,53258345.0,6.85,-94000.0,0.0,-10001.0,0.0,44.06083565735919,44.06083565735919,44.06083565735919,44.06083565735919,44.06083565735919,73.1060186409606,69.78000000000004,66.45398135903949
2022-04-18,47.2898376245935,46.37500445626059,47.500952971131866,46.09351732754277,179.0,21714130.0,6.83,-7000.0,0.0,-2000.0,0.0,46.519715673348486,46.519715673348486,46.519715673348486,46.519715673348486,46.519715673348486,72.2460186409606,68.92000000000004,65.59398135903949
2022-04-19,47.571324753311316,47.2898376245935,48.13429901074696,47.14909406023459,106.0,12721271.0,6.78,-20000.0,0.0,-1000.0,0.0,48.15583389240529,48.15583389240529,48.15583389240529,48.15583389240529,48.15583389240529,71.63596019876177,68.42000000000004,65.20403980123832
2022-04-20,50.45656782266896,47.64169653549077,51.230657426642956,47.64169653549077,332.0,50487781.0,6.88,39000.0,0.0,0.0,0.0,61.24376730548543,61.24376730548543,61.24376730548543,61.24376730548543,61.24376730548543,72.67592756473452,68.70000000000005,64.72407243526557
2022-04-21,49.260247525618226,50.45656782266896,50.45656782266896,48.908388614720955,330.0,22628340.0,6.9,6000.0,0.0,-2000.0,0.0,55.039436954285435,55.039436954285435,55.039436954285435,55.039436954285435,55.039436954285435,72.4699870129667,68.62000000000005,64.7700129870334
2022-04-22,49.260247525618226,48.48615792164423,49.260247525618226,48.48615792164423,67.0,5935661.0,6.87,-10000.0,0.0,0.0,0.0,55.039436954285435,55.039436954285435,55.039436954285435,55.039436954285435,55.039436954285435,72.6514176105073,69.30000000000004,65.94858238949278
2022-04-25,47.92318366420859,48.626901486003135,48.838016832541506,47.85281188202914,149.0,11699910.0,6.79,-33000.0,0.0,-2000.0,0.0,48.6509451202565,48.6509451202565,48.6509451202565,48.6509451202565,48.6509451202565,72.43404807002432,69.48000000000005,66.52595192997578
2022-04-26,47.64169653549077,48.27504257510586,48.48615792164423,47.500952971131866,94.0,8307424.0,6.7,-35000.0,0.0,0.0,0.0,47.403487698457795,47.403487698457795,47.403487698457795,47.403487698457795,47.403487698457795,72.40379062606559,69.50000000000003,66.59620937393447
2022-04-27,46.5157480206195,46.44537623844004,47.00835049587568,45.7416584166455,196.0,28829723.0,6.66,-15000.0,0.0,0.0,0.0,42.688407558449235,42.688407558449235,42.688407558449235,42.688407558449235,42.688407558449235,71.34486087363642,68.38000000000004,65.41513912636366
2022-04-28,46.5157480206195,46.304632674081134,47.00835049587568,46.304632674081134,83.0,8212072.0,6.65,-5000.0,0.0,0.0,0.0,42.688407558449235,42.688407558449235,42.688407558449235,42.688407558449235,42.688407558449235,70.50103429831775,67.60000000000005,64.69896570168235
2022-04-29,47.2898376245935,46.72686336715787,47.500952971131866,46.586119802798954,83.0,8234656.0,6.56,-34000.0,0.0,11000.0,0.0,46.89972179427978,46.89972179427978,46.89972179427978,46.89972179427978,46.89972179427978,68.67755915924116,67.04000000000005,65.40244084075894
2022-05-03,47.2898376245935,47.2898376245935,47.36020940677295,46.72686336715787,55.0,4352607.0,6.53,-13000.0,0.0,1000.0,0.0,46.89972179427978,46.89972179427978,46.89972179427978,46.89972179427978,46.89972179427978,68.1536769303101,66.86000000000004,65.56632306968999
2022-05-04,47.43058118895241,47.78244009984969,47.92318366420859,47.00835049587568,93.0,11650920.0,6.53,1000.0,0.0,0.0,0.0,47.70993814890737,47.70993814890737,47.70993814890737,47.70993814890737,47.70993814890737,67.95238882327955,66.80000000000004,65.64761117672053
2022-05-05,47.571324753311316,48.0639272285675,48.0639272285675,47.14909406023459,168.0,18424453.0,6.4,-70000.0,0.0,3000.0,0.0,48.55527488618639,48.55527488618639,48.55527488618639,48.55527488618639,48.55527488618639,68.14307238483758,67.10000000000005,66.05692761516252
2022-05-06,47.00835049587568,46.656491584978404,47.14909406023459,45.882401981004406,123.0,11089202.0,6.4,3000.0,0.0,0.0,0.0,45.394058152901245,45.394058152901245,45.394058152901245,45.394058152901245,45.394058152901245,67.77065996647599,67.24000000000004,66.70934003352409
2022-05-09,46.72686336715787,47.14909406023459,47.14909406023459,46.44537623844004,110.0,11826772.0,6.26,-55000.0,0.0,1001.0,0.0,43.85658563952698,43.85658563952698,43.85658563952698,43.85658563952698,43.85658563952698,67.94162636915375,67.08000000000004,66.21837363084633
2022-05-10,46.656491584978404,46.44537623844004,47.00835049587568,45.249055941389315,125.0,12413190.0,6.23,-13000.0,0.0,-1.0,0.0,43.46028424091035,43.46028424091035,43.46028424091035,43.46028424091035,43.46028424091035,67.94307238484106,66.90000000000005,65.85692761515904
2022-05-11,47.500952971131866,46.656491584978404,47.99355544638805,46.656491584978404,183.0,24864364.0,6.38,58000.0,0.0,0.0,0.0,49.372413750900215,49.372413750900215,49.372413750900215,49.372413750900215,49.372413750900215,68.0036973747399,66.92000000000004,65.83630262526019
2022-05-12,46.79723514933732,47.21946584241404,47.85281188202914,46.79723514933732,169.0,22829028.0,6.16,-85000.0,0.0,0.0,0.0,45.13672713426358,45.13672713426358,45.13672713426358,45.13672713426358,45.13672713426358,67.56717933555792,66.70000000000005,65.83282066444217
2022-05-13,46.5157480206195,47.43058118895241,47.43058118895241,46.5157480206195,81.0,7860530.0,6.08,-49000.0,0.0,0.0,0.0,43.528105514609926,43.528105514609926,43.528105514609926,43.528105514609926,43.528105514609926,67.53652444927214,66.56000000000003,65.58347555072793
2022-05-16,45.249055941389315,47.21946584241404,47.21946584241404,45.178684159209865,315.0,38213891.0,5.93,-88000.0,0.0,-71000.0,0.0,37.11749121878728,37.11749121878728,37.11749121878728,37.11749121878728,37.11749121878728,68.21692079772428,66.14000000000004,64.0630792022758
2022-05-17,44.82682524831259,45.600914852286586,45.600914852286586,43.63050495126186,309.0,31850977.0,5.97,14000.0,0.0,-33000.0,0.0,35.253696927008846,35.253696927008846,35.253696927008846,35.253696927008846,35.253696927008846,68.44389801516004,65.62000000000003,62.79610198484003
2022-05-18,46.304632674081134,45.1083123770304,46.304632674081134,45.03794059485095,152.0,18560759.0,6.1,51000.0,0.0,0.0,0.0,45.55775137907459,45.55775137907459,45.55775137907459,45.55775137907459,45.55775137907459,67.4503455946043,65.28000000000004,63.10965440539578
2022-05-19,46.656491584978404,45.81203019882495,46.937978713696225,45.46017128792767,143.0,18347264.0,6.26,63000.0,0.0,0.0,0.0,47.69224397008355,47.69224397008355,47.69224397008355,47.69224397008355,47.69224397008355,67.32461027533267,65.24000000000004,63.15538972466741
2022-05-20,47.43058118895241,46.72686336715787,47.85281188202914,46.656491584978404,127.0,15636230.0,6.33,27000.0,0.0,1000.0,0.0,52.13810469808009,52.13810469808009,52.13810469808009,52.13810469808009,52.13810469808009,68.18626134246442,65.50000000000004,62.81373865753566
2022-05-23,47.64169653549077,47.85281188202914,47.85281188202914,47.21946584241404,55.0,6182243.0,6.32,-3000.0,0.0,0.0,0.0,53.303798720709636,53.303798720709636,53.303798720709636,53.303798720709636,53.303798720709636,69.02365961395209,66.18000000000004,63.33634038604798
2022-05-24,47.500952971131866,47.64169653549077,47.85281188202914,47.2898376245935,48.0,5550136.0,6.27,-18000.0,0.0,0.0,0.0,52.38775150246837,52.38775150246837,52.38775150246837,52.38775150246837,52.38775150246837,68.43986666074605,66.94000000000004,65.44013333925403
2022-05-25,47.92318366420859,47.500952971131866,48.27504257510586,47.21946584241404,111.0,14882202.0,6.4,50000.0,0.0,0.0,0.0,54.8922282952633,54.8922282952633,54.8922282952633,54.8922282952633,54.8922282952633,68.60000000000556,67.40000000000005,66.19999999999453
2022-05-26,47.71206831767022,47.92318366420859,48.76764505036204,47.71206831767022,115.0,12951948.0,6.37,-10000.0,0.0,0.0,0.0,53.38029044190365,53.38029044190365,53.38029044190365,53.38029044190365,53.38029044190365,68.18989794857316,67.70000000000005,67.21010205142693
2022-05-27,47.78244009984969,47.71206831767022,48.27504257510586,47.36020940677295,111.0,16831607.0,6.29,-41000.0,0.0,0.0,0.0,53.83672978827382,53.83672978827382,53.83672978827382,53.83672978827382,53.83672978827382,68.2000000000226,67.80000000000004,67.39999999997748
2022-05-30,48.626901486003135,47.92318366420859,48.838016832541506,47.571324753311316,152.0,18652786.0,6.36,29000.0,0.0,0.0,0.0,59.021563422171184,59.021563422171184,59.021563422171184,59.021563422171184,59.021563422171184,69.17105453576701,68.08000000000004,66.98894546423307
2022-05-31,48.556529703823685,48.626901486003135,48.76764505036204,48.27504257510586,63.0,7933049.0,6.4,15000.0,0.0,-1000.0,0.0,58.432588475324906,58.432588475324906,58.432588475324906,58.432588475324906,58.432588475324906,69.49283421946859,68.38000000000004,67.26716578053149
2022-06-01,48.76764505036204,48.41578613946477,49.260247525618226,48.41578613946477,111.0,12322588.0,6.44,15000.0,0.0,0.0,0.0,59.730856737567905,59.730856737567905,59.730856737567905,59.730856737567905,59.730856737567905,69.89373466625594,68.62000000000003,67.34626533374413
2022-06-02,48.626901486003135,48.76764505036204,49.11950396125932,48.34541435728532,88.0,14259392.0,6.47,6000.0,0.0,0.0,0.0,58.420852284087964,58.420852284087964,58.420852284087964,58.420852284087964,58.420852284087964,69.87919967975309,68.88000000000004,67.88080032024699
2022-06-06,48.838016832541506,48.556529703823685,48.978760396900405,48.34541435728532,66.0,8094845.0,6.29,6000.0,0.0,0.0,0.0,59.84352674187311,59.84352674187311,59.84352674187311,59.84352674187311,59.84352674187311,69.4739387691652,69.18000000000004,68.88606123083487
2022-06-07,50.034337129592224,48.838016832541506,50.315824258310045,48.838016832541506,303.0,46738674.0,6.44,60000.0,0.0,0.0,0.0,66.78004245684383,66.78004245684383,66.78004245684383,66.78004245684383,66.78004245684383,71.12609184721184,69.58000000000004,68.03390815278824
2022-06-08,50.315824258310045,50.315824258310045,51.16028564446351,50.245452476130595,179.0,21364000.0,6.4,-17000.0,0.0,0.0,0.0,68.17312104271254,68.17312104271254,68.17312104271254,68.17312104271254,68.17312104271254,72.09752323407074,70.08000000000004,68.06247676592935
2022-06-09,49.189875743438776,50.52693960484841,50.66768316920732,49.04913217907987,199.0,20506793.0,6.34,-25000.0,0.0,-4000.0,0.0,57.74236504990656,57.74236504990656,57.74236504990656,57.74236504990656,57.74236504990656,72.08467503830619,70.20000000000005,68.3153249616939
2022-06-10,48.556529703823685,49.11950396125932,49.893593565233324,48.13429901074696,295.0,23816624.0,6.35,4000.0,0.0,-4000.0,0.0,52.844471127225766,52.844471127225766,52.844471127225766,52.844471127225766,52.844471127225766,72.11245957267404,70.18000000000004,68.24754042732603
2022-06-13,47.2898376245935,48.20467079292641,48.20467079292641,47.21946584241404,212.0,9366633.0,6.21,-55000.0,0.0,-6000.0,0.0,44.68135744268277,44.68135744268277,44.68135744268277,44.68135744268277,44.68135744268277,72.8347697814252,69.74000000000004,66.64523021857488
2022-06-14,47.64169653549077,47.21946584241404,48.34541435728532,46.234260891901684,97.0,7710746.0,6.08,-36000.0,0.0,0.0,0.0,47.12473740952028,47.12473740952028,47.12473740952028,47.12473740952028,47.12473740952028,72.15476978142462,69.06000000000004,65.96523021857547
2022-06-15,47.92318366420859,47.85281188202914,47.92318366420859,46.5157480206195,193.0,32784078.0,6.0,10000.0,0.0,0.0,0.0,49.06306412203886,49.06306412203886,49.06306412203886,49.06306412203886,49.06306412203886,70.30416215533512,68.38000000000004,66.45583784466496
2022-06-16,46.72686336715787,47.99355544638805,48.556529703823685,46.234260891901684,181.0,20691765.0,5.73,-104000.0,0.0,0.0,0.0,42.01385229186655,42.01385229186655,42.01385229186655,42.01385229186655,42.01385229186655,69.42080441176637,67.68000000000004,65.9391955882337
2022-06-17,47.00835049587568,46.5157480206195,47.00835049587568,45.178684159209865,179.0,15437614.0,5.77,-10000.0,0.0,0.0,0.0,44.05078030572314,44.05078030572314,44.05078030572314,44.05078030572314,44.05078030572314,68.4572099243849,67.24000000000004,66.02279007561518
2022-06-20,43.63050495126186,47.00835049587568,47.00835049587568,43.4193896047235,296.0,22606738.0,5.56,-83000.0,0.0,0.0,0.0,30.297111149564177,30.297111149564177,30.297111149564177,30.297111149564177,30.297111149564177,70.57264222181709,66.20000000000005,61.82735777818299
2022-06-21,44.68608168395368,43.98236386215913,44.967568812671495,43.63050495126186,152.0,20518163.0,5.51,-22000.0,0.0,1000.0,0.0,36.92474748532633,36.92474748532633,36.92474748532633,36.92474748532633,36.92474748532633,69.86883576990995,65.36000000000004,60.85116423009013
2022-06-22,40.4637747531864,44.68608168395368,44.68608168395368,40.25265940664804,567.0,46665411.0,5.34,-30892.0,0.0,0.0,0.0,26.195324797520048,26.195324797520048,26.195324797520048,26.195324797520048,26.195324797520048,70.00532334777984,63.24000000000005,56.474676652220275
2022-06-23,39.76005693139186,40.4637747531864,40.67489009972476,39.40819802049458,200.0,14452881.0,5.25,-12000.0,0.0,0.0,0.0,24.896841100576534,24.896841100576534,24.896841100576534,24.896841100576534,24.896841100576534,68.90471058968292,61.26000000000006,53.6152894103172
2022-06-24,38.915595545238396,41.09712079280149,41.09712079280149,38.77485198087949,243.0,20533359.0,5.09,-9000.0,0.0,1000.0,0.0,23.397994207188265,23.397994207188265,23.397994207188265,23.397994207188265,23.397994207188265,65.37448361132924,58.96000000000006,52.54551638867087
2022-06-27,40.305438243282616,39.06189477661147,40.96378478446147,39.06189477661147,173.0,16249032.0,5.05,9000.0,0.0,0.0,0.0,23.14786899310374,23.14786899310374,23.14786899310374,23.14786899310374,23.14786899310374,63.748824847571115,57.58000000000006,51.41117515242901
2022-06-28,40.23228862759608,40.23228862759608,40.74433593740185,38.98874516092493,190.0,23330221.0,4.7,-97000.0,0.0,0.0,0.0,23.015388528445154,23.015388528445154,23.015388528445154,23.015388528445154,23.015388528445154,57.8248393249858,55.88000000000007,53.93516067501433
2022-06-29,39.86654054916339,39.500792470730694,40.15913901190954,38.84244592955185,120.0,10277767.0,4.58,-55000.0,0.0,1000.0,0.0,22.327319358594995,22.327319358594995,22.327319358594995,22.327319358594995,22.327319358594995,56.60905981807054,55.280000000000065,53.95094018192959
2022-06-30,38.47669785111916,39.208194007984545,39.208194007984545,38.03780015699993,220.0,20120803.0,4.32,-162000.0,0.0,1000.0,0.0,19.893475406827164,19.893475406827164,19.893475406827164,19.893475406827164,19.893475406827164,56.471801207020725,54.50000000000007,52.52819879297942
2022-07-01,38.03780015699993,38.47669785111916,39.135044392298006,37.89150092562685,200.0,17427010.0,4.17,-130000.0,0.0,10000.0,0.0,19.182359325457885,19.182359325457885,19.182359325457885,19.182359325457885,19.182359325457885,56.41557760512287,53.84000000000007,51.264422394877265
2022-07-04,38.257249004059545,38.03780015699993,38.98874516092493,37.5989024628807,135.0,11879574.0,4.18,-17000.0,0.0,0.0,0.0,20.708557208154023,20.708557208154023,20.708557208154023,20.708557208154023,20.708557208154023,55.7307957891288,53.280000000000065,50.82920421087133
2022-07-05,39.64709170210377,38.257249004059545,39.86654054916339,38.184099388373006,146.0,11376139.0,4.29,-44000.0,0.0,0.0,0.0,29.756094068085343,29.756094068085343,29.756094068085343,29.756094068085343,29.756094068085343,55.17290038726036,53.12000000000006,51.06709961273976
2022-07-06,39.281343623671084,39.64709170210377,40.23228862759608,38.40354823543262,129.0,13123461.0,4.13,-73000.0,0.0,1000.0,0.0,28.82400076401411,28.82400076401411,28.82400076401411,28.82400076401411,28.82400076401411,54.65044372873395,52.96000000000006,51.26955627126617
2022-07-07,40.305438243282616,40.085989396223,40.451737474655694,39.354493239357616,209.0,24020455.0,4.15,1000.0,0.0,3000.0,0.0,34.966735156744996,34.966735156744996,34.966735156744996,34.966735156744996,34.966735156744996,55.78757384415951,53.46000000000006,51.132426155840605
2022-07-08,41.91472978838646,40.451737474655694,41.987879404073,40.37858785896916,193.0,22302644.0,4.18,6000.0,0.0,0.0,0.0,43.25452497543051,43.25452497543051,43.25452497543051,43.25452497543051,43.25452497543051,57.83879496203263,54.52000000000006,51.20120503796749
2022-07-11,42.06102901975954,41.91472978838646,42.280477866819155,41.329532862894155,103.0,17807903.0,4.06,-13000.0,0.0,0.0,0.0,43.953789384288896,43.953789384288896,43.953789384288896,43.953789384288896,43.953789384288896,58.69840723935159,55.56000000000006,52.42159276064853
2022-07-12,40.305438243282616,41.402682478580694,41.69528094132685,39.64709170210377,170.0,25972849.0,3.9,-78000.0,0.0,0.0,0.0,37.91575207247329,37.91575207247329,37.91575207247329,37.91575207247329,37.91575207247329,58.63993103366448,55.740000000000066,52.84006896633565
2022-07-13,40.085989396223,40.96378478446147,41.18323363152108,40.085989396223,112.0,13380203.0,3.84,-25000.0,0.0,0.0,0.0,37.227328025526845,37.227328025526845,37.227328025526845,37.227328025526845,37.227328025526845,58.325079279856375,55.96000000000007,53.59492072014377
2022-07-14,41.036934400148006,39.86654054916339,41.256383247207616,39.86654054916339,89.0,16551450.0,3.85,34000.0,0.0,-1000.0,0.0,42.130663848901136,42.130663848901136,42.130663848901136,42.130663848901136,42.130663848901136,58.36399637023452,56.16000000000007,53.95600362976562
2022-07-15,41.987879404073,41.69528094132685,42.13417863544608,40.96378478446147,164.0,17400190.0,4.0,59000.0,0.0,0.0,0.0,46.62097411904182,46.62097411904182,46.62097411904182,46.62097411904182,46.62097411904182,58.42641937313817,56.180000000000064,53.93358062686196
2022-07-18,45.4259113413403,43.5240213334903,45.49906095702684,43.450871717803764,267.0,23363228.0,4.11,42000.0,0.0,0.0,0.0,59.00579014071796,59.00579014071796,59.00579014071796,59.00579014071796,59.00579014071796,62.42015037381539,57.100000000000065,51.77984962618474
2022-07-19,45.93795865114607,45.86480903545954,47.181502117817224,45.352761725653764,310.0,32692576.0,4.12,32000.0,0.0,0.0,0.0,60.476605048444185,60.476605048444185,60.476605048444185,60.476605048444185,60.476605048444185,65.09055036411684,58.640000000000065,52.18944963588329
2022-07-20,46.88890365507106,45.49906095702684,47.03520288644414,45.49906095702684,208.0,31284239.0,4.44,127000.0,0.0,0.0,0.0,63.12280910094705,63.12280910094705,63.12280910094705,63.12280910094705,63.12280910094705,66.81062595944358,60.50000000000007,54.18937404055656
2022-07-21,46.96205327075761,46.66945480801145,47.69354942762299,46.66945480801145,135.0,20600381.0,4.5,21000.0,0.0,0.0,0.0,63.32621621555467,63.32621621555467,63.32621621555467,63.32621621555467,63.32621621555467,67.09899588270574,62.120000000000076,57.14100411729442
2022-07-22,46.81575403938453,46.74260442369799,47.181502117817224,45.86480903545954,159.0,15349312.0,4.61,43000.0,0.0,0.0,0.0,62.582722268347105,62.582722268347105,62.582722268347105,62.582722268347105,62.582722268347105,65.12095211115617,63.440000000000076,61.75904788884398
2022-07-25,46.66945480801145,47.03520288644414,47.54725019624991,46.30370672957876,102.0,14721012.0,4.56,-17000.0,0.0,0.0,0.0,61.80131704200061,61.80131704200061,61.80131704200061,61.80131704200061,61.80131704200061,64.79508620323585,63.78000000000007,62.76491379676428
2022-07-26,46.59630519232492,46.74260442369799,46.74260442369799,45.86480903545954,111.0,10900608.0,4.57,2000.0,0.0,0.0,0.0,61.38858878944392,61.38858878944392,61.38858878944392,61.38858878944392,61.38858878944392,64.33094473981993,63.96000000000007,63.58905526018022
2022-07-27,47.108352502130685,46.59630519232492,47.108352502130685,45.93795865114607,126.0,23877602.0,4.7,50000.0,0.0,0.0,0.0,63.239276909599276,63.239276909599276,63.239276909599276,63.239276909599276,63.239276909599276,64.53224993899786,64.02000000000007,63.50775006100226
2022-07-28,47.108352502130685,47.254651733503756,47.54725019624991,46.59630519232492,98.0,12596322.0,4.74,19000.0,0.0,0.0,0.0,63.239276909599276,63.239276909599276,63.239276909599276,63.239276909599276,63.239276909599276,64.64787753826234,64.06000000000009,63.47212246173784
2022-07-29,47.181502117817224,47.03520288644414,47.47410058056338,46.74260442369799,128.0,16284613.0,4.89,59000.0,0.0,0.0,0.0,63.52890302220525,63.52890302220525,63.52890302220525,63.52890302220525,63.52890302220525,64.83646138101005,64.16000000000008,63.48353861899012
2022-08-01,47.03520288644414,47.254651733503756,47.47410058056338,46.66945480801145,66.0,9441403.0,4.88,-7000.0,0.0,0.0,0.0,62.46883974847645,62.46883974847645,62.46883974847645,62.46883974847645,62.46883974847645,64.83410800377719,64.26000000000008,63.68589199622296
2022-08-02,46.01110826683261,46.74260442369799,47.03520288644414,45.64536018839991,78.0,8829883.0,4.82,-27000.0,0.0,0.0,0.0,55.48893430015818,55.48893430015818,55.48893430015818,55.48893430015818,55.48893430015818,65.30664825031924,64.10000000000008,62.89335174968091
2022-08-03,45.4259113413403,46.81575403938453,46.81575403938453,44.98701364722107,95.0,10100444.0,4.72,-40000.0,0.0,0.0,0.0,51.91900899889611,51.91900899889611,51.91900899889611,51.91900899889611,51.91900899889611,65.5732873557753,63.64000000000008,61.70671264422485
2022-08-04,44.69441518447492,44.98701364722107,45.49906095702684,43.74347018054992,154.0,11386593.0,4.69,-14000.0,0.0,0.0,0.0,47.78090139289483,47.78090139289483,47.78090139289483,47.78090139289483,47.78090139289483,65.56735386060754,62.980000000000075,60.39264613939262
2022-08-05,44.98701364722107,45.572210572713374,46.01110826683261,44.84071441584799,126.0,19416646.0,4.73,15000.0,0.0,0.0,0.0,49.51426140905223,49.51426140905223,49.51426140905223,49.51426140905223,49.51426140905223,64.65121113065307,62.380000000000074,60.10878886934707
2022-08-08,43.889769411923,44.98701364722107,44.98701364722107,42.938824407998,271.0,23958460.0,4.62,-46000.0,0.0,0.0,0.0,43.66134329892169,43.66134329892169,43.66134329892169,43.66134329892169,43.66134329892169,63.464839324983934,61.520000000000074,59.575160675016214
2022-08-09,44.401816721728764,43.81661979623646,44.76756480016146,43.81661979623646,245.0,13382437.0,4.68,23000.0,0.0,0.0,0.0,46.82054592436997,46.82054592436997,46.82054592436997,46.82054592436997,46.82054592436997,62.50211110677179,61.08000000000008,59.65788889322836
2022-08-10,46.74260442369799,44.255517490355686,46.96205327075761,44.255517490355686,262.0,36939495.0,4.95,108000.0,0.0,0.0,0.0,58.32535725714455,58.32535725714455,58.32535725714455,58.32535725714455,58.32535725714455,64.09209351268066,61.440000000000076,58.78790648731948
2022-08-11,47.108352502130685,47.54725019624991,47.54725019624991,46.01110826683261,262.0,35500461.0,4.68,-108000.0,0.0,0.0,0.0,59.78916300740066,59.78916300740066,59.78916300740066,59.78916300740066,59.78916300740066,65.59399484830801,62.10000000000008,58.60600515169215
2022-08-12,46.59630519232492,47.181502117817224,47.54725019624991,46.30370672957876,142.0,18375420.0,4.72,23000.0,0.0,0.0,0.0,56.78214468485919,56.78214468485919,56.78214468485919,56.78214468485919,56.78214468485919,66.17229954711928,62.54000000000008,58.90770045288088
2022-08-15,48.278746353115295,46.376856345265296,48.64449443154799,45.93795865114607,416.0,42905962.0,5.1,148000.0,0.0,143000.0,0.0,63.311343442644564,63.311343442644564,63.311343442644564,63.311343442644564,63.311343442644564,67.18232479583205,63.74000000000008,60.297675204168115
2022-08-16,47.98614789036914,48.20559673742876,49.59543943547298,47.98614789036914,237.0,24887989.0,5.27,67000.0,0.0,0.0,0.0,61.569226851499124,61.569226851499124,61.569226851499124,61.569226851499124,61.569226851499124,66.5591302292133,64.72000000000007,62.88086977078685
2022-08-17,47.98614789036914,47.91299827468261,48.64449443154799,47.54725019624991,108.0,13436844.0,5.33,25000.0,0.0,0.0,0.0,61.569226851499124,61.569226851499124,61.569226851499124,61.569226851499124,61.569226851499124,66.79251262621554,65.06000000000009,63.327487373784635
2022-08-18,48.13244712174222,47.91299827468261,48.57134481586145,47.54725019624991,131.0,23623493.0,5.3,-12000.0,0.0,40000.0,0.0,62.17281278161404,62.17281278161404,62.17281278161404,62.17281278161404,62.17281278161404,67.00661333247825,65.34000000000009,63.673386667521925
2022-08-19,49.37599058841337,48.278746353115295,50.107486745278756,47.83984865899607,318.0,43443160.0,5.52,87000.0,0.0,0.0,0.0,66.92758296550141,66.92758296550141,66.92758296550141,66.92758296550141,66.92758296550141,67.53108350559702,66.1000000000001,64.66891649440316
2022-08-22,49.449140204099905,48.8639432786076,49.74173866684606,48.64449443154799,121.0,12679037.0,5.58,25000.0,0.0,0.0,0.0,67.18884885417931,67.18884885417931,67.18884885417931,67.18884885417931,67.18884885417931,68.27213390444291,66.4200000000001,64.56786609555729
2022-08-23,48.937092894294146,49.302840972726834,49.302840972726834,48.71764404723452,104.0,10320241.0,5.6,7000.0,0.0,9000.0,0.0,63.41248139374327,63.41248139374327,63.41248139374327,63.41248139374327,63.41248139374327,68.35523132730698,66.68000000000009,65.0047686726932
2022-08-24,48.278746353115295,48.8639432786076,49.01024250998068,47.91299827468261,132.0,13073723.0,5.56,-14000.0,0.0,0.0,0.0,58.83387165210391,58.83387165210391,58.83387165210391,58.83387165210391,58.83387165210391,68.24916083751896,66.76000000000008,65.2708391624812
2022-08-25,48.35189596880183,48.64449443154799,48.937092894294146,48.20559673742876,115.0,17063032.0,5.73,64000.0,0.0,0.0,0.0,59.186490075492756,59.186490075492756,59.186490075492756,59.186490075492756,59.186490075492756,68.16699665923844,66.82000000000008,65.47300334076172
2022-08-26,49.156541741353756,48.8639432786076,50.107486745278756,48.8639432786076,258.0,34917374.0,6.06,127000.0,0.0,2000.0,0.0,62.946363154779874,62.946363154779874,62.946363154779874,62.946363154779874,62.946363154779874,68.00322162143273,66.76000000000008,65.51677837856742
2022-08-29,47.03520288644414,47.400950964876834,48.20559673742876,46.96205327075761,205.0,24994097.0,5.87,-72000.0,0.0,5000.0,0.0,49.89594355559082,49.89594355559082,49.89594355559082,49.89594355559082,49.89594355559082,68.11990098767203,66.10000000000008,64.08009901232813
2022-08-30,49.59543943547298,47.03520288644414,49.66858905115953,47.03520288644414,269.0,48706533.0,6.48,256000.0,0.0,21000.0,0.0,60.531480068555645,60.531480068555645,60.531480068555645,60.531480068555645,60.531480068555645,68.6779991659725,66.28000000000007,63.88200083402765
2022-08-31,49.156541741353756,49.59543943547298,50.326935592338366,49.08339212566722,118.0,18236217.0,6.4,-31000.0,0.0,3000.0,0.0,58.248818509724074,58.248818509724074,58.248818509724074,58.248818509724074,58.248818509724074,68.99677209286737,66.52000000000007,64.04322790713276
2022-09-01,52.59457367862106,49.59543943547298,53.39921945117298,48.64449443154799,1305.0,157405778.0,7.06,261000.0,0.0,59000.0,0.0,68.3252141325995,68.3252141325995,68.3252141325995,68.3252141325995,68.3252141325995,72.55507948653234,67.68000000000006,62.8049205134678
2022-09-02,52.74087290999413,53.39921945117298,54.71591253353067,52.301975215874904,1680.0,165421382.0,6.23,-327000.0,0.0,60000.0,0.0,68.6717036027263,68.6717036027263,68.6717036027263,68.6717036027263,68.6717036027263,74.60723465150093,68.66000000000005,62.712765348499175
2022-09-05,51.93622713744221,53.39921945117298,53.61866829823259,51.93622713744221,647.0,49031549.0,6.28,19000.0,0.0,-6000.0,0.0,64.4930475493327,64.4930475493327,64.4930475493327,64.4930475493327,64.4930475493327,74.16653333120136,70.00000000000006,65.83346666879875
2022-09-06,52.155675984501826,52.66772329430759,54.2038652237249,51.49732944332299,914.0,85723606.0,6.3,1000.0,0.0,0.0,0.0,65.11648416720026,65.11648416720026,65.11648416720026,65.11648416720026,65.11648416720026,74.28887168898649,70.70000000000006,67.11112831101363
2022-09-07,51.7167782903826,52.155675984501826,52.521424062934514,50.107486745278756,659.0,60111941.0,6.52,80000.0,0.0,-1000.0,0.0,62.74367116445979,62.74367116445979,62.74367116445979,62.74367116445979,62.74367116445979,72.45830052442885,71.40000000000006,70.34169947557128
2022-09-08,52.74087290999413,52.74087290999413,53.2529202197999,51.93622713744221,844.0,84464907.0,6.48,-31000.0,0.0,10000.0,0.0,65.86891648816294,65.86891648816294,65.86891648816294,65.86891648816294,65.86891648816294,72.58262854857314,71.44000000000005,70.29737145142697
2022-09-12,52.082526368815294,53.8381171452922,54.42331407078452,52.082526368815294,1163.0,102958910.0,6.56,19000.0,0.0,6000.0,0.0,62.253589284040565,62.253589284040565,62.253589284040565,62.253589284040565,62.253589284040565,72.19466571565307,71.26000000000005,70.32533428434702
2022-09-13,51.7167782903826,52.00937675312875,52.66772329430759,51.277880596263365,312.0,26384944.0,6.64,27000.0,0.0,12000.0,0.0,60.27429042557916,60.27429042557916,60.27429042557916,60.27429042557916,60.27429042557916,72.22761860630234,71.20000000000005,70.17238139369775
2022-09-14,52.22882560018837,50.473234823711444,52.521424062934514,50.473234823711444,314.0,31931389.0,6.91,107000.0,0.0,7000.0,0.0,62.09146518634107,62.09146518634107,62.09146518634107,62.09146518634107,62.09146518634107,72.25846039886787,71.22000000000006,70.18153960113224
2022-09-15,55.95945600020182,53.2529202197999,55.95945600020182,52.74087290999413,2289.0,301997082.0,7.69,305000.0,0.0,73000.0,0.0,72.10365641298844,72.10365641298844,72.10365641298844,72.10365641298844,72.10365641298844,76.59691830606369,72.38000000000005,68.16308169393642
2022-09-16,54.2038652237249,55.95945600020182,56.83725138844028,54.2038652237249,1504.0,172277725.0,7.86,68000.0,0.0,23000.0,0.0,63.59189135460769,63.59189135460769,63.59189135460769,63.59189135460769,63.59189135460769,77.18980725202456,72.78000000000006,68.37019274797555
2022-09-19,54.057565992351826,55.008510996276826,57.78819639236528,54.057565992351826,3054.0,363397215.0,7.36,-258000.0,0.0,110000.0,0.0,62.925252316571125,62.925252316571125,62.925252316571125,62.925252316571125,62.925252316571125,77.47769166725892,73.32000000000008,69.16230833274123
2022-09-20,54.86221176490375,54.057565992351826,55.008510996276826,52.88717214136721,1163.0,148575399.0,7.58,28000.0,0.0,-8000.0,0.0,65.09271883304665,65.09271883304665,65.09271883304665,65.09271883304665,65.09271883304665,77.51082572344981,74.18000000000008,70.84917427655034
2022-09-21,52.66772329430759,54.350164455097975,54.86221176490375,52.22882560018837,745.0,55065729.0,7.11,-215000.0,0.0,2000.0,0.0,55.55376131718318,55.55376131718318,55.55376131718318,55.55376131718318,55.55376131718318,77.24210808774923,74.30000000000007,71.3578919122509
2022-09-22,54.49646368647105,52.155675984501826,54.64276291784413,51.78992790606913,588.0,65675982.0,7.58,174000.0,0.0,0.0,0.0,60.71967360415608,60.71967360415608,60.71967360415608,60.71967360415608,60.71967360415608,75.94352636391199,73.90000000000006,71.85647363608814
2022-09-23,51.57047905900952,54.27701483941144,54.64276291784413,50.54638443939798,821.0,93385128.0,7.64,25000.0,0.0,-129000.0,0.0,50.58833042732288,50.58833042732288,50.58833042732288,50.58833042732288,50.58833042732288,76.54428298453091,73.18000000000006,69.81571701546922
2022-09-26,48.71764404723452,51.05843174920375,51.57047905900952,48.42504558448837,965.0,98973741.0,8.46,322000.0,0.0,-60000.0,0.0,43.04667762176927,43.04667762176927,43.04667762176927,43.04667762176927,43.04667762176927,77.80394608786114,71.72000000000007,65.636053912139
2022-09-27,50.253785976651834,49.74173866684606,50.40008520802491,47.91299827468261,420.0,46960358.0,8.35,-41000.0,0.0,9000.0,0.0,47.57842435095575,47.57842435095575,47.57842435095575,47.57842435095575,47.57842435095575,75.87789627069427,70.46000000000006,65.04210372930586
2022-09-28,46.450005960951835,50.18063636096529,50.54638443939798,46.08425788251915,593.0,60207941.0,7.78,-202000.0,0.0,0.0,0.0,39.25012475221802,39.25012475221802,39.25012475221802,39.25012475221802,39.25012475221802,76.15253677704763,68.76000000000008,61.36746322295252
2022-09-29,47.181502117817224,47.3278013491903,47.98614789036914,46.157407498205686,246.0,23164410.0,7.84,22000.0,0.0,-21000.0,0.0,41.375363791064004,41.375363791064004,41.375363791064004,41.375363791064004,41.375363791064004,71.93779876009114,66.76000000000008,61.58220123990902
2022-09-30,47.54725019624991,46.81575403938453,47.54725019624991,45.4259113413403,172.0,20030027.0,7.82,-14000.0,0.0,0.0,0.0,42.45927182617583,42.45927182617583,42.45927182617583,42.45927182617583,42.45927182617583,69.30109873527277,65.66000000000007,62.01890126472737
2022-10-03,45.4259113413403,47.181502117817224,47.3278013491903,45.352761725653764,468.0,37788988.0,7.85,7000.0,0.0,2000.0,0.0,38.06351333251609,38.06351333251609,38.06351333251609,38.06351333251609,38.06351333251609,69.17017006474813,64.76000000000008,60.34982993525202
2022-10-04,47.69354942762299,46.450005960951835,47.91299827468261,45.86480903545954,351.0,35884495.0,8.29,173000.0,0.0,15000.0,0.0,44.65913321524733,44.65913321524733,44.65913321524733,44.65913321524733,44.65913321524733,66.34595712995636,64.06000000000009,61.77404287004381
2022-10-05,47.03520288644414,48.20559673742876,49.37599058841337,46.81575403938453,432.0,45995502.0,7.83,-185000.0,0.0,22000.0,0.0,43.220133669765396,43.220133669765396,43.220133669765396,43.220133669765396,43.220133669765396,66.43774660410126,64.22000000000008,62.00225339589891
2022-10-06,46.88890365507106,47.400950964876834,48.278746353115295,46.88890365507106,249.0,24473891.0,7.76,-30000.0,0.0,-30000.0,0.0,42.88940446043094,42.88940446043094,42.88940446043094,42.88940446043094,42.88940446043094,66.34036360631768,64.14000000000007,61.93963639368246
2022-10-07,45.572210572713374,47.03520288644414,47.3278013491903,45.572210572713374,272.0,23317370.0,7.46,-118000.0,0.0,-44000.0,0.0,39.92804145010565,39.92804145010565,39.92804145010565,39.92804145010565,39.92804145010565,66.00665743303895,63.60000000000008,61.1933425669612
2022-10-11,42.79252517662492,44.255517490355686,44.255517490355686,42.35362748250569,573.0,62886944.0,8.09,230000.0,0.0,-27000.0,0.0,34.510646467795596,34.510646467795596,34.510646467795596,34.510646467795596,34.510646467795596,67.64722141294051,62.88000000000009,58.11277858705966
2022-10-12,42.207328251132616,42.79252517662492,42.79252517662492,40.81748555308838,406.0,37276390.0,8.22,51000.0,0.0,-105000.0,0.0,33.48073809045016,33.48073809045016,33.48073809045016,33.48073809045016,33.48073809045016,66.93755341854673,61.38000000000009,55.82244658145345
2022-10-13,38.184099388373006,42.86567479231146,43.085123639371076,38.03780015699993,796.0,66433063.0,8.94,282000.0,0.0,-104000.0,0.0,27.42177342286495,27.42177342286495,27.42177342286495,27.42177342286495,27.42177342286495,67.20970302495834,58.96000000000008,50.710296975041814
2022-10-14,38.5498474668057,39.281343623671084,40.01283978053647,38.5498474668057,296.0,23613347.0,8.87,-25000.0,0.0,0.0,0.0,28.68527162134776,28.68527162134776,28.68527162134776,28.68527162134776,28.68527162134776,64.26145104844757,56.680000000000085,49.0985489515526
2022-10-17,39.135044392298006,38.03780015699993,39.427642855044155,36.135910149149936,363.0,30227461.0,9.14,105000.0,0.0,-9000.0,0.0,30.76217530080439,30.76217530080439,30.76217530080439,30.76217530080439,30.76217530080439,60.203029433952366,54.92000000000009,49.63697056604781
2022-10-18,38.40354823543262,39.72024131779031,40.23228862759608,38.03780015699993,287.0,21357317.0,8.65,-194000.0,0.0,0.0,0.0,29.601667675558602,29.601667675558602,29.601667675558602,29.601667675558602,29.601667675558602,57.79214930964093,53.720000000000084,49.647850690359235
2022-10-19,37.74520169425378,38.257249004059545,39.06189477661147,37.379453615821085,255.0,19299126.0,8.55,-40000.0,0.0,0.0,0.0,28.557481236675237,28.557481236675237,28.557481236675237,28.557481236675237,28.557481236675237,53.74579292019395,52.50000000000009,51.254207079806235
2022-10-20,37.452603231507624,37.52575284719416,37.5989024628807,36.428508611896085,268.0,22524409.0,8.59,16000.0,0.0,0.0,0.0,28.083334562068842,28.083334562068842,28.083334562068842,28.083334562068842,28.083334562068842,53.93462533933811,52.30000000000009,50.66537466066207
2022-10-21,37.452603231507624,37.086855153074936,38.76929631386531,36.72110707464224,305.0,25951316.0,8.02,-225000.0,0.0,7000.0,0.0,28.083334562068842,28.083334562068842,28.083334562068842,28.083334562068842,28.083334562068842,53.775387281695416,52.00000000000009,50.22461271830477
2022-10-24,37.306304000134546,37.96465054131339,38.330398619746084,37.306304000134546,320.0,25638507.0,7.57,-58000.0,0.0,0.0,0.0,27.81552905426597,27.81552905426597,27.81552905426597,27.81552905426597,27.81552905426597,52.573312629202555,51.50000000000009,50.42668737079763
2022-10-25,36.79425669032878,37.379453615821085,37.81835130994032,36.35535899620955,273.0,22226142.0,7.54,-24000.0,0.0,-5000.0,0.0,26.85042374980916,26.85042374980916,26.85042374980916,26.85042374980916,26.85042374980916,51.91416626016613,51.060000000000095,50.20583373983406
2022-10-26,38.330398619746084,37.0137055373884,38.91559554523839,37.0137055373884,463.0,35511007.0,7.15,-159000.0,0.0,0.0,0.0,34.223734358168386,34.223734358168386,34.223734358168386,34.223734358168386,34.223734358168386,52.57292276202474,51.2200000000001,49.86707723797546
2022-10-27,39.06189477661147,38.5498474668057,39.64709170210377,38.47669785111916,477.0,35662252.0,7.02,-48000.0,0.0,-10000.0,0.0,37.45667031793541,37.45667031793541,37.45667031793541,37.45667031793541,37.45667031793541,53.86399637023413,51.660000000000096,49.45600362976606
2022-10-28,38.330398619746084,39.135044392298006,39.135044392298006,37.96465054131339,175.0,13455050.0,6.83,-76000.0,0.0,0.0,0.0,35.5737076752591,35.5737076752591,35.5737076752591,35.5737076752591,35.5737076752591,54.112690669751764,51.90000000000009,49.68730933024842
2022-10-31,39.79339093347685,38.76929631386531,40.23228862759608,38.76929631386531,280.0,23494609.0,6.97,50000.0,0.0,-2000.0,0.0,41.867942073178554,41.867942073178554,41.867942073178554,41.867942073178554,41.867942073178554,55.300000000001425,52.580000000000084,49.85999999999874
2022-11-01,39.86654054916339,39.79339093347685,40.59803670602877,39.354493239357616,235.0,23139333.0,6.82,-57000.0,0.0,4000.0,0.0,42.1721506831394,42.1721506831394,42.1721506831394,42.1721506831394,42.1721506831394,55.25477519059005,53.42000000000009,51.58522480941012
2022-11-02,39.64709170210377,39.57394208641723,40.305438243282616,39.354493239357616,207.0,22537550.0,7.07,98000.0,0.0,13000.0,0.0,41.4710081153387,41.4710081153387,41.4710081153387,41.4710081153387,41.4710081153387,55.361897594664434,53.780000000000086,52.19810240533574
2022-11-03,41.036934400148006,39.500792470730694,41.18323363152108,39.500792470730694,301.0,25393665.0,7.29,86000.0,0.0,0.0,0.0,47.43200663757623,47.43200663757623,47.43200663757623,47.43200663757623,47.43200663757623,56.67082964078819,54.320000000000086,51.96917035921198
2022-11-04,42.35362748250569,41.18323363152108,43.158273255057615,41.036934400148006,398.0,40722774.0,7.09,-78000.0,0.0,4000.0,0.0,52.38012220554854,52.38012220554854,52.38012220554854,52.38012220554854,52.38012220554854,58.24672955904992,55.42000000000009,52.593270440950256
2022-11-07,43.158273255057615,42.79252517662492,43.377722102117225,42.42677709819223,267.0,26089721.0,6.85,-99165.0,0.0,0.0,0.0,55.15797070764684,55.15797070764684,55.15797070764684,55.15797070764684,55.15797070764684,60.085076768240185,56.340000000000074,52.594923231759964
2022-11-08,43.377722102117225,43.085123639371076,44.10921825898261,42.79252517662492,331.0,35582367.0,7.23,148000.0,0.0,0.0,0.0,55.91330820351765,55.91330820351765,55.91330820351765,55.91330820351765,55.91330820351765,61.126225293942994,57.30000000000008,53.47377470605717
2022-11-09,43.158273255057615,44.10921825898261,44.10921825898261,42.42677709819223,396.0,41609326.0,7.2,-17000.0,0.0,0.0,0.0,54.91710461591277,54.91710461591277,54.91710461591277,54.91710461591277,54.91710461591277,60.621694307061816,58.26000000000008,55.89830569293835
2022-11-10,44.401816721728764,43.450871717803764,44.76756480016146,42.79252517662492,394.0,48425481.0,7.52,128000.0,0.0,9000.0,0.0,59.33821815915054,59.33821815915054,59.33821815915054,59.33821815915054,59.33821815915054,60.97510445378813,59.180000000000085,57.38489554621204
2022-11-11,43.450871717803764,46.81575403938453,46.96205327075761,43.231422870744154,799.0,78606583.0,6.69,-330500.0,0.0,0.0,0.0,54.90413308597753,54.90413308597753,54.90413308597753,54.90413308597753,54.90413308597753,60.74111062163739,59.48000000000009,58.21888937836279
2022-11-14,43.5240213334903,43.889769411923,44.328667106042225,43.01197402368454,387.0,47022566.0,6.97,110000.0,0.0,-102000.0,0.0,55.181572060468255,55.181572060468255,55.181572060468255,55.181572060468255,55.181572060468255,60.74893113570051,59.580000000000084,58.41106886429966
2022-11-15,44.76756480016146,43.59717094917684,45.279612109967225,43.59717094917684,455.0,55152859.0,7.64,261000.0,0.0,-7000.0,0.0,59.71857594146296,59.71857594146296,59.71857594146296,59.71857594146296,59.71857594146296,61.64095211115996,59.96000000000008,58.279047888840196
2022-11-16,44.036068643296076,44.76756480016146,45.206462494280686,43.74347018054992,243.0,26436033.0,7.34,-114000.0,0.0,0.0,0.0,56.119725244092855,56.119725244092855,56.119725244092855,56.119725244092855,56.119725244092855,61.57985506485703,60.20000000000008,58.820144935143134
2022-11-17,45.64536018839991,44.036068643296076,45.64536018839991,44.036068643296076,412.0,51499974.0,8.07,262000.0,0.0,0.0,0.0,61.602105581160394,61.602105581160394,61.602105581160394,61.602105581160394,61.602105581160394,62.80132704401943,60.54000000000008,58.278672955980724
2022-11-18,45.279612109967225,45.49906095702684,46.450005960951835,45.06016326290761,338.0,42585074.0,7.7,-158000.0,0.0,27000.0,0.0,59.774233311789395,59.774233311789395,59.774233311789395,59.774233311789395,59.774233311789395,63.17391658693918,61.04000000000008,58.906083413060976
2022-11-21,45.79165941977299,45.49906095702684,46.230557113892225,45.49906095702684,224.0,30743023.0,7.97,113000.0,0.0,-3000.0,0.0,61.496738449616096,61.496738449616096,61.496738449616096,61.496738449616096,61.496738449616096,63.410885490262835,61.66000000000008,59.90911450973733
2022-11-22,45.86480903545954,46.08425788251915,46.08425788251915,45.279612109967225,150.0,26145921.0,7.89,-33000.0,0.0,-4000.0,0.0,61.74873156756709,61.74873156756709,61.74873156756709,61.74873156756709,61.74873156756709,63.80434270134758,61.96000000000008,60.11565729865258
2022-11-23,46.450005960951835,46.01110826683261,46.74260442369799,45.352761725653764,390.0,55634580.0,8.31,167000.0,0.0,7000.0,0.0,63.79041933357561,63.79041933357561,63.79041933357561,63.79041933357561,63.79041933357561,63.65846039886439,62.62000000000008,61.58153960113577
2022-11-24,49.59543943547298,48.278746353115295,50.40008520802491,47.03520288644414,2042.0,256736121.0,7.33,-443000.0,0.0,41000.0,0.0,72.33720323479609,72.33720323479609,72.33720323479609,72.33720323479609,72.33720323479609,67.92374241638953,63.70000000000008,59.476257583610625
2022-11-25,49.74173866684606,49.01024250998068,50.40008520802491,48.71764404723452,883.0,96230191.0,8.14,316000.0,0.0,-4000.0,0.0,72.66043721969044,72.66043721969044,72.66043721969044,72.66043721969044,72.66043721969044,69.82778972654745,64.92000000000009,60.01221027345273
2022-11-28,51.42417982763644,49.52228981978645,51.78992790606913,48.8639432786076,716.0,87077059.0,8.17,1000.0,0.0,-2000.0,0.0,76.11663766192892,76.11663766192892,76.11663766192892,76.11663766192892,76.11663766192892,72.24356291571277,66.46000000000008,60.67643708428738
2022-11-29,50.473234823711444,50.91213251783067,51.93622713744221,50.326935592338366,595.0,52601743.0,7.79,-200000.0,0.0,19000.0,0.0,70.67798044195398,70.67798044195398,70.67798044195398,70.67798044195398,70.67798044195398,72.29716069195806,67.72000000000008,63.14283930804211
2022-11-30,49.74173866684606,50.54638443939798,51.277880596263365,49.59543943547298,479.0,52568932.0,7.93,35000.0,0.0,-37000.0,0.0,66.72828691304314,66.72828691304314,66.72828691304314,66.72828691304314,66.72828691304314,70.49787113508866,68.62000000000009,66.74212886491152
2022-12-01,49.01024250998068,50.473234823711444,50.69268367077106,48.71764404723452,727.0,95221204.0,8.59,242000.0,0.0,-15000.0,0.0,62.9404292521689,62.9404292521689,62.9404292521689,62.9404292521689,62.9404292521689,70.69284571791417,68.46000000000008,66.22715428208599
2022-12-02,50.61953405508452,49.01024250998068,51.57047905900952,49.01024250998068,861.0,117510098.0,9.04,170000.0,0.0,-2000.0,0.0,67.33372690149092,67.33372690149092,67.33372690149092,67.33372690149092,67.33372690149092,70.94142811618148,68.70000000000007,66.45857188381866
2022-12-05,49.8148882825326,51.42417982763644,52.521424062934514,49.8148882825326,1052.0,92382190.0,8.33,-311000.0,0.0,-8000.0,0.0,63.29351497995446,63.29351497995446,63.29351497995446,63.29351497995446,63.29351497995446,69.83784663386791,68.26000000000008,66.68215336613224
2022-12-06,51.86307752175568,50.18063636096529,53.98441637666529,49.88803789821914,2869.0,369134529.0,10.03,663000.0,0.0,3000.0,0.0,68.47830409975958,68.47830409975958,68.47830409975958,68.47830409975958,68.47830409975958,71.29510828404601,68.64000000000007,65.98489171595413
2022-12-07,48.64449443154799,51.7167782903826,51.86307752175568,48.278746353115295,1362.0,156761074.0,9.33,-324000.0,0.0,0.0,0.0,55.26729882837395,55.26729882837395,55.26729882837395,55.26729882837395,55.26729882837395,71.50632278834806,68.34000000000007,65.17367721165209
2022-12-08,48.79079366292107,48.35189596880183,49.74173866684606,48.35189596880183,435.0,40120957.0,9.22,-80000.0,0.0,-3000.0,0.0,55.68579151102533,55.68579151102533,55.68579151102533,55.68579151102533,55.68579151102533,71.55511831847507,68.28000000000007,65.00488168152508
2022-12-09,47.400950964876834,48.79079366292107,49.229691357040295,47.400950964876834,580.0,56337937.0,9.01,4000.0,0.0,3000.0,0.0,50.82151104950526,50.82151104950526,50.82151104950526,50.82151104950526,50.82151104950526,71.47921561087557,67.40000000000008,63.32078438912458
2022-12-12,48.64449443154799,47.108352502130685,49.52228981978645,46.74260442369799,623.0,77848004.0,9.93,350000.0,0.0,-3000.0,0.0,54.63947875415759,54.63947875415759,54.63947875415759,54.63947875415759,54.63947875415759,71.14034481294458,67.08000000000008,63.01965518705559
2022-12-13,48.937092894294146,49.229691357040295,49.8148882825326,48.8639432786076,394.0,49312462.0,10.37,164000.0,0.0,0.0,0.0,55.51460414129704,55.51460414129704,55.51460414129704,55.51460414129704,55.51460414129704,67.7894369811313,66.28000000000009,64.77056301886887
2022-12-14,49.229691357040295,49.59543943547298,49.74173866684606,48.42504558448837,449.0,50222683.0,10.46,47000.0,0.0,14000.0,0.0,56.42005239090061,56.42005239090061,56.42005239090061,56.42005239090061,56.42005239090061,68.16325273828429,66.44000000000008,64.71674726171588
2022-12-15,49.156541741353756,49.229691357040295,50.18063636096529,48.79079366292107,364.0,33131369.0,9.93,-179000.0,0.0,0.0,0.0,56.1125624114552,56.1125624114552,56.1125624114552,56.1125624114552,56.1125624114552,68.36690995946788,66.54000000000009,64.71309004053231
2022-12-16,48.49819520017491,47.98614789036914,49.37599058841337,47.69354942762299,405.0,33925567.0,9.64,-89000.0,0.0,0.0,0.0,53.29723225868992,53.29723225868992,53.29723225868992,53.29723225868992,53.29723225868992,67.61562877718785,66.84000000000009,66.06437122281233
2022-12-19,48.13244712174222,48.20559673742876,49.302840972726834,47.620399811936444,238.0,28298431.0,9.54,-49000.0,0.0,9000.0,0.0,51.7439826212592,51.7439826212592,51.7439826212592,51.7439826212592,51.7439826212592,67.83841995766163,66.70000000000009,65.56158004233855
2022-12-20,46.08425788251915,47.76669904330952,48.57134481586145,45.71850980408645,573.0,63089209.0,9.66,42000.0,0.0,0.0,0.0,44.00912916944826,44.00912916944826,44.00912916944826,44.00912916944826,44.00912916944826,69.04768284837147,65.9200000000001,62.79231715162874
2022-12-21,45.64536018839991,46.230557113892225,47.03520288644414,45.64536018839991,207.0,23463991.0,9.84,97000.0,0.0,2000.0,0.0,42.5416090894094,42.5416090894094,42.5416090894094,42.5416090894094,42.5416090894094,68.7254458125834,64.94000000000008,61.154554187416764
2022-12-22,45.71850980408645,45.71850980408645,46.66945480801145,45.352761725653764,243.0,24722839.0,9.65,-84000.0,0.0,-22000.0,0.0,42.88345989060316,42.88345989060316,42.88345989060316,42.88345989060316,42.88345989060316,67.38703410080296,64.00000000000009,60.61296589919721
2022-12-23,45.4259113413403,45.06016326290761,45.71850980408645,44.62126556878838,250.0,22782715.0,9.73,31000.0,0.0,0.0,0.0,41.81187288511252,41.81187288511252,41.81187288511252,41.81187288511252,41.81187288511252,65.86288734504423,63.160000000000096,60.45711265495597
2022-12-26,44.62126556878838,45.572210572713374,45.572210572713374,44.54811595310184,174.0,15725712.0,9.46,-84000.0,0.0,0.0,0.0,38.930836558363524,38.930836558363524,38.930836558363524,38.930836558363524,38.930836558363524,63.53266649991801,62.20000000000009,60.86733350008217
2022-12-27,44.91386403153453,44.91386403153453,44.98701364722107,44.328667106042225,149.0,12459377.0,9.58,51000.0,0.0,-6000.0,0.0,40.53540975407105,40.53540975407105,40.53540975407105,40.53540975407105,40.53540975407105,63.04893113569818,61.88000000000009,60.71106886430199
2022-12-28,43.67032056486338,44.91386403153453,44.91386403153453,43.67032056486338,259.0,27819638.0,9.34,-102000.0,0.0,0.0,0.0,36.18401994959463,36.18401994959463,36.18401994959463,36.18401994959463,36.18401994959463,63.28566184112281,61.34000000000009,59.39433815887737
2022-12-29,43.74347018054992,43.30457248643069,43.889769411923,42.64622594525184,153.0,15882593.0,9.33,-1000.0,0.0,0.0,0.0,36.61505767656513,36.61505767656513,36.61505767656513,36.61505767656513,36.61505767656513,62.65472369910035,60.80000000000009,58.94527630089983
2022-12-30,43.158273255057615,44.10921825898261,44.62126556878838,43.158273255057615,197.0,16763378.0,8.85,-144000.0,0.0,-16000.0,0.0,34.60153784194861,34.60153784194861,34.60153784194861,34.60153784194861,34.60153784194861,61.952681584494115,60.180000000000085,58.407318415506055
2023-01-03,43.59717094917684,43.158273255057615,43.59717094917684,42.13417863544608,194.0,15383675.0,8.7,-57000.0,0.0,0.0,0.0,37.382762309591065,37.382762309591065,37.382762309591065,37.382762309591065,37.382762309591065,61.500000000001066,59.90000000000009,58.299999999999116
2023-01-04,44.036068643296076,43.231422870744154,45.206462494280686,43.158273255057615,350.0,34467978.0,8.51,-105000.0,0.0,0.0,0.0,40.12496147670936,40.12496147670936,40.12496147670936,40.12496147670936,40.12496147670936,60.43562877718903,59.660000000000096,58.88437122281116
2023-01-05,44.54811595310184,43.889769411923,44.84071441584799,43.81661979623646,196.0,21049561.0,8.49,-83000.0,0.0,0.0,0.0,43.247593739367424,43.247593739367424,43.247593739367424,43.247593739367424,43.247593739367424,61.16491106406974,59.90000000000009,58.63508893593044
2023-01-06,45.64536018839991,44.401816721728764,46.01110826683261,44.255517490355686,330.0,41806307.0,8.73,97000.0,0.0,0.0,0.0,49.34412444256987,49.34412444256987,49.34412444256987,49.34412444256987,49.34412444256987,62.767424120181246,60.42000000000009,58.07257587981893
2023-01-09,45.13331287859415,46.08425788251915,46.08425788251915,45.06016326290761,299.0,32100135.0,8.41,-128000.0,0.0,0.0,0.0,46.816630613073265,46.816630613073265,46.816630613073265,46.816630613073265,46.816630613073265,62.97037309970356,60.96000000000008,58.9496269002966
2023-01-10,45.4259113413403,45.06016326290761,45.93795865114607,45.06016326290761,180.0,19844080.0,8.34,-25000.0,0.0,0.0,0.0,48.44180147014522,48.44180147014522,48.44180147014522,48.44180147014522,48.44180147014522,63.07294761229593,61.46000000000008,59.84705238770423
2023-01-11,44.10921825898261,45.352761725653764,45.352761725653764,44.10921825898261,222.0,21965301.0,8.53,72000.0,0.0,0.0,0.0,42.193450481237505,42.193450481237505,42.193450481237505,42.193450481237505,42.193450481237505,63.031257554375024,61.48000000000009,59.928742445625154
2023-01-12,43.59717094917684,44.10921825898261,44.328667106042225,43.085123639371076,249.0,19202837.0,8.57,17000.0,0.0,0.0,0.0,40.030973460044244,40.030973460044244,40.030973460044244,40.030973460044244,40.030973460044244,63.38665641023439,61.220000000000084,59.05334358976578
2023-01-13,42.938824407998,43.67032056486338,44.255517490355686,42.86567479231146,162.0,15057394.0,8.53,-25000.0,0.0,0.0,0.0,37.37846330957833,37.37846330957833,37.37846330957833,37.37846330957833,37.37846330957833,63.023698095295096,60.48000000000009,57.93630190470508
2023-01-16,43.158273255057615,42.79252517662492,43.158273255057615,42.35362748250569,144.0,10007072.0,8.57,14000.0,0.0,0.0,0.0,38.83338225262191,38.83338225262191,38.83338225262191,38.83338225262191,38.83338225262191,62.361900080517096,59.94000000000009,57.518099919483085
2023-01-17,43.231422870744154,43.5240213334903,43.5240213334903,43.01197402368454,87.0,8172804.0,8.56,1000.0,0.0,-18000.0,0.0,39.33930694263128,39.33930694263128,39.33930694263128,39.33930694263128,39.33930694263128,60.461427661514605,59.34000000000009,58.21857233848557
2023-01-30,44.18236787466915,43.59717094917684,44.62126556878838,43.377722102117225,237.0,22339851.0,8.8,95000.0,0.0,0.0,0.0,45.63467897403626,45.63467897403626,45.63467897403626,45.63467897403626,45.63467897403626,60.55063008529593,59.360000000000085,58.16936991470424
2023-01-31,45.206462494280686,44.036068643296076,45.206462494280686,44.036068643296076,219.0,24325626.0,8.95,59000.0,0.0,0.0,0.0,51.475146722226924,51.475146722226924,51.475146722226924,51.475146722226924,51.475146722226924,62.115167380561005,59.80000000000008,57.48483261943916
2023-02-01,45.49906095702684,45.352761725653764,46.08425788251915,44.84071441584799,315.0,33648243.0,8.46,-123000.0,0.0,0.0,0.0,53.02783020924079,53.02783020924079,53.02783020924079,53.02783020924079,53.02783020924079,63.15329983228765,60.50000000000008,57.846700167712505
2023-02-02,45.352761725653764,45.93795865114607,45.93795865114607,44.91386403153453,206.0,18139203.0,8.47,-12000.0,0.0,0.0,0.0,52.12966073746431,52.12966073746431,52.12966073746431,52.12966073746431,52.12966073746431,63.46643191324346,61.10000000000008,58.7335680867567
2023-02-03,44.255517490355686,45.352761725653764,45.352761725653764,44.255517490355686,239.0,18479286.0,8.28,-67000.0,0.0,0.0,0.0,45.85631108343771,45.85631108343771,45.85631108343771,45.85631108343771,45.85631108343771,62.920908822745076,61.38000000000009,59.8390911772551
2023-02-06,44.255517490355686,44.18236787466915,45.206462494280686,43.889769411923,270.0,22536588.0,8.42,46000.0,0.0,18000.0,0.0,45.85631108343771,45.85631108343771,45.85631108343771,45.85631108343771,45.85631108343771,62.89130815058899,61.40000000000009,59.90869184941119
2023-02-07,45.279612109967225,44.255517490355686,45.352761725653764,44.255517490355686,390.0,48778282.0,9.09,264000.0,0.0,0.0,0.0,52.0963760149492,52.0963760149492,52.0963760149492,52.0963760149492,52.0963760149492,62.93472769830543,61.42000000000009,59.905272301694744
2023-02-08,49.37599058841337,45.49906095702684,49.37599058841337,45.49906095702684,2714.0,256727862.0,8.48,-273000.0,0.0,0.0,0.0,67.98874506952744,67.98874506952744,67.98874506952744,67.98874506952744,67.98874506952744,67.66520973539271,62.48000000000009,57.29479026460748
2023-02-09,46.157407498205686,46.450005960951835,46.88890365507106,45.4259113413403,1902.0,162675021.0,7.44,-429000.0,0.0,0.0,0.0,53.08644649764719,53.08644649764719,53.08644649764719,53.08644649764719,53.08644649764719,67.8784167464597,62.70000000000009,57.52158325354047
2023-02-10,45.352761725653764,46.450005960951835,46.450005960951835,45.352761725653764,590.0,44287969.0,7.35,-36000.0,0.0,0.0,0.0,50.12827281886235,50.12827281886235,50.12827281886235,50.12827281886235,50.12827281886235,67.79332869726358,63.00000000000009,58.20667130273661
2023-02-13,43.59717094917684,44.98701364722107,44.98701364722107,42.57307632956531,680.0,47578246.0,7.25,-38000.0,0.0,0.0,0.0,44.32477538890478,44.32477538890478,44.32477538890478,44.32477538890478,44.32477538890478,68.02522814101457,62.82000000000009,57.61477185898561
2023-02-14,43.81661979623646,43.96291902760954,44.255517490355686,43.59717094917684,300.0,18780325.0,7.22,-16000.0,0.0,0.0,0.0,45.179148416371255,45.179148416371255,45.179148416371255,45.179148416371255,45.179148416371255,68.12950085384082,62.420000000000094,56.710499146159364
2023-02-15,43.158273255057615,43.81661979623646,43.96291902760954,42.86567479231146,351.0,24262382.0,7.03,-75000.0,0.0,0.0,0.0,43.04504877043635,43.04504877043635,43.04504877043635,43.04504877043635,43.04504877043635,63.8425630498049,60.7200000000001,57.597436950195295
2023-02-16,44.328667106042225,43.59717094917684,44.401816721728764,43.59717094917684,273.0,18593720.0,7.04,20000.0,0.0,0.0,0.0,47.768618418304186,47.768618418304186,47.768618418304186,47.768618418304186,47.768618418304186,62.27679362115071,60.2200000000001,58.16320637884949
2023-02-17,44.84071441584799,43.96291902760954,44.84071441584799,43.96291902760954,240.0,13728997.0,7.13,35000.0,0.0,0.0,0.0,49.73282019670105,49.73282019670105,49.73282019670105,49.73282019670105,49.73282019670105,61.676997182216,60.0800000000001,58.4830028177842
2023-02-20,44.76756480016146,44.84071441584799,45.279612109967225,44.255517490355686,233.0,13702081.0,7.18,20000.0,0.0,0.0,0.0,49.44674583016448,49.44674583016448,49.44674583016448,49.44674583016448,49.44674583016448,62.12046505340943,60.400000000000105,58.67953494659078
2023-02-21,44.036068643296076,44.76756480016146,44.76756480016146,43.889769411923,372.0,21831752.0,7.2,7000.0,0.0,0.0,0.0,46.56234641740315,46.56234641740315,46.56234641740315,46.56234641740315,46.56234641740315,62.12661333247991,60.46000000000011,58.7933866675203
2023-02-22,44.328667106042225,43.81661979623646,44.328667106042225,43.30457248643069,254.0,17750670.0,7.22,9000.0,0.0,0.0,0.0,47.87222648522649,47.87222648522649,47.87222648522649,47.87222648522649,47.87222648522649,61.60365041127839,60.78000000000011,59.95634958872183
2023-02-23,43.889769411923,44.69441518447492,44.69441518447492,43.74347018054992,242.0,17911261.0,7.12,-40000.0,0.0,0.0,0.0,46.048839762628845,46.048839762628845,46.048839762628845,46.048839762628845,46.048839762628845,61.70000000000075,60.6600000000001,59.61999999999946
2023-02-24,43.231422870744154,43.889769411923,43.889769411923,43.01197402368454,373.0,24414880.0,6.68,-174999.0,0.0,0.0,0.0,43.379779125779876,43.379779125779876,43.379779125779876,43.379779125779876,43.379779125779876,61.60794812583332,60.220000000000105,58.83205187416689
2023-03-01,43.30457248643069,43.231422870744154,43.5240213334903,42.86567479231146,228.0,16645536.0,6.71,-9000.0,0.0,0.0,0.0,43.76976762540713,43.76976762540713,43.76976762540713,43.76976762540713,43.76976762540713,60.98206712370811,59.82000000000011,58.6579328762921
2023-03-02,43.01197402368454,43.450871717803764,43.81661979623646,42.938824407998,363.0,35405669.0,6.47,-93000.0,0.0,0.0,0.0,42.50851848032309,42.50851848032309,42.50851848032309,42.50851848032309,42.50851848032309,60.86423562857917,59.54000000000011,58.21576437142105
2023-03-03,43.158273255057615,43.085123639371076,43.5240213334903,42.64622594525184,265.0,22424436.0,6.27,-81000.0,0.0,0.0,0.0,43.38693003066956,43.38693003066956,43.38693003066956,43.38693003066956,43.38693003066956,60.04365041127619,59.22000000000012,58.39634958872405
2023-03-06,43.81661979623646,43.231422870744154,44.18236787466915,43.231422870744154,298.0,29544548.0,6.49,106000.0,0.0,0.0,0.0,47.28981938171275,47.28981938171275,47.28981938171275,47.28981938171275,47.28981938171275,59.94833147735092,59.20000000000012,58.451668522649314
2023-03-07,44.4749663374153,43.889769411923,44.98701364722107,43.889769411923,319.0,28846763.0,6.68,74000.0,0.0,0.0,0.0,50.932711229087616,50.932711229087616,50.932711229087616,50.932711229087616,50.932711229087616,61.00205335059926,59.54000000000011,58.077946649400964
2023-03-08,44.62126556878838,44.401816721728764,44.76756480016146,44.10921825898261,249.0,20747316.0,6.58,-37000.0,0.0,0.0,0.0,51.73105827065868,51.73105827065868,51.73105827065868,51.73105827065868,51.73105827065868,61.69777640433914,59.90000000000011,58.10222359566109
2023-03-09,43.96291902760954,44.62126556878838,44.76756480016146,43.96291902760954,416.0,35236433.0,6.46,-46000.0,0.0,0.0,0.0,47.95022516771979,47.95022516771979,47.95022516771979,47.95022516771979,47.95022516771979,61.58323574997171,60.16000000000012,58.73676425002852
2023-03-10,42.57307632956531,43.889769411923,43.889769411923,42.13417863544608,599.0,49061375.0,6.12,-139000.0,0.0,0.0,0.0,41.11797666094475,41.11797666094475,41.11797666094475,41.11797666094475,41.11797666094475,61.979898987322926,60.000000000000114,58.0201010126773
2023-03-13,41.402682478580694,42.280477866819155,42.280477866819155,40.67118632171531,578.0,39594608.0,5.87,-109000.0,0.0,0.0,0.0,36.41277879471312,36.41277879471312,36.41277879471312,36.41277879471312,36.41277879471312,62.71899393311134,59.34000000000011,55.96100606688888
2023-03-14,41.69528094132685,41.329532862894155,42.35362748250569,40.67118632171531,325.0,18760218.0,5.65,-88000.0,0.0,0.0,0.0,38.313256128894565,38.313256128894565,38.313256128894565,38.313256128894565,38.313256128894565,62.01255007246864,58.58000000000011,55.14744992753158
2023-03-15,42.57307632956531,43.158273255057615,43.30457248643069,42.42677709819223,425.0,27414913.0,5.68,40000.0,0.0,0.0,0.0,43.74523532848889,43.74523532848889,43.74523532848889,43.74523532848889,43.74523532848889,60.46098340838428,58.02000000000011,55.57901659161594
2023-03-16,41.76843055701339,42.42677709819223,43.085123639371076,41.69528094132685,313.0,13092819.0,5.42,-54000.0,0.0,0.0,0.0,40.24665266473915,40.24665266473915,40.24665266473915,40.24665266473915,40.24665266473915,58.736966210656355,57.42000000000011,56.10303378934386
2023-03-17,42.86567479231146,42.13417863544608,43.01197402368454,42.13417863544608,253.0,16252373.0,5.52,65000.0,0.0,0.0,0.0,46.52694211233867,46.52694211233867,46.52694211233867,46.52694211233867,46.52694211233867,59.0283978539657,57.500000000000114,55.97160214603453
2023-03-20,43.450871717803764,43.30457248643069,44.18236787466915,43.01197402368454,422.0,28528795.0,5.46,33000.0,0.0,0.0,0.0,49.5711869515252,49.5711869515252,49.5711869515252,49.5711869515252,49.5711869515252,59.88252571998454,58.060000000000116,56.23747428001569
2023-03-21,43.74347018054992,43.889769411923,44.18236787466915,43.5240213334903,473.0,21105592.0,5.65,148900.0,0.0,0.0,0.0,51.07109535871349,51.07109535871349,51.07109535871349,51.07109535871349,51.07109535871349,60.514835085173175,58.62000000000012,56.72516491482706
2023-03-22,43.81661979623646,43.81661979623646,44.18236787466915,43.59717094917684,316.0,26253369.0,5.99,141000.0,0.0,0.0,0.0,51.45979335876136,51.45979335876136,51.45979335876136,51.45979335876136,51.45979335876136,61.033065363177826,58.960000000000115,56.8869346368224
2023-03-23,43.96291902760954,43.81661979623646,44.255517490355686,43.81661979623646,316.0,25022853.0,6.0,40000.0,0.0,0.0,0.0,52.2763663197988,52.2763663197988,52.2763663197988,52.2763663197988,52.2763663197988,60.6228264204497,59.560000000000116,58.497173579550534
2023-03-24,44.10921825898261,44.255517490355686,44.328667106042225,43.96291902760954,273.0,20710251.0,5.99,2000.0,0.0,0.0,0.0,53.12557420559063,53.12557420559063,53.12557420559063,53.12557420559063,53.12557420559063,60.506630035532055,59.90000000000011,59.29336996446817
2023-03-27,44.4749663374153,44.62126556878838,45.572210572713374,44.4749663374153,749.0,61746948.0,6.01,-5000.0,0.0,0.0,0.0,55.26855432149056,55.26855432149056,55.26855432149056,55.26855432149056,55.26855432149056,60.88880180587415,60.180000000000106,59.47119819412606
2023-03-28,43.59717094917684,44.62126556878838,44.62126556878838,43.59717094917684,397.0,19706233.0,5.6,-161000.0,0.0,0.0,0.0,49.42803516518935,49.42803516518935,49.42803516518935,49.42803516518935,49.42803516518935,60.945977667189425,60.140000000000114,59.334022332810804
2023-03-29,43.377722102117225,43.74347018054992,43.96291902760954,43.158273255057615,344.0,14362810.0,5.52,-19000.0,0.0,0.0,0.0,48.06065974673743,48.06065974673743,48.06065974673743,48.06065974673743,48.06065974673743,61.073755189790646,60.02000000000011,58.966244810209574
2023-03-30,43.889769411923,43.74347018054992,44.036068643296076,43.158273255057615,301.0,15895539.0,5.58,26000.0,0.0,0.0,0.0,51.436528938244805,51.436528938244805,51.436528938244805,51.436528938244805,51.436528938244805,61.05071404292837,60.000000000000114,58.94928595707186
2023-03-31,43.889769411923,44.18236787466915,44.255517490355686,43.67032056486338,255.0,15555690.0,5.69,44100.0,0.0,0.0,0.0,51.43652893824482,51.43652893824482,51.43652893824482,51.43652893824482,51.43652893824482,60.94876161703771,59.94000000000011,58.93123838296251
2023-04-06,43.5240213334903,43.59717094917684,44.255517490355686,43.158273255057615,316.0,23141620.0,5.75,30000.0,0.0,0.0,0.0,48.80852394253163,48.80852394253163,48.80852394253163,48.80852394253163,48.80852394253163,60.237135531097536,59.680000000000106,59.12286446890268
2023-04-07,43.67032056486338,43.59717094917684,43.96291902760954,43.5240213334903,168.0,10747207.0,5.57,-70000.0,0.0,0.0,0.0,49.91093145256495,49.91093145256495,49.91093145256495,49.91093145256495,49.91093145256495,60.251361950090406,59.70000000000012,59.14863804990983
2023-04-10,44.10921825898261,43.377722102117225,44.328667106042225,43.377722102117225,361.0,27550655.0,5.93,140000.0,0.0,0.0,0.0,53.16916597835606,53.16916597835606,53.16916597835606,53.16916597835606,53.16916597835606,60.4513619500904,59.90000000000011,59.34863804990982
2023-04-11,44.18236787466915,44.18236787466915,44.54811595310184,43.889769411923,340.0,33106245.0,6.25,119000.0,0.0,0.0,0.0,53.70962591887316,53.70962591887316,53.70962591887316,53.70962591887316,53.70962591887316,60.665857127984815,59.98000000000011,59.29414287201541
2023-04-12,44.18236787466915,44.4749663374153,44.54811595310184,44.18236787466915,260.0,23592125.0,6.49,143000.0,0.0,0.0,0.0,53.70962591887315,53.70962591887315,53.70962591887315,53.70962591887315,53.70962591887315,60.825245058797,60.0600000000001,59.2947549412032
2023-04-13,44.18236787466915,44.4749663374153,44.62126556878838,43.96291902760954,202.0,15502861.0,6.35,-30000.0,0.0,0.0,0.0,53.70962591887316,53.70962591887316,53.70962591887316,53.70962591887316,53.70962591887316,60.78552726789109,60.2400000000001,59.69447273210911
2023-04-14,44.10921825898261,44.328667106042225,44.328667106042225,43.889769411923,187.0,15809004.0,6.28,-31000.0,0.0,0.0,0.0,52.94645371559413,52.94645371559413,52.94645371559413,52.94645371559413,52.94645371559413,60.457979589764115,60.360000000000106,60.2620204102361
2023-04-17,44.255517490355686,44.18236787466915,44.54811595310184,44.10921825898261,215.0,17375842.0,6.58,108000.0,0.0,0.0,0.0,54.34374009974221,54.34374009974221,54.34374009974221,54.34374009974221,54.34374009974221,60.52649110644849,60.400000000000105,60.27350889355172
2023-04-18,44.10921825898261,44.54811595310184,44.62126556878838,44.036068643296076,275.0,20951710.0,6.68,38000.0,0.0,0.0,0.0,52.65968608947409,52.65968608947409,52.65968608947409,52.65968608947409,52.65968608947409,60.52966629552519,60.380000000000095,60.230333704475
2023-04-19,44.036068643296076,44.10921825898261,44.54811595310184,43.889769411923,273.0,23535863.0,6.75,27000.0,0.0,0.0,0.0,51.79541008615662,51.79541008615662,51.79541008615662,51.79541008615662,51.79541008615662,60.54396078057172,60.3400000000001,60.13603921942848
2023-04-20,41.91472978838646,44.10921825898261,44.10921825898261,41.76843055701339,1026.0,82533352.0,4.77,-823000.0,0.0,0.0,0.0,34.24321591750824,34.24321591750824,34.24321591750824,34.24321591750824,34.24321591750824,62.147838544882276,59.7200000000001,57.29216145511792
2023-04-21,41.18323363152108,41.84158017269993,42.06102901975954,40.89063516877492,488.0,33306268.0,4.21,-301000.0,0.0,0.0,0.0,30.41564023510823,30.41564023510823,30.41564023510823,30.41564023510823,30.41564023510823,62.44454252350831,58.920000000000094,55.39545747649188
2023-04-24,41.329532862894155,40.96378478446147,41.329532862894155,40.59803670602877,226.0,16107677.0,3.97,-116000.0,0.0,-18000.0,0.0,32.051491630885245,32.051491630885245,32.051491630885245,32.051491630885245,32.051491630885245,61.66265437207994,58.1200000000001,54.57734562792025
2023-04-25,40.59803670602877,41.329532862894155,41.329532862894155,40.23228862759608,364.0,26026162.0,3.38,-279000.0,0.0,0.0,0.0,28.450097444841177,28.450097444841177,28.450097444841177,28.450097444841177,28.450097444841177,60.4086304806823,57.160000000000096,53.911369519317894
2023-04-26,40.59803670602877,40.81748555308838,40.81748555308838,39.500792470730694,325.0,23022177.0,3.36,-34500.0,0.0,0.0,0.0,28.450097444841177,28.450097444841177,28.450097444841177,28.450097444841177,28.450097444841177,57.57292276202944,56.2200000000001,54.867077237970754
2023-04-27,40.74433593740185,40.59803670602877,40.89063516877492,40.23228862759608,74.0,4558962.0,3.28,-36000.0,0.0,0.0,0.0,30.267523968889076,30.267523968889076,30.267523968889076,30.267523968889076,30.267523968889076,56.739047078549056,55.90000000000009,55.060952921451126
2023-04-28,40.96378478446147,41.18323363152108,41.18323363152108,40.59803670602877,91.0,5413188.0,3.23,-29000.0,0.0,0.0,0.0,33.01601752055207,33.01601752055207,33.01601752055207,33.01601752055207,33.01601752055207,56.59471849057955,55.84000000000009,55.085281509420625
2023-05-02,41.548981709953765,41.110084015834545,41.548981709953765,40.74433593740185,138.0,7551716.0,3.27,8000.0,0.0,0.0,0.0,39.82706977968643,39.82706977968643,39.82706977968643,39.82706977968643,39.82706977968643,56.87159662413129,55.90000000000009,54.92840337586889
2023-05-03,41.110084015834545,41.256383247207616,41.329532862894155,40.96378478446147,113.0,4375504.0,3.16,-45500.0,0.0,0.0,0.0,36.8044113665446,36.8044113665446,36.8044113665446,36.8044113665446,36.8044113665446,56.93977775034866,56.04000000000009,55.14022224965152
2023-05-04,40.96378478446147,41.110084015834545,41.18323363152108,40.74433593740185,130.0,7998065.0,2.97,-80000.0,0.0,0.0,0.0,35.82829786339229,35.82829786339229,35.82829786339229,35.82829786339229,35.82829786339229,56.87321211121015,56.140000000000086,55.40678788879002
2023-05-05,41.110084015834545,40.67118632171531,41.110084015834545,40.59803670602877,154.0,8331587.0,2.84,-53000.0,0.0,0.0,0.0,37.6102593288489,37.6102593288489,37.6102593288489,37.6102593288489,37.6102593288489,56.82787753828864,56.24000000000009,55.652122461711535
2023-05-08,41.69528094132685,41.256383247207616,41.91472978838646,41.256383247207616,140.0,9429901.0,2.89,15000.0,0.0,0.0,0.0,44.27590807064739,44.27590807064739,44.27590807064739,44.27590807064739,44.27590807064739,57.21562877720075,56.44000000000009,55.66437122279943
2023-05-09,40.96378478446147,41.62213132564031,41.62213132564031,40.96378478446147,131.0,10088311.0,2.86,-24000.0,0.0,0.0,0.0,38.708755217216286,38.708755217216286,38.708755217216286,38.708755217216286,38.708755217216286,57.02188947965696,56.280000000000086,55.53811052034321
2023-05-10,41.69528094132685,40.96378478446147,41.91472978838646,40.96378478446147,144.0,8629671.0,2.94,45000.0,0.0,0.0,0.0,46.01839751044361,46.01839751044361,46.01839751044361,46.01839751044361,46.01839751044361,57.36606695223475,56.44000000000009,55.51393304776543
2023-05-11,40.67118632171531,41.69528094132685,41.69528094132685,40.59803670602877,232.0,15382352.0,2.77,-72000.0,0.0,0.0,0.0,39.00496948321947,39.00496948321947,39.00496948321947,39.00496948321947,39.00496948321947,57.474271062184336,56.36000000000009,55.24572893781585
2023-05-12,39.208194007984545,39.500792470730694,39.500792470730694,37.52575284719416,589.0,36199252.0,2.45,-106000.0,0.0,0.0,0.0,31.596555576740588,31.596555576740588,31.596555576740588,31.596555576740588,31.596555576740588,58.33671784549602,55.8400000000001,53.34328215450419
2023-05-15,38.98874516092493,38.40354823543262,39.06189477661147,38.40354823543262,187.0,6366252.0,2.5,1000.0,0.0,0.0,0.0,30.655974232400823,30.655974232400823,30.655974232400823,30.655974232400823,30.655974232400823,57.95096474899627,55.1000000000001,52.24903525100393
2023-05-16,39.208194007984545,39.427642855044155,39.427642855044155,38.98874516092493,105.0,5557027.0,2.52,3000.0,0.0,0.0,0.0,32.809976207800524,32.809976207800524,32.809976207800524,32.809976207800524,32.809976207800524,57.51108975993793,54.620000000000104,51.72891024006228
2023-05-17,39.354493239357616,39.208194007984545,39.57394208641723,39.208194007984545,74.0,3941255.0,2.57,21000.0,0.0,0.0,0.0,34.27571420346236,34.27571420346236,34.27571420346236,34.27571420346236,34.27571420346236,55.631181395248404,53.98000000000011,52.32881860475182
2023-05-18,39.79339093347685,39.500792470730694,40.01283978053647,39.500792470730694,86.0,3959686.0,2.59,1000.0,0.0,0.0,0.0,38.60289818212581,38.60289818212581,38.60289818212581,38.60289818212581,38.60289818212581,54.473212111202734,53.74000000000011,53.00678788879748
2023-05-19,39.93969016484993,39.72024131779031,40.085989396223,39.72024131779031,83.0,4444903.0,2.63,13000.0,0.0,0.0,0.0,40.020472874115754,40.020472874115754,40.020472874115754,40.020472874115754,40.020472874115754,54.91652444926663,53.94000000000011,52.96347555073359
2023-05-22,40.67118632171531,40.15913901190954,40.89063516877492,40.15913901190954,123.0,7217064.0,2.76,46000.0,0.0,0.0,165.0,46.65277906458111,46.65277906458111,46.65277906458111,46.65277906458111,46.65277906458111,55.808545348937486,54.40000000000011,52.99145465106274
2023-05-23,40.59803670602877,40.74433593740185,40.89063516877492,40.37858785896916,107.0,5752999.0,2.85,35000.0,0.0,0.0,0.0,46.103766078945874,46.103766078945874,46.103766078945874,46.103766078945874,46.103766078945874,56.144697768744656,54.78000000000011,53.41530223125556
2023-05-24,40.74433593740185,40.52488709034223,40.96378478446147,40.52488709034223,132.0,4115090.0,2.85,-4000.0,0.0,0.0,-135.0,47.43608286129103,47.43608286129103,47.43608286129103,47.43608286129103,47.43608286129103,56.25252002270931,55.1600000000001,54.067479977290894
2023-05-25,40.52488709034223,40.59803670602877,40.67118632171531,40.23228862759608,97.0,4566829.0,2.85,-4000.0,0.0,0.0,-18.0,45.61458466131704,45.61458466131704,45.61458466131704,45.61458466131704,45.61458466131704,56.14587530818695,55.360000000000106,54.57412469181326
2023-05-26,39.64709170210377,40.89063516877492,40.89063516877492,39.500792470730694,171.0,10760325.0,2.72,-3000.0,0.0,0.0,961.0,39.14033886580391,39.14033886580391,39.14033886580391,39.14033886580391,39.14033886580391,56.37836241742767,55.28000000000011,54.18163758257255
2023-05-29,39.427642855044155,39.79339093347685,40.085989396223,39.354493239357616,159.0,9882960.0,2.81,18000.0,0.0,0.0,-82.0,37.69972262793807,37.69972262793807,37.69972262793807,37.69972262793807,37.69972262793807,56.41837748901138,54.94000000000011,53.461622510988846
2023-05-30,39.500792470730694,39.500792470730694,39.500792470730694,39.281343623671084,114.0,6920730.0,2.82,4000.0,0.0,0.0,0.0,38.512135070087396,38.512135070087396,38.512135070087396,38.512135070087396,38.512135070087396,56.15049660708435,54.640000000000114,53.12950339291588
2023-05-31,39.135044392298006,39.79339093347685,39.86654054916339,39.06189477661147,173.0,9079831.0,2.81,-4000.0,0.0,0.0,-716.0,35.985357053963625,35.985357053963625,35.985357053963625,35.985357053963625,35.985357053963625,55.48374452287598,54.20000000000012,52.91625547712425
2023-06-01,39.64709170210377,39.135044392298006,39.72024131779031,39.135044392298006,108.0,6312283.0,2.77,-8100.0,0.0,0.0,822.0,41.74765397893131,41.74765397893131,41.74765397893131,41.74765397893131,41.74765397893131,54.47536394908562,53.960000000000115,53.44463605091461
2023-06-02,39.57394208641723,39.72024131779031,40.01283978053647,39.57394208641723,133.0,8177483.0,2.62,-8900.0,0.0,0.0,0.0,41.17740835857138,41.17740835857138,41.17740835857138,41.17740835857138,41.17740835857138,54.423321838954756,53.940000000000126,53.456678161045495
2023-06-05,40.89063516877492,39.64709170210377,41.110084015834545,39.64709170210377,241.0,19088856.0,2.86,93000.0,0.0,0.0,-36.0,53.491881639691684,53.491881639691684,53.491881639691684,53.491881639691684,53.491881639691684,55.97266653055968,54.340000000000124,52.70733346944057
2023-06-06,40.305438243282616,41.110084015834545,41.256383247207616,40.305438243282616,143.0,9031883.0,2.74,-46000.0,0.0,0.0,-450.0,48.62008078621621,48.62008078621621,48.62008078621621,48.62008078621621,48.62008078621621,56.24570460045919,54.56000000000013,52.87429539954107
2023-06-07,40.81748555308838,40.37858785896916,41.036934400148006,40.37858785896916,156.0,12193684.0,2.78,21000.0,0.0,0.0,0.0,52.68104819667433,52.68104819667433,52.68104819667433,52.68104819667433,52.68104819667433,56.5452540771975,55.02000000000013,53.494745922802764
2023-06-08,40.451737474655694,41.110084015834545,41.110084015834545,40.451737474655694,135.0,10423792.0,2.75,-12000.0,0.0,0.0,-386.0,49.66169267661389,49.66169267661389,49.66169267661389,49.66169267661389,49.66169267661389,56.52747815515622,55.24000000000014,53.95252184484406
2023-06-09,40.52488709034223,40.52488709034223,41.110084015834545,40.37858785896916,137.0,8668708.0,2.71,-10000.0,0.0,0.0,0.0,50.27551798700638,50.27551798700638,50.27551798700638,50.27551798700638,50.27551798700638,56.10663003552758,55.500000000000135,54.89336996447269
2023-06-12,39.64709170210377,40.01283978053647,40.01283978053647,39.281343623671084,245.0,15281232.0,2.64,-33000.0,0.0,18000.0,699.0,43.43142103602827,43.43142103602827,43.43142103602827,43.43142103602827,43.43142103602827,56.22282642044886,55.16000000000014,54.097173579551416
2023-06-13,40.01283978053647,39.64709170210377,40.085989396223,39.500792470730694,178.0,13300364.0,2.74,39000.0,0.0,0.0,-15.0,46.68797458059249,46.68797458059249,46.68797458059249,46.68797458059249,46.68797458059249,56.20712022428993,55.08000000000014,53.95287977571035
2023-06-14,40.451737474655694,40.085989396223,41.987879404073,40.085989396223,384.0,22925715.0,2.71,16000.0,0.0,0.0,0.0,50.379532883424005,50.379532883424005,50.379532883424005,50.379532883424005,50.379532883424005,55.904337600664526,54.980000000000146,54.055662399335766
2023-06-15,40.15913901190954,40.451737474655694,40.67118632171531,40.01283978053647,158.0,9637093.0,2.57,-54000.0,0.0,0.0,0.0,47.99358388794586,47.99358388794586,47.99358388794586,47.99358388794586,47.99358388794586,55.767179335550665,54.900000000000134,54.0328206644496
2023-06-16,39.93969016484993,40.15913901190954,40.15913901190954,39.86654054916339,156.0,10259707.0,2.49,-36000.0,0.0,0.0,0.0,46.22537562884123,46.22537562884123,46.22537562884123,46.22537562884123,46.22537562884123,55.46221880341465,54.74000000000014,54.017781196585624
2023-06-19,39.93969016484993,40.52488709034223,40.52488709034223,39.86654054916339,117.0,7757166.0,2.44,-8000.0,0.0,0.0,0.0,46.225375628841235,46.225375628841235,46.225375628841235,46.225375628841235,46.225375628841235,55.347636238333784,54.82000000000014,54.2923637616665
2023-06-20,39.64709170210377,40.01283978053647,40.01283978053647,39.500792470730694,117.0,5946162.0,2.31,-50000.0,0.0,0.0,-386.0,43.7337919848367,43.7337919848367,43.7337919848367,43.7337919848367,43.7337919848367,55.451026675301584,54.72000000000014,53.9889733246987
2023-06-21,39.500792470730694,39.64709170210377,39.72024131779031,39.427642855044155,139.0,8825578.0,2.23,9000.0,0.0,0.0,-158.0,42.50028516736338,42.50028516736338,42.50028516736338,42.50028516736338,42.50028516736338,55.100000000003654,54.460000000000136,53.81999999999662
2023-06-26,39.79339093347685,39.500792470730694,40.01283978053647,39.500792470730694,89.0,5005515.0,2.23,-1000.0,0.0,0.0,-25.0,45.79328842281569,45.79328842281569,45.79328842281569,45.79328842281569,45.79328842281569,54.82647615158966,54.36000000000014,53.893523848410624
2023-06-27,40.67118632171531,39.79339093347685,41.256383247207616,39.64709170210377,302.0,24652333.0,2.41,74000.0,0.0,0.0,-54.0,54.256937440807576,54.256937440807576,54.256937440807576,54.256937440807576,54.256937440807576,55.674271062177034,54.56000000000014,53.44572893782324
2023-06-28,41.110084015834545,41.402682478580694,41.47583209426723,40.96378478446147,666.0,55387600.0,2.31,-45000.0,0.0,30000.0,5.0,57.80446493035043,57.80446493035043,57.80446493035043,57.80446493035043,57.80446493035043,56.60696265159473,54.880000000000145,53.15303734840556
2023-06-29,41.42815042988356,41.348633826371305,42.143799861493825,40.63298439476103,419.0,25267835.0,2.31,15000.0,0.0,-30000.0,111.0,36.80141580182498,36.80141580182498,36.80141580182498,36.80141580182498,36.80141580182498,57.304222213541024,54.46000000000015,51.615777786459276
2023-06-30,42.22331646500608,43.25703231066536,43.25703231066536,41.82573344744482,501.0,33282804.0,2.01,-92000.0,0.0,0.0,372.0,42.30748032335728,42.30748032335728,42.30748032335728,42.30748032335728,42.30748032335728,57.32473315743707,54.28000000000016,51.23526684256324
2023-07-03,41.66670024042031,43.018482500128606,43.018482500128606,41.66670024042031,281.0,15755474.0,1.77,-92000.0,0.0,0.0,-49.0,39.700078099301656,39.700078099301656,39.700078099301656,39.700078099301656,39.700078099301656,57.26325287260647,53.88000000000015,50.49674712739383
2023-07-04,41.58718363690806,41.82573344744482,42.54138287905509,41.50766703339581,246.0,12226678.0,1.89,-38000.0,0.0,0.0,345.0,39.327196883259354,39.327196883259354,39.327196883259354,39.327196883259354,39.327196883259354,56.27522503262804,53.220000000000155,50.16477496737227
2023-07-05,40.871534205297785,41.50766703339581,41.50766703339581,40.712500998273285,268.0,16148152.0,1.82,-43000.0,0.0,0.0,-21.0,36.045784450160156,36.045784450160156,36.045784450160156,36.045784450160156,36.045784450160156,53.35252002270103,52.26000000000015,51.167479977299266
2023-07-06,40.712500998273285,40.63298439476103,41.50766703339581,40.63298439476103,172.0,10746422.0,1.66,-85000.0,0.0,0.0,-60.0,35.340104424392,35.340104424392,35.340104424392,35.340104424392,35.340104424392,53.473700111214214,52.080000000000155,50.686299888786095
2023-07-07,40.23540137719977,40.95105080881004,41.03056741232229,39.75830175612625,241.0,12812111.0,1.65,-12000.0,0.0,0.0,-259.0,33.23781844947894,33.23781844947894,33.23781844947894,33.23781844947894,33.23781844947894,52.944697768738706,51.580000000000155,50.2153022312616
2023-07-10,42.382349672030585,41.1896006193468,43.33654891417761,40.712500998273285,710.0,50171287.0,2.24,224000.0,0.0,0.0,0.0,48.17745144518665,48.17745144518665,48.17745144518665,48.17745144518665,48.17745144518665,53.64722017793454,51.76000000000015,49.87277982206575
2023-07-11,41.66670024042031,43.49558212120212,43.49558212120212,41.66670024042031,547.0,42142776.0,1.95,-138000.0,0.0,0.0,-117.0,44.595162683512555,44.595162683512555,44.595162683512555,44.595162683512555,44.595162683512555,53.691648503256715,51.78000000000014,49.86835149674357
2023-07-12,42.382349672030585,42.382349672030585,43.018482500128606,42.06428325798157,651.0,50674428.0,2.12,33000.0,0.0,0.0,-1.0,48.7028264570559,48.7028264570559,48.7028264570559,48.7028264570559,48.7028264570559,54.35308002590114,52.16000000000014,49.966919974099135
2023-07-13,40.95105080881004,42.54138287905509,42.93896589661635,40.95105080881004,458.0,30796644.0,1.76,-178000.0,0.0,0.0,-158.0,41.996629293371726,41.996629293371726,41.996629293371726,41.996629293371726,41.996629293371726,54.31914268214571,52.22000000000014,50.12085731785457
2023-07-14,41.1896006193468,40.95105080881004,41.746216843932565,40.95105080881004,232.0,14358574.0,1.74,-44000.0,0.0,0.0,-141.0,43.395591056574176,43.395591056574176,43.395591056574176,43.395591056574176,43.395591056574176,53.94916083752085,52.460000000000136,50.97083916247942
2023-07-17,40.55346779124878,41.1896006193468,41.1896006193468,39.837818359638504,272.0,13158636.0,1.69,-44000.0,0.0,0.0,258.0,40.58455257827296,40.58455257827296,40.58455257827296,40.58455257827296,40.58455257827296,53.584929020495345,52.000000000000135,50.415070979504925
2023-07-18,40.95105080881004,40.55346779124878,41.82573344744482,40.07636817017526,287.0,18144569.0,1.63,-36000.0,0.0,0.0,-222.0,43.06683510360983,43.06683510360983,43.06683510360983,43.06683510360983,43.06683510360983,53.38665248220676,51.82000000000014,50.25334751779352
2023-07-19,40.39443458422427,41.1896006193468,41.746216843932565,40.23540137719977,281.0,16125530.0,1.62,-166000.0,0.0,0.0,145.0,40.514846365541636,40.514846365541636,40.514846365541636,40.514846365541636,40.514846365541636,52.05102667530283,51.32000000000014,50.588973324697456
2023-07-20,40.39443458422427,40.39443458422427,40.871534205297785,40.39443458422427,114.0,6796618.0,1.61,-4000.0,0.0,0.0,0.0,40.51484636554163,40.51484636554163,40.51484636554163,40.51484636554163,40.51484636554163,51.98399004969185,51.18000000000014,50.376009950308436
2023-07-21,40.23540137719977,40.23540137719977,40.871534205297785,40.15588477368752,134.0,7582280.0,1.65,10000.0,0.0,0.0,0.0,39.73464544121341,39.73464544121341,39.73464544121341,39.73464544121341,39.73464544121341,51.554491659835385,50.94000000000014,50.325508340164895
2023-07-24,39.996851566663004,40.23540137719977,40.63298439476103,39.91733496315076,152.0,7779945.0,1.56,-41000.0,0.0,0.0,-196.0,38.53588194579364,38.53588194579364,38.53588194579364,38.53588194579364,38.53588194579364,51.58993670632987,50.80000000000014,50.010063293670406
2023-07-25,40.55346779124878,40.15588477368752,40.79201760178553,40.07636817017526,112.0,6299552.0,1.66,33000.0,0.0,0.0,1.0,42.86711720690375,42.86711720690375,42.86711720690375,42.86711720690375,42.86711720690375,51.17328638265596,50.70000000000014,50.226713617344316
2023-07-26,40.63298439476103,40.871534205297785,41.58718363690806,40.63298439476103,314.0,19042566.0,1.58,-37000.0,0.0,0.0,0.0,43.47986248463436,43.47986248463436,43.47986248463436,43.47986248463436,43.47986248463436,51.33410800378358,50.76000000000013,50.18589199621669
2023-07-27,40.55346779124878,41.42815042988356,41.42815042988356,40.55346779124878,157.0,7378113.0,1.58,-3999.0,0.0,0.0,0.0,42.98340808339696,42.98340808339696,42.98340808339696,42.98340808339696,42.98340808339696,51.40663003553058,50.80000000000014,50.193369964469696
2023-07-28,41.82573344744482,40.55346779124878,41.90525005095707,40.55346779124878,356.0,20295430.0,1.84,94000.0,0.0,0.0,1.0,52.356800306859355,52.356800306859355,52.356800306859355,52.356800306859355,52.356800306859355,52.71261363209782,51.20000000000014,49.687386367902455
2023-07-31,43.97268174227563,42.143799861493825,44.5292979668614,41.58718363690806,1460.0,127943534.0,2.62,305000.0,0.0,0.0,-159.0,63.316424449474994,63.316424449474994,63.316424449474994,63.316424449474994,63.316424449474994,55.52986486212398,52.20000000000014,48.8701351378763
2023-08-01,44.37026475983689,45.40398060549618,46.914796072228974,43.57509872471437,2581.0,204634199.0,1.96,-276000.0,0.0,0.0,357.0,64.92550253633179,64.92550253633179,64.92550253633179,64.92550253633179,64.92550253633179,57.23646906035189,53.16000000000014,49.08353093964839
2023-08-02,45.16543079495942,44.60881457037365,46.119630037106454,43.73413193173888,1497.0,119180552.0,2.23,136000.0,0.0,0.0,-352.0,67.95315116162294,67.95315116162294,67.95315116162294,67.95315116162294,67.95315116162294,58.6155532669639,54.30000000000014,49.98444673303638
2023-08-04,46.35817984764321,45.16543079495942,47.07382927925349,44.290748156324646,2574.0,236084509.0,2.58,134000.0,0.0,0.0,842.0,71.87493372438274,71.87493372438274,71.87493372438274,71.87493372438274,71.87493372438274,59.5263775700269,55.76000000000014,51.99362242997338
2023-08-07,45.48349720900843,45.24494739847167,46.59672965817997,44.21123155281239,1565.0,106184661.0,2.24,-138000.0,0.0,0.0,-331.0,65.54068297436389,65.54068297436389,65.54068297436389,65.54068297436389,65.54068297436389,58.79433204582372,56.68000000000014,54.56566795417656
2023-08-08,47.31237908979024,47.31237908979024,48.50512814247403,46.517213054667714,4079.0,361689639.0,2.77,245100.0,0.0,0.0,-407.0,71.24661515734006,71.24661515734006,71.24661515734006,71.24661515734006,71.24661515734006,60.066841180756796,57.52000000000014,54.97315881924348
2023-08-09,46.43769645115546,46.75576286520447,47.86899531437601,46.35817984764321,1402.0,117523765.0,2.54,-92675.0,0.0,0.0,1.0,65.64787698075997,65.64787698075997,65.64787698075997,65.64787698075997,65.64787698075997,59.95248529406184,58.040000000000134,56.12751470593843
2023-08-10,44.5292979668614,46.119630037106454,46.119630037106454,44.290748156324646,1094.0,67153478.0,2.52,-16000.0,0.0,0.0,0.0,55.41582048019696,55.41582048019696,55.41582048019696,55.41582048019696,55.41582048019696,60.257898231633455,57.88000000000013,55.502101768366806
2023-08-11,43.177515707153105,43.81364853525113,44.052198345787886,42.8594492931041,803.0,59616361.0,2.55,12000.0,0.0,0.0,-58.0,49.52726279872602,49.52726279872602,49.52726279872602,49.52726279872602,49.52726279872602,60.7140610891956,57.08000000000013,53.445938910804664
2023-08-14,41.82573344744482,43.33654891417761,43.654615328226626,41.66670024042031,478.0,26061426.0,2.45,-35000.0,0.0,0.0,338.0,44.44157925628861,44.44157925628861,44.44157925628861,44.44157925628861,44.44157925628861,61.24582343382114,56.16000000000014,51.07417656617914
2023-08-15,42.143799861493825,42.46186627554284,42.779932689591845,42.06428325798157,208.0,12430747.0,2.42,-13000.0,0.0,0.0,-258.0,45.85052734035347,45.85052734035347,45.85052734035347,45.85052734035347,45.85052734035347,59.12258137752279,54.86000000000014,50.59741862247749
2023-08-16,42.22331646500608,41.98476665446932,42.382349672030585,41.110084015834545,296.0,21734837.0,2.47,34000.0,0.0,0.0,-42.0,46.21773260418452,46.21773260418452,46.21773260418452,46.21773260418452,46.21773260418452,56.27547975148389,53.80000000000014,51.324520248516386
2023-08-17,42.30283306851833,42.06428325798157,42.620899482567346,41.58718363690806,200.0,10827520.0,2.59,48575.0,0.0,0.0,-88.0,46.60765514723394,46.60765514723394,46.60765514723394,46.60765514723394,46.60765514723394,54.37560556532964,53.24000000000014,52.10439443467063
2023-08-18,41.58718363690806,42.779932689591845,42.8594492931041,41.42815042988356,203.0,12914496.0,2.51,-38000.0,0.0,0.0,635.0,43.54759077424497,43.54759077424497,43.54759077424497,43.54759077424497,43.54759077424497,53.51646138101816,52.84000000000013,52.1635386189821
2023-08-21,41.1896006193468,41.348633826371305,41.66670024042031,40.95105080881004,237.0,14289537.0,2.44,-30000.0,0.0,0.0,-89.0,41.90164121917794,41.90164121917794,41.90164121917794,41.90164121917794,41.90164121917794,53.76369737473496,52.680000000000135,51.59630262526531
2023-08-22,40.63298439476103,41.58718363690806,41.66670024042031,40.63298439476103,184.0,15558629.0,2.39,-18000.0,0.0,0.0,-236.0,39.64258483321934,39.64258483321934,39.64258483321934,39.64258483321934,39.64258483321934,53.88492902049477,52.30000000000014,50.715070979505505
2023-08-23,40.712500998273285,40.63298439476103,41.26911722285905,40.63298439476103,161.0,8092656.0,2.58,3000.0,0.0,0.0,-144.0,40.139092520402976,40.139092520402976,40.139092520402976,40.139092520402976,40.139092520402976,53.46609184720841,51.920000000000144,50.37390815279188
2023-08-24,41.03056741232229,41.03056741232229,42.06428325798157,40.712500998273285,229.0,18069432.0,2.52,-24000.0,0.0,0.0,423.0,42.18770689062427,42.18770689062427,42.18770689062427,42.18770689062427,42.18770689062427,52.467179335548586,51.60000000000015,50.732820664451715
2023-08-25,40.871534205297785,40.95105080881004,41.26911722285905,40.39443458422427,120.0,6392816.0,2.55,17000.0,0.0,0.0,-1.0,41.424350554976755,41.424350554976755,41.424350554976755,41.424350554976755,41.424350554976755,51.93224993899795,51.420000000000144,50.90775006100234
2023-08-28,40.55346779124878,41.26911722285905,41.26911722285905,40.55346779124878,113.0,7255035.0,2.52,-13000.0,0.0,0.0,-6.0,39.8705051369298,39.8705051369298,39.8705051369298,39.8705051369298,39.8705051369298,51.690813184578055,51.26000000000014,50.829186815422226
2023-08-29,40.15588477368752,40.63298439476103,40.79201760178553,39.75830175612625,431.0,25185282.0,2.41,-50000.0,0.0,0.0,-530.0,37.95402367080516,37.95402367080516,37.95402367080516,37.95402367080516,37.95402367080516,51.89471849056876,51.14000000000014,50.38528150943152
2023-08-30,40.871534205297785,40.23540137719977,41.03056741232229,40.15588477368752,144.0,9940291.0,2.5,34000.0,0.0,0.0,-5.0,43.24253082401891,43.24253082401891,43.24253082401891,43.24253082401891,43.24253082401891,51.96383671769564,51.180000000000135,50.39616328230463
2023-08-31,41.58718363690806,40.871534205297785,41.66670024042031,40.79201760178553,196.0,12586948.0,2.72,83000.0,0.0,1.0,1.0,48.01438680419809,48.01438680419809,48.01438680419809,48.01438680419809,48.01438680419809,52.50253963993003,51.32000000000014,50.13746036007026
2023-09-01,41.1896006193468,41.58718363690806,41.66670024042031,41.1896006193468,131.0,8717362.0,2.66,-26000.0,0.0,-1.0,0.0,45.714883180322424,45.714883180322424,45.714883180322424,45.714883180322424,45.714883180322424,52.64579292019545,51.400000000000134,50.15420707980482
2023-09-04,40.871534205297785,41.110084015834545,41.110084015834545,40.63298439476103,145.0,6111151.0,2.69,16000.0,0.0,0.0,892.0,43.90339507114959,43.90339507114959,43.90339507114959,43.90339507114959,43.90339507114959,52.66253963993232,51.48000000000013,50.297460360067944
2023-09-05,41.03056741232229,40.871534205297785,41.42815042988356,40.871534205297785,137.0,8985627.0,2.84,59000.0,0.0,0.0,-4.0,45.07532080267096,45.07532080267096,45.07532080267096,45.07532080267096,45.07532080267096,52.369328021231716,51.70000000000014,51.03067197876856
2023-09-06,40.95105080881004,41.1896006193468,41.348633826371305,40.871534205297785,115.0,7244523.0,2.91,27000.0,0.0,0.0,-545.0,44.57390401129529,44.57390401129529,44.57390401129529,44.57390401129529,44.57390401129529,52.35749509802467,51.72000000000014,51.08250490197561
2023-09-07,40.95105080881004,40.95105080881004,41.746216843932565,40.95105080881004,133.0,9268644.0,2.83,-16000.0,0.0,0.0,-16.0,44.57390401129529,44.57390401129529,44.57390401129529,44.57390401129529,44.57390401129529,51.83129319934138,51.56000000000014,51.28870680065889
2023-09-08,40.55346779124878,40.95105080881004,41.03056741232229,40.39443458422427,137.0,6599446.0,2.63,-63000.0,0.0,0.0,453.0,41.87285776459287,41.87285776459287,41.87285776459287,41.87285776459287,41.87285776459287,51.819523539280574,51.400000000000134,50.98047646071969
2023-09-11,39.04265232451598,40.55346779124878,40.55346779124878,39.04265232451598,509.0,28983161.0,2.37,-116000.0,0.0,0.0,-225.0,33.55246145420571,33.55246145420571,33.55246145420571,33.55246145420571,33.55246145420571,52.82722017793694,50.94000000000013,49.05277982206333
2023-09-12,38.366761194661834,39.002894022759854,39.002894022759854,38.167969685881204,238.0,13502556.0,2.3,-43000.0,0.0,0.0,45.0,30.621020941835287,30.621020941835287,30.621020941835287,30.621020941835287,30.621020941835287,52.95447387769201,50.27000000000014,47.585526122308266
2023-09-13,40.23540137719977,38.72458591046697,40.23540137719977,38.72458591046697,215.0,9930194.0,2.51,49000.0,0.0,0.0,-60.0,44.94299550886356,44.94299550886356,44.94299550886356,44.94299550886356,44.94299550886356,52.53000000000289,50.09000000000013,47.64999999999737
2023-09-14,40.871534205297785,40.55346779124878,41.110084015834545,40.314917980712025,236.0,13144338.0,2.58,26000.0,0.0,0.0,0.0,48.81656399431687,48.81656399431687,48.81656399431687,48.81656399431687,48.81656399431687,52.464660727537606,50.070000000000135,47.675339272462665
2023-09-15,39.996851566663004,41.1896006193468,41.26911722285905,39.91733496315076,177.0,8737404.0,2.57,10000.0,0.0,0.0,0.0,44.210677687098226,44.210677687098226,44.210677687098226,44.210677687098226,44.210677687098226,52.16749860335414,49.930000000000135,47.69250139664613
2023-09-18,39.996851566663004,39.91733496315076,40.55346779124878,39.837818359638504,134.0,6657627.0,2.73,66000.0,0.0,0.0,0.0,44.21067768709822,44.21067768709822,44.21067768709822,44.21067768709822,44.21067768709822,52.25192218875126,50.17000000000013,48.088077811249
2023-09-19,39.678785152614,40.15588477368752,40.15588477368752,39.639026850857874,222.0,5501317.0,2.52,-15000.0,0.0,0.0,0.0,42.51881980182991,42.51881980182991,42.51881980182991,42.51881980182991,42.51881980182991,51.50399203184817,50.50000000000013,49.496007968152085
2023-09-20,39.5197519455895,39.75830175612625,40.15588477368752,39.5197519455895,117.0,4945819.0,2.39,-57000.0,0.0,0.0,-18.0,41.660370748534056,41.660370748534056,41.660370748534056,41.660370748534056,41.660370748534056,51.49575507654165,50.32000000000013,49.14424492345861
2023-09-21,39.996851566663004,40.39443458422427,40.39443458422427,39.75830175612625,168.0,8656012.0,2.37,-24000.0,0.0,0.0,-173.0,45.23277037850442,45.23277037850442,45.23277037850442,45.23277037850442,45.23277037850442,50.60596442564445,50.10000000000012,49.59403557435579
2023-09-22,39.71854345437013,39.75830175612625,39.91733496315076,39.201685531540484,134.0,5607697.0,2.37,-26000.0,0.0,0.0,-3.0,43.55721809974332,43.55721809974332,43.55721809974332,43.55721809974332,43.55721809974332,50.501593044920135,50.03000000000012,49.55840695508011
2023-09-25,39.75830175612625,39.837818359638504,40.15588477368752,39.75830175612625,120.0,4156784.0,2.4,11000.0,0.0,0.0,510.0,43.87705743311506,43.87705743311506,43.87705743311506,43.87705743311506,43.87705743311506,50.35781438861745,49.97000000000012,49.58218561138279
2023-09-26,39.36071873856499,39.75830175612625,39.837818359638504,39.36071873856499,83.0,3576320.0,1.6,-29000.0,0.0,0.0,-35.0,41.35346044020635,41.35346044020635,41.35346044020635,41.35346044020635,41.35346044020635,50.43552726789944,49.890000000000114,49.34447273210079
2023-09-27,39.75830175612625,39.36071873856499,40.07636817017526,39.32096043680887,127.0,5078788.0,1.65,16000.0,0.0,0.0,-543.0,44.77411986503559,44.77411986503559,44.77411986503559,44.77411986503559,44.77411986503559,50.463809303167196,49.95000000000012,49.43619069683304
2023-09-28,40.473951187736525,39.75830175612625,41.58718363690806,39.75830175612625,312.0,20871268.0,1.91,91000.0,0.0,0.0,556.0,50.383916443838864,50.383916443838864,50.383916443838864,50.383916443838864,50.383916443838864,50.981262860003056,50.070000000000114,49.15873713999717
2023-10-02,43.73413193173888,41.26911722285905,44.052198345787886,40.63298439476103,857.0,61438726.0,2.4,155000.0,0.0,0.0,-185.0,66.88608522441383,66.88608522441383,66.88608522441383,66.88608522441383,66.88608522441383,55.10273538777044,51.08000000000011,47.05726461222979
2023-10-03,43.97268174227563,44.76784777739816,45.32446400198393,43.97268174227563,2126.0,153636097.0,1.82,-328000.0,0.0,0.0,-712.0,67.73178377107863,67.73178377107863,67.73178377107863,67.73178377107863,67.73178377107863,57.14015999744198,52.140000000000114,47.13984000255825
2023-10-04,42.779932689591845,43.25703231066536,43.25703231066536,42.382349672030585,456.0,28195906.0,1.88,3000.0,0.0,0.0,48.0,59.543479789784904,59.543479789784904,59.543479789784904,59.543479789784904,59.543479789784904,57.3211109682599,53.000000000000114,48.678889031740326
2023-10-05,42.8594492931041,42.8594492931041,43.57509872471437,42.8594492931041,364.0,15597163.0,1.76,-20000.0,0.0,0.0,0.0,59.891600769590625,59.891600769590625,59.891600769590625,59.891600769590625,59.891600769590625,56.89229818623112,53.78000000000011,50.66770181376909
2023-10-06,42.93896589661635,43.416065517689866,43.416065517689866,42.143799861493825,252.0,14052713.0,1.98,82000.0,0.0,0.0,899.0,60.25986177026629,60.25986177026629,60.25986177026629,60.25986177026629,60.25986177026629,55.64579292019762,54.40000000000011,53.1542070798026
2023-10-11,40.314917980712025,42.620899482567346,42.8594492931041,40.15588477368752,425.0,22265911.0,1.85,-65000.0,0.0,0.0,-816.0,45.43451348133555,45.43451348133555,45.43451348133555,45.43451348133555,45.43451348133555,56.5826304409205,53.54000000000011,50.49736955907973
2023-10-12,41.110084015834545,40.473951187736525,41.348633826371305,40.39443458422427,138.0,5865006.0,1.86,4000.0,0.0,0.0,1.0,49.48984375088043,49.48984375088043,49.48984375088043,49.48984375088043,49.48984375088043,55.542939588022186,52.82000000000011,50.09706041197803
2023-10-13,41.03056741232229,40.39443458422427,41.348633826371305,40.39443458422427,93.0,4087934.0,1.9,28000.0,0.0,0.0,1.0,49.09688513016683,49.09688513016683,49.09688513016683,49.09688513016683,49.09688513016683,55.037517638703015,52.38000000000011,49.7224823612972
2023-10-16,40.55346779124878,41.03056741232229,41.03056741232229,40.15588477368752,118.0,5939432.0,1.93,11000.0,0.0,0.0,-1.0,46.70085904850444,46.70085904850444,46.70085904850444,46.70085904850444,46.70085904850444,54.12206804379559,51.80000000000011,49.47793195620463
2023-10-17,40.15588477368752,40.55346779124878,40.55346779124878,40.15588477368752,106.0,5360789.0,2.03,-6000.0,0.0,0.0,-126.0,44.741337682853036,44.741337682853036,44.741337682853036,44.741337682853036,44.741337682853036,52.05498691091294,51.100000000000115,50.14501308908729
2023-10-18,39.599268549101744,39.91733496315076,40.07636817017526,39.599268549101744,173.0,9297761.0,1.99,-34000.0,0.0,0.0,667.0,42.07934519293133,42.07934519293133,42.07934519293133,42.07934519293133,42.07934519293133,52.33647449677539,50.920000000000115,49.50352550322484
2023-10-19,39.837818359638504,39.55951024734562,40.23540137719977,39.400477040321114,71.0,3363061.0,2.0,-26000.0,0.0,0.0,0.0,43.627356609872045,43.627356609872045,43.627356609872045,43.627356609872045,43.627356609872045,51.883744522875986,50.60000000000012,49.31625547712426
2023-10-20,39.91733496315076,39.599268549101744,40.23540137719977,39.28120213505274,106.0,4076932.0,2.06,5000.0,0.0,0.0,30.0,44.16306163734565,44.16306163734565,44.16306163734565,44.16306163734565,44.16306163734565,51.13387959798475,50.32000000000012,49.50612040201549
2023-10-23,39.599268549101744,39.599268549101744,40.55346779124878,39.599268549101744,119.0,5145281.0,2.14,33000.0,0.0,0.0,0.0,42.42631176396312,42.42631176396312,42.42631176396312,42.42631176396312,42.42631176396312,50.607636238345826,50.08000000000012,49.55236376165441
2023-10-24,39.599268549101744,39.678785152614,40.07636817017526,39.28120213505274,176.0,4265357.0,2.18,16000.0,0.0,0.0,-1.0,42.42631176396312,42.42631176396312,42.42631176396312,42.42631176396312,42.42631176396312,50.2887119154996,49.940000000000126,49.591288084500654
2023-10-25,40.15588477368752,39.996851566663004,40.712500998273285,39.71854345437013,133.0,8527500.0,2.19,13000.0,0.0,0.0,0.0,46.68190528992412,46.68190528992412,46.68190528992412,46.68190528992412,46.68190528992412,50.607636238345826,50.08000000000012,49.55236376165441
2023-10-26,40.15588477368752,40.55346779124878,40.55346779124878,39.71854345437013,105.0,5873421.0,2.09,-42000.0,0.0,0.0,-365.0,46.68190528992412,46.68190528992412,46.68190528992412,46.68190528992412,46.68190528992412,50.787375485664136,50.160000000000124,49.53262451433611
2023-10-27,39.678785152614,40.15588477368752,40.39443458422427,39.678785152614,70.0,3151270.0,2.03,-18000.0,0.0,0.0,0.0,43.48658793598179,43.48658793598179,43.48658793598179,43.48658793598179,43.48658793598179,50.75726706901792,50.10000000000012,49.442732930982324
2023-10-30,39.599268549101744,39.678785152614,39.996851566663004,39.599268549101744,58.0,2612334.0,2.05,6000.0,0.0,0.0,-119.0,42.95881015603089,42.95881015603089,42.95881015603089,42.95881015603089,42.95881015603089,50.75726706901792,50.10000000000012,49.442732930982324
2023-10-31,39.16192722978436,39.599268549101744,40.07636817017526,39.12216892802824,92.0,5216751.0,1.98,-33000.0,0.0,0.0,-3.0,40.07778622297868,40.07778622297868,40.07778622297868,40.07778622297868,40.07778622297868,50.93318608981123,49.99000000000012,49.046813910189016
2023-11-01,39.04265232451598,39.241443833296614,39.55951024734562,38.963135721003724,95.0,3993524.0,1.99,1000.0,0.0,0.0,743.0,39.3036091472155,39.3036091472155,39.3036091472155,39.3036091472155,39.3036091472155,50.71079968026294,49.71000000000012,48.709200319737306
2023-11-02,39.837818359638504,39.241443833296614,39.837818359638504,39.241443833296614,52.0,1293319.0,2.01,11000.0,0.0,0.0,0.0,46.69607304532434,46.69607304532434,46.69607304532434,46.69607304532434,46.69607304532434,50.4035631842414,49.63000000000012,48.85643681575885
2023-11-03,39.71854345437013,40.07636817017526,40.07636817017526,39.639026850857874,48.0,1757792.0,2.07,7000.0,0.0,0.0,-1.0,45.795080670746415,45.795080670746415,45.795080670746415,45.795080670746415,45.795080670746415,50.42841613378668,49.64000000000012,48.85158386621356
2023-11-06,40.23540137719977,39.75830175612625,40.314917980712025,39.71854345437013,96.0,6507980.0,2.18,43000.0,0.0,0.0,-2.0,50.27265504785793,50.27265504785793,50.27265504785793,50.27265504785793,50.27265504785793,50.91175536878282,49.80000000000012,48.688244631217415
2023-11-07,39.599268549101744,40.23540137719977,40.23540137719977,39.5197519455895,110.0,4172678.0,2.27,36000.0,0.0,0.0,0.0,45.3115920534486,45.3115920534486,45.3115920534486,45.3115920534486,45.3115920534486,50.88241966250047,49.91000000000012,48.93758033749977
2023-11-08,40.15588477368752,39.678785152614,40.871534205297785,39.55951024734562,144.0,9466612.0,2.35,29000.0,0.0,0.0,-834.0,49.9643964832667,49.9643964832667,49.9643964832667,49.9643964832667,49.9643964832667,50.81096698786339,50.19000000000012,49.56903301213685
2023-11-09,39.996851566663004,39.91733496315076,40.15588477368752,39.837818359638504,68.0,3379362.0,2.32,-16000.0,0.0,0.0,-1.0,48.68979590611872,48.68979590611872,48.68979590611872,48.68979590611872,48.68979590611872,50.848384993363304,50.23000000000012,49.61161500663693
2023-11-10,39.599268549101744,40.15588477368752,40.15588477368752,39.599268549101744,96.0,2464016.0,2.29,-22000.0,0.0,0.0,0.0,45.56063480110056,45.56063480110056,45.56063480110056,45.56063480110056,45.56063480110056,50.88117545464782,50.200000000000124,49.51882454535243
2023-11-13,39.91733496315076,39.599268549101744,39.996851566663004,39.241443833296614,91.0,4603338.0,2.38,35000.0,0.0,0.0,0.0,48.41673517343048,48.41673517343048,48.41673517343048,48.41673517343048,48.41673517343048,50.67713553109756,50.12000000000013,49.5628644689027
2023-11-14,39.639026850857874,39.91733496315076,39.91733496315076,39.599268549101744,50.0,2270846.0,2.4,5000.0,0.0,0.0,-1.0,46.13590878180578,46.13590878180578,46.13590878180578,46.13590878180578,46.13590878180578,50.66516352642491,50.13000000000012,49.594836473575334
2023-11-15,40.07636817017526,39.678785152614,40.55346779124878,39.678785152614,116.0,5959250.0,2.47,44000.0,0.0,0.0,205.0,50.11298213179355,50.11298213179355,50.11298213179355,50.11298213179355,50.11298213179355,50.593321838958516,50.11000000000013,49.62667816104174
2023-11-16,39.71854345437013,40.07636817017526,40.07636817017526,39.678785152614,161.0,2390916.0,2.36,21000.0,0.0,0.0,0.0,47.051893682550734,47.051893682550734,47.051893682550734,47.051893682550734,47.051893682550734,50.49343136196961,50.04000000000012,49.58656863803063
2023-11-17,40.07636817017526,39.75830175612625,40.23540137719977,39.75830175612625,115.0,3037717.0,2.38,14000.0,0.0,0.0,-2.0,50.31996981644414,50.31996981644414,50.31996981644414,50.31996981644414,50.31996981644414,50.61343136196761,50.160000000000124,49.706568638032635
2023-11-20,39.91733496315076,39.837818359638504,40.07636817017526,39.639026850857874,92.0,2737421.0,2.42,16000.0,0.0,0.0,-3.0,48.876059939475766,48.876059939475766,48.876059939475766,48.876059939475766,48.876059939475766,50.61343136197162,50.16000000000012,49.706568638028614
2023-11-21,40.39443458422427,39.996851566663004,40.79201760178553,39.996851566663004,171.0,9908126.0,2.57,62000.0,0.0,0.0,-20.0,53.2134335051514,53.2134335051514,53.2134335051514,53.2134335051514,53.2134335051514,50.90856960176706,50.350000000000115,49.79143039823317
2023-11-22,41.90525005095707,40.55346779124878,42.143799861493825,40.55346779124878,417.0,26100238.0,2.61,17000.0,0.0,0.0,215.0,63.712423271372145,63.712423271372145,63.712423271372145,63.712423271372145,63.712423271372145,52.780177656968846,50.810000000000116,48.839822343031386
2023-11-23,41.1896006193468,42.143799861493825,42.143799861493825,41.03056741232229,301.0,8791330.0,2.55,-24000.0,0.0,0.0,-26.0,57.16824949145922,57.16824949145922,57.16824949145922,57.16824949145922,57.16824949145922,53.057871135093535,51.18000000000012,49.302128864906706
2023-11-24,41.50766703339581,41.26911722285905,41.82573344744482,41.03056741232229,146.0,7297088.0,2.56,4000.0,0.0,0.0,368.0,59.17528927541053,59.17528927541053,59.17528927541053,59.17528927541053,59.17528927541053,53.37128370276623,51.54000000000012,49.70871629723401
2023-11-27,41.110084015834545,41.50766703339581,41.50766703339581,40.95105080881004,81.0,6508941.0,2.6,17000.0,0.0,0.0,-102.0,55.66405586137707,55.66405586137707,55.66405586137707,55.66405586137707,55.66405586137707,53.09602547745401,51.840000000000124,50.583974522546235
2023-11-28,41.26911722285905,40.95105080881004,41.26911722285905,40.95105080881004,57.0,1881426.0,2.59,-3000.0,0.0,0.0,-100.0,56.76904699989214,56.76904699989214,56.76904699989214,56.76904699989214,56.76904699989214,52.78221880342345,52.060000000000116,51.337781196576785
2023-11-29,42.46186627554284,41.58718363690806,43.09799910364086,41.58718363690806,505.0,31647147.0,2.77,67000.0,0.0,0.0,-97.0,64.01326104956678,64.01326104956678,64.01326104956678,64.01326104956678,64.01326104956678,53.44579292019908,52.20000000000012,50.95420707980115
2023-11-30,41.90525005095707,44.13171494930014,44.13171494930014,41.90525005095707,567.0,42310766.0,2.47,-118000.0,0.0,0.0,13.0,59.04112975335928,59.04112975335928,59.04112975335928,59.04112975335928,59.04112975335928,53.60245654320301,52.38000000000011,51.15754345679721
2023-12-01,42.143799861493825,41.98476665446932,43.73413193173888,41.98476665446932,357.0,28670423.0,2.5,7000.0,0.0,0.0,-276.0,60.458658684738275,60.458658684738275,60.458658684738275,60.458658684738275,60.458658684738275,53.83367693031087,52.54000000000011,51.24632306968935
2023-12-04,42.54138287905509,42.46186627554284,42.7004160860796,41.746216843932565,208.0,10987896.0,2.46,-20000.0,0.0,0.0,399.0,62.77123475635873,62.77123475635873,62.77123475635873,62.77123475635873,62.77123475635873,54.05238882327962,52.90000000000011,51.7476111767206
2023-12-05,41.90525005095707,42.22331646500608,42.46186627554284,41.746216843932565,96.0,5625112.0,2.52,31000.0,0.0,0.0,-545.0,57.02462465707081,57.02462465707081,57.02462465707081,57.02462465707081,57.02462465707081,53.736461381023524,53.060000000000116,52.38353861897671
2023-12-06,41.90525005095707,41.90525005095707,42.46186627554284,41.90525005095707,123.0,8049258.0,2.68,62000.0,0.0,0.0,198.0,57.0246246570708,57.0246246570708,57.0246246570708,57.0246246570708,57.0246246570708,53.54481997408884,52.920000000000115,52.29518002591139
2023-12-07,42.06428325798157,41.98476665446932,43.018482500128606,41.90525005095707,135.0,10116192.0,2.69,7001.0,0.0,0.0,-182.0,58.13585143540846,58.13585143540846,58.13585143540846,58.13585143540846,58.13585143540846,53.54787753828403,52.960000000000115,52.3721224617162
2023-12-08,41.82573344744482,42.30283306851833,42.30283306851833,41.746216843932565,125.0,5767300.0,2.59,5000.0,0.0,0.0,-117.0,55.80490993592721,55.80490993592721,55.80490993592721,55.80490993592721,55.80490993592721,53.529923072383184,52.88000000000012,52.23007692761706
2023-12-11,41.82573344744482,42.143799861493825,42.54138287905509,41.82573344744482,100.0,5544223.0,2.6,18000.0,0.0,0.0,-17.0,55.80490993592721,55.80490993592721,55.80490993592721,55.80490993592721,55.80490993592721,52.91908902303696,52.700000000000124,52.48091097696329
2023-12-12,41.90525005095707,41.90525005095707,42.54138287905509,41.746216843932565,72.0,4361295.0,2.63,11000.0,0.0,0.0,-1.0,56.4794837630876,56.4794837630876,56.4794837630876,56.4794837630876,56.4794837630876,52.91908902303696,52.700000000000124,52.48091097696329
2023-12-13,42.382349672030585,42.54138287905509,42.620899482567346,42.06428325798157,148.0,7681495.0,2.58,24000.0,0.0,0.0,-1.0,60.38641317693413,60.38641317693413,60.38641317693413,60.38641317693413,60.38641317693413,53.34763623834066,52.82000000000013,52.292363761659594
2023-12-14,42.382349672030585,42.620899482567346,43.09799910364086,42.143799861493825,243.0,10120144.0,2.44,-31000.0,0.0,0.0,42.0,60.38641317693413,60.38641317693413,60.38641317693413,60.38641317693413,60.38641317693413,53.55726706901516,52.90000000000013,52.24273293098509
2023-12-15,42.06428325798157,42.620899482567346,42.620899482567346,42.06428325798157,96.0,6014337.0,2.46,7000.0,0.0,0.0,-5.0,56.467056533056294,56.467056533056294,56.467056533056294,56.467056533056294,56.467056533056294,53.54787753827785,52.96000000000013,52.372122461722405
2023-12-18,41.90525005095707,42.143799861493825,42.22331646500608,41.90525005095707,104.0,3576545.0,2.43,-11000.0,0.0,0.0,-31.0,54.560250178092794,54.560250178092794,54.560250178092794,54.560250178092794,54.560250178092794,53.52258639865916,52.98000000000013,52.437413601341106
2023-12-19,41.348633826371305,41.98476665446932,42.06428325798157,41.26911722285905,112.0,5500262.0,2.44,11000.0,0.0,0.0,0.0,48.399859317390074,48.399859317390074,48.399859317390074,48.399859317390074,48.399859317390074,53.800000000004694,52.84000000000013,51.87999999999557
2023-12-20,41.66670024042031,41.348633826371305,42.143799861493825,41.348633826371305,60.0,2909580.0,2.47,9000.0,0.0,0.0,0.0,51.752257143478964,51.752257143478964,51.752257143478964,51.752257143478964,51.752257143478964,53.54181630740897,52.660000000000124,51.77818369259128
2023-12-21,41.26911722285905,41.58718363690806,41.746216843932565,41.26911722285905,60.0,2016635.0,2.48,7000.0,0.0,0.0,0.0,47.59012198544735,47.59012198544735,47.59012198544735,47.59012198544735,47.59012198544735,53.15356318424257,52.38000000000012,51.606436815757675
2023-12-22,40.95105080881004,41.348633826371305,41.42815042988356,40.79201760178553,136.0,4340977.0,2.27,-10000.0,0.0,0.0,784.0,44.506341543035795,44.506341543035795,44.506341543035795,44.506341543035795,44.506341543035795,52.92945765414425,52.100000000000115,51.27054234585598
2023-12-25,40.95105080881004,41.110084015834545,41.1896006193468,40.871534205297785,65.0,1967419.0,2.26,-4000.0,0.0,0.0,0.0,44.5063415430358,44.5063415430358,44.5063415430358,44.5063415430358,44.5063415430358,52.536461381026214,51.86000000000011,51.18353861897401
2023-12-26,41.26911722285905,40.712500998273285,41.26911722285905,40.712500998273285,82.0,2297409.0,2.32,19000.0,0.0,0.0,-17.0,48.38525246207401,48.38525246207401,48.38525246207401,48.38525246207401,48.38525246207401,52.50452990904869,51.84000000000011,51.17547009095153
2023-12-27,40.95105080881004,41.26911722285905,41.50766703339581,40.95105080881004,91.0,2842247.0,2.36,12000.0,0.0,0.0,-227.0,44.99802338027843,44.99802338027843,44.99802338027843,44.99802338027843,44.99802338027843,52.05191835887512,51.6600000000001,51.268081641125086
2023-12-28,40.871534205297785,40.95105080881004,41.26911722285905,40.871534205297785,90.0,3407595.0,2.35,-3000.0,0.0,0.0,-46.0,44.165607308511746,44.165607308511746,44.165607308511746,44.165607308511746,44.165607308511746,51.90871191552044,51.5600000000001,51.21128808447976
2023-12-29,40.79201760178553,40.95105080881004,40.95105080881004,40.63298439476103,106.0,2448042.0,2.37,10000.0,0.0,0.0,-1.0,43.302928809413125,43.302928809413125,43.302928809413125,43.302928809413125,43.302928809413125,51.92792156111214,51.52000000000011,51.11207843888808
2024-01-02,40.63298439476103,40.712500998273285,41.03056741232229,40.55346779124878,114.0,2116508.0,2.41,6000.0,0.0,0.0,-4.0,41.554694881772015,41.554694881772015,41.554694881772015,41.554694881772015,41.554694881772015,51.97065996647435,51.44000000000011,50.90934003352587
2024-01-03,40.55346779124878,40.55346779124878,40.79201760178553,40.55346779124878,66.0,2588848.0,2.65,-7000.0,0.0,0.0,-5.0,40.67056281309799,40.67056281309799,40.67056281309799,40.67056281309799,40.67056281309799,51.63094473984938,51.260000000000105,50.889055260150826
2024-01-04,40.23540137719977,40.55346779124878,40.712500998273285,40.15588477368752,190.0,4650323.0,2.55,-41000.0,0.0,0.0,-78.0,37.255979553870866,37.255979553870866,37.255979553870866,37.255979553870866,37.255979553870866,51.637135531107326,51.080000000000105,50.522864468892884
2024-01-05,40.07636817017526,39.996851566663004,40.15588477368752,39.75830175612625,148.0,5489176.0,2.48,-25000.0,0.0,0.0,276.0,35.64457121455716,35.64457121455716,35.64457121455716,35.64457121455716,35.64457121455716,51.54211781430852,50.8800000000001,50.217882185691685
2024-01-08,39.91733496315076,40.23540137719977,40.314917980712025,39.837818359638504,198.0,4887353.0,2.47,-4000.0,0.0,0.0,-1.0,34.05816099907178,34.05816099907178,34.05816099907178,34.05816099907178,34.05816099907178,51.348186021382865,50.6600000000001,49.97181397861734
2024-01-09,39.75830175612625,39.75830175612625,39.996851566663004,39.75830175612625,62.0,4055550.0,2.5,12000.0,0.0,0.0,-1.0,32.50041825683983,32.50041825683983,32.50041825683983,32.50041825683983,32.50041825683983,51.12818602138287,50.440000000000104,49.75181397861734
2024-01-10,39.71854345437013,39.837818359638504,39.91733496315076,39.599268549101744,63.0,1890555.0,2.45,-7000.0,0.0,0.0,-337.0,32.105076270151535,32.105076270151535,32.105076270151535,32.105076270151535,32.105076270151535,50.71826222465386,50.23000000000011,49.74173777534636
2024-01-11,39.400477040321114,39.5197519455895,39.678785152614,39.32096043680887,147.0,5313696.0,2.36,-36000.0,0.0,0.0,-387.0,29.059643968610498,29.059643968610498,29.059643968610498,29.059643968610498,29.059643968610498,50.58780278268488,50.02000000000011,49.45219721731534
2024-01-12,39.201685531540484,39.28120213505274,39.5197519455895,39.08241062627211,127.0,4216295.0,2.25,-46000.0,0.0,0.0,-3.0,27.315625444404763,27.315625444404763,27.315625444404763,27.315625444404763,27.315625444404763,50.454217089371326,49.800000000000104,49.14578291062888
2024-01-15,39.241443833296614,39.75830175612625,39.75830175612625,39.241443833296614,66.0,1799057.0,2.2,-17000.0,0.0,0.0,0.0,28.243178323254607,28.243178323254607,28.243178323254607,28.243178323254607,28.243178323254607,50.21855755880607,49.6300000000001,49.041442441194135
2024-01-16,39.440235342077244,39.201685531540484,39.5197519455895,39.08241062627211,84.0,2319761.0,2.14,-8000.0,0.0,0.0,272.0,32.856922906105495,32.856922906105495,32.856922906105495,32.856922906105495,32.856922906105495,50.01043457735611,49.550000000000104,49.0895654226441
2024-01-17,39.440235342077244,39.32096043680887,39.55951024734562,39.241443833296614,75.0,2764790.0,2.16,8000.0,0.0,0.0,-10.0,32.85692290610548,32.85692290610548,32.85692290610548,32.85692290610548,32.85692290610548,49.737681974583445,49.4800000000001,49.22231802541676
2024-01-18,39.55951024734562,39.837818359638504,39.837818359638504,39.32096043680887,55.0,1354736.0,2.17,2000.0,0.0,0.0,-57.0,35.73235653014601,35.73235653014601,35.73235653014601,35.73235653014601,35.73235653014601,49.8582306905414,49.52000000000011,49.18176930945882
2024-01-19,42.93896589661635,39.837818359638504,43.49558212120212,39.837818359638504,2149.0,263520092.0,2.3,43000.0,0.0,0.0,-52.0,72.13901890246872,72.13901890246872,72.13901890246872,72.13901890246872,72.13901890246872,54.00930979206149,50.46000000000011,46.91069020793873
2024-01-22,42.06428325798157,42.54138287905509,44.052198345787886,42.06428325798157,1081.0,69936492.0,2.02,-123000.0,0.0,0.0,247.0,62.30169851684373,62.30169851684373,62.30169851684373,62.30169851684373,62.30169851684373,54.959247946495694,51.17000000000011,47.38075205350452
2024-01-23,42.06428325798157,41.746216843932565,43.73413193173888,41.746216843932565,399.0,31091070.0,2.19,67000.0,0.0,15000.0,-73.0,62.30169851684373,62.30169851684373,62.30169851684373,62.30169851684373,62.30169851684373,55.44087247075001,51.83000000000011,48.219127529250216
2024-01-24,43.893165138763386,42.8594492931041,44.92688098442267,41.90525005095707,1279.0,108537907.0,2.69,201000.0,0.0,-1000.0,366.0,71.66994841817896,71.66994841817896,71.66994841817896,71.66994841817896,71.66994841817896,56.57325820222899,52.95000000000012,49.32674179777124
2024-01-25,45.24494739847167,44.76784777739816,46.27866324413096,44.13171494930014,2520.0,209533909.0,2.22,-183000.0,0.0,66000.0,225.0,76.34840754480226,76.34840754480226,76.34840754480226,76.34840754480226,76.34840754480226,57.41947363864549,54.38000000000011,51.340526361354726
2024-01-26,44.37026475983689,44.76784777739816,46.19914664061871,43.81364853525113,1349.0,83416362.0,1.92,-31000.0,0.0,40000.0,-178.0,68.46925475297434,68.46925475297434,68.46925475297434,68.46925475297434,68.46925475297434,57.936498083844356,54.74000000000011,51.54350191615586
2024-01-29,46.27866324413096,44.449781363349146,46.35817984764321,44.449781363349146,1258.0,94433752.0,2.32,127000.0,0.0,-20000.0,-296.0,74.62281235370018,74.62281235370018,74.62281235370018,74.62281235370018,74.62281235370018,59.34852081859745,55.80000000000011,52.25147918140277
2024-01-30,46.0401134335942,46.914796072228974,47.07382927925349,45.64253041603293,1296.0,92224448.0,1.79,-161000.0,0.0,-80000.0,203.0,72.71253675898302,72.71253675898302,72.71253675898302,72.71253675898302,72.71253675898302,59.12206804379599,56.80000000000011,54.47793195620423
2024-01-31,46.35817984764321,45.96059683008195,46.994312675741234,45.40398060549618,1088.0,76640132.0,1.78,4000.0,0.0,-20000.0,-419.0,73.67999838155373,73.67999838155373,73.67999838155373,73.67999838155373,73.67999838155373,59.31905239527917,57.420000000000115,55.52094760472106
2024-02-01,45.00639758793492,46.119630037106454,46.83527946871672,45.00639758793492,790.0,54769116.0,1.7,-50000.0,0.0,0.0,97.0,63.39306461663872,63.39306461663872,63.39306461663872,63.39306461663872,63.39306461663872,59.33828208302474,57.36000000000011,55.38171791697549
2024-02-02,45.08591419144717,45.16543079495942,45.48349720900843,44.21123155281239,639.0,47956940.0,2.04,121000.0,0.0,0.0,600.0,63.713995306952974,63.713995306952974,63.713995306952974,63.713995306952974,63.713995306952974,59.01837748901138,57.54000000000011,56.06162251098885
2024-02-05,46.19914664061871,45.32446400198393,46.83527946871672,45.32446400198393,1416.0,106768879.0,1.81,-93000.0,0.0,0.0,-3.0,67.95027739682591,67.95027739682591,67.95027739682591,67.95027739682591,67.95027739682591,58.96443760682663,57.52000000000012,56.075562393173605
2024-02-15,47.153345882765734,46.43769645115546,47.153345882765734,45.24494739847167,1273.0,88689053.0,2.42,238000.0,0.0,0.0,-407.0,71.06815940944595,71.06815940944595,71.06815940944595,71.06815940944595,71.06815940944595,59.8474374227346,57.80000000000011,55.75256257726562
2024-02-16,46.67624626169222,47.391895693302494,47.47141229681475,46.27866324413096,910.0,54947637.0,2.67,131000.0,0.0,0.0,180.0,67.53070096356994,67.53070096356994,67.53070096356994,67.53070096356994,67.53070096356994,60.02811545313962,57.88000000000011,55.7318845468606
2024-02-19,46.19914664061871,47.07382927925349,47.07382927925349,46.19914664061871,583.0,36512168.0,2.89,93000.0,0.0,0.0,-200.0,64.09492673355142,64.09492673355142,64.09492673355142,64.09492673355142,64.09492673355142,59.9069626515989,58.180000000000106,56.45303734840131
2024-02-20,44.92688098442267,46.27866324413096,46.517213054667714,44.5292979668614,893.0,68954938.0,3.34,239000.0,0.0,0.0,-446.0,55.92393948104164,55.92393948104164,55.92393948104164,55.92393948104164,55.92393948104164,60.005904606354285,58.140000000000114,56.27409539364594
2024-02-21,45.16543079495942,45.32446400198393,45.80156362305744,44.688331173885906,601.0,41815792.0,3.81,230001.0,0.0,0.0,661.0,57.030057843499506,57.030057843499506,57.030057843499506,57.030057843499506,57.030057843499506,60.03555097365344,57.88000000000011,55.724449026346775
2024-02-22,47.07382927925349,45.96059683008195,47.23286248627799,45.56301381252068,1121.0,87140921.0,4.15,187000.0,0.0,40000.0,-375.0,64.66894518735191,64.66894518735191,64.66894518735191,64.66894518735191,64.66894518735191,59.96371100677416,57.860000000000106,55.75628899322605
2024-02-23,46.119630037106454,47.391895693302494,48.664161349498535,46.119630037106454,1658.0,126175773.0,3.51,-254000.0,0.0,26000.0,268.0,59.019384242181204,59.019384242181204,59.019384242181204,59.019384242181204,59.019384242181204,59.66894843441793,57.720000000000105,55.77105156558228
2024-02-26,46.35817984764321,46.83527946871672,46.914796072228974,46.0401134335942,471.0,24888747.0,3.77,101001.0,0.0,-11000.0,-45.0,59.96111252644701,59.96111252644701,59.96111252644701,59.96111252644701,59.96111252644701,59.746353442874536,57.760000000000105,55.77364655712567
2024-02-27,45.08591419144717,46.59672965817997,46.67624626169222,44.5292979668614,829.0,57897791.0,4.02,102001.0,0.0,-49000.0,-440.0,52.96979768513713,52.96979768513713,52.96979768513713,52.96979768513713,52.96979768513713,59.68891503250403,57.800000000000104,55.91108496749618
2024-02-29,45.24494739847167,45.08591419144717,45.40398060549618,45.00639758793492,305.0,15819806.0,4.15,54000.0,0.0,-6000.0,-32.0,53.69656779621721,53.69656779621721,53.69656779621721,53.69656779621721,53.69656779621721,59.66780951399858,57.82000000000009,55.97219048600161
2024-03-01,44.688331173885906,45.48349720900843,45.80156362305744,44.60881457037365,452.0,25238163.0,4.15,1000.0,0.0,0.0,595.0,50.74105765067536,50.74105765067536,50.74105765067536,50.74105765067536,50.74105765067536,58.81699718222113,57.2200000000001,55.62300281777907
2024-03-04,44.92688098442267,44.92688098442267,45.24494739847167,44.688331173885906,350.0,22843223.0,4.23,30000.0,0.0,30000.0,261.0,51.96140680931557,51.96140680931557,51.96140680931557,51.96140680931557,51.96140680931557,58.375472431900825,56.920000000000094,55.46452756809936
2024-03-05,44.60881457037365,44.92688098442267,44.92688098442267,44.5292979668614,291.0,29368660.0,4.13,-35000.0,0.0,-21000.0,-498.0,50.17647118174724,50.17647118174724,50.17647118174724,50.17647118174724,50.17647118174724,57.0786651819045,56.480000000000096,55.881334818095695
2024-03-06,45.64253041603293,44.449781363349146,46.19914664061871,44.449781363349146,434.0,24105207.0,4.36,92000.0,0.0,0.0,-58.0,55.52380533919641,55.52380533919641,55.52380533919641,55.52380533919641,55.52380533919641,57.57833188407051,56.6200000000001,55.661668115929686
2024-03-07,45.16543079495942,46.517213054667714,46.83527946871672,44.92688098442267,520.0,30581648.0,4.23,-62000.0,0.0,0.0,204.0,52.711879124649506,52.711879124649506,52.711879124649506,52.711879124649506,52.711879124649506,57.53808315197987,56.600000000000094,55.66191684802032
2024-03-08,44.13171494930014,45.32446400198393,45.32446400198393,43.893165138763386,407.0,24407077.0,4.38,60000.0,0.0,0.0,-443.0,47.1412691392073,47.1412691392073,47.1412691392073,47.1412691392073,47.1412691392073,57.74124939025411,56.46000000000009,55.178750609746075
2024-03-11,43.018482500128606,44.052198345787886,44.052198345787886,43.018482500128606,446.0,20411307.0,4.53,53000.0,0.0,0.0,0.0,41.99427462450382,41.99427462450382,41.99427462450382,41.99427462450382,41.99427462450382,58.25473075330414,55.980000000000096,53.705269246696055
2024-03-12,43.49558212120212,42.22331646500608,43.81364853525113,42.22331646500608,482.0,14222400.0,4.57,10000.0,0.0,0.0,692.0,44.777060884139466,44.777060884139466,44.777060884139466,44.777060884139466,44.777060884139466,58.181934729202645,55.7000000000001,53.21806527079756
2024-03-13,41.90525005095707,43.49558212120212,43.81364853525113,41.90525005095707,606.0,22482432.0,4.25,-147000.0,0.0,-9000.0,-765.0,38.19865729350795,38.19865729350795,38.19865729350795,38.19865729350795,38.19865729350795,57.501094671846346,54.760000000000105,52.01890532815386
2024-03-14,41.348633826371305,41.90525005095707,42.143799861493825,41.110084015834545,404.0,14915954.0,4.41,78000.0,0.0,0.0,-3.0,36.19437565445141,36.19437565445141,36.19437565445141,36.19437565445141,36.19437565445141,56.36748904574581,53.800000000000104,51.232510954254394
2024-03-15,41.03056741232229,41.42815042988356,42.143799861493825,40.39443458422427,462.0,18921931.0,4.36,-17000.0,0.0,0.0,-4.0,35.06224384988247,35.06224384988247,35.06224384988247,35.06224384988247,35.06224384988247,55.41131762842624,53.02000000000011,50.62868237157398
2024-03-18,41.50766703339581,41.03056741232229,41.66670024042031,41.03056741232229,261.0,7407492.0,4.36,2000.0,0.0,0.0,666.0,38.185599953929675,38.185599953929675,38.185599953929675,38.185599953929675,38.185599953929675,54.818439808675166,52.640000000000114,50.46156019132506
2024-03-19,41.26911722285905,41.66670024042031,41.66670024042031,41.1896006193468,245.0,8851588.0,4.21,-57000.0,0.0,0.0,-399.0,37.22160662804184,37.22160662804184,37.22160662804184,37.22160662804184,37.22160662804184,52.81102667531524,52.08000000000011,51.348973324684984
2024-03-20,41.1896006193468,41.26911722285905,41.746216843932565,40.79201760178553,378.0,10913468.0,4.13,-35000.0,0.0,0.0,108.0,36.88732309996741,36.88732309996741,36.88732309996741,36.88732309996741,36.88732309996741,52.30000000002722,51.90000000000011,51.49999999997301
2024-03-21,41.348633826371305,41.58718363690806,41.58718363690806,41.1896006193468,306.0,6402794.0,4.11,-8999.0,0.0,0.0,-1.0,38.08497496195461,38.08497496195461,38.08497496195461,38.08497496195461,38.08497496195461,52.30000000002722,51.90000000000011,51.49999999997301
2024-03-22,41.03056741232229,41.348633826371305,41.348633826371305,40.871534205297785,310.0,8770197.0,4.1,-999.0,0.0,0.0,-289.0,36.58948014822157,36.58948014822157,36.58948014822157,36.58948014822157,36.58948014822157,52.30000000002722,51.90000000000011,51.49999999997301
2024-03-25,42.46186627554284,41.03056741232229,42.8594492931041,41.03056741232229,608.0,17827011.0,4.11,3000.0,0.0,0.0,302.0,46.727075904066965,46.727075904066965,46.727075904066965,46.727075904066965,46.727075904066965,53.42747815516255,52.140000000000114,50.85252184483768
2024-03-26,41.348633826371305,42.54138287905509,42.54138287905509,40.95105080881004,727.0,14632780.0,3.78,-134000.0,0.0,0.0,361.0,41.20879521353887,41.20879521353887,41.20879521353887,41.20879521353887,41.20879521353887,53.43499019605059,52.1600000000001,50.885009803949615
2024-03-27,42.143799861493825,41.348633826371305,42.54138287905509,41.348633826371305,444.0,12032616.0,3.89,-9000.0,0.0,0.0,-211.0,46.104800875345106,46.104800875345106,46.104800875345106,46.104800875345106,46.104800875345106,53.76235090928281,52.400000000000105,51.0376490907174
2024-03-28,41.82573344744482,42.620899482567346,42.8594492931041,41.746216843932565,405.0,18554251.0,3.6,-53000.0,0.0,0.0,252.0,44.50813649365622,44.50813649365622,44.50813649365622,44.50813649365622,44.50813649365622,53.824760514432526,52.52000000000011,51.21523948556769
2024-03-29,41.1896006193468,41.82573344744482,41.82573344744482,41.110084015834545,192.0,13620097.0,3.56,-25000.0,0.0,0.0,-477.0,41.418704257179726,41.418704257179726,41.418704257179726,41.418704257179726,41.418704257179726,53.75733036377852,52.5600000000001,51.36266963622168
2024-04-01,41.58718363690806,41.26911722285905,41.90525005095707,41.1896006193468,153.0,11763595.0,3.66,31000.0,0.0,0.0,-199.0,44.033467456369884,44.033467456369884,44.033467456369884,44.033467456369884,44.033467456369884,53.194166260176786,52.3400000000001,51.48583373982342
2024-04-02,42.382349672030585,42.143799861493825,42.779932689591845,41.50766703339581,232.0,13667762.0,3.69,7000.0,0.0,0.0,-5.0,48.942001998223574,48.942001998223574,48.942001998223574,48.942001998223574,48.942001998223574,53.65071404293701,52.6000000000001,51.54928595706319
2024-04-03,42.143799861493825,42.22331646500608,42.46186627554284,41.66670024042031,185.0,8127215.0,3.58,-47000.0,0.0,0.0,-86.0,47.59342318698456,47.59342318698456,47.59342318698456,47.59342318698456,47.59342318698456,53.65071404293701,52.6000000000001,51.54928595706319
2024-04-08,41.58718363690806,42.30283306851833,42.382349672030585,41.50766703339581,269.0,12711146.0,3.55,-19000.0,0.0,0.0,-81.0,44.51145692884006,44.51145692884006,44.51145692884006,44.51145692884006,44.51145692884006,53.61777548683626,52.5400000000001,51.46222451316394
2024-04-09,41.82573344744482,41.82573344744482,41.98476665446932,41.58718363690806,107.0,5577374.0,3.54,-6000.0,0.0,0.0,383.0,46.12174060995952,46.12174060995952,46.12174060995952,46.12174060995952,46.12174060995952,53.4899367063402,52.7000000000001,51.91006329366
2024-04-10,42.22331646500608,41.98476665446932,42.779932689591845,41.82573344744482,166.0,8990045.0,3.58,-13000.0,0.0,0.0,-253.0,48.78917808857422,48.78917808857422,48.78917808857422,48.78917808857422,48.78917808857422,53.58221880342595,52.860000000000106,52.13778119657426
2024-04-11,41.26911722285905,42.143799861493825,42.143799861493825,41.03056741232229,219.0,10506625.0,3.41,-79000.0,0.0,0.0,747.0,43.25432434074282,43.25432434074282,43.25432434074282,43.25432434074282,43.25432434074282,53.469044430850055,52.5800000000001,51.69095556915014
2024-04-12,40.871534205297785,41.42815042988356,41.50766703339581,40.871534205297785,146.0,9470529.0,3.5,30000.0,0.0,0.0,-832.0,41.15913934998871,41.15913934998871,41.15913934998871,41.15913934998871,41.15913934998871,53.423443165792676,52.26000000000009,51.096556834207504
2024-04-15,41.98476665446932,42.382349672030585,42.46186627554284,41.348633826371305,321.0,23823082.0,3.6,32000.0,0.0,0.0,-6.0,48.658196701683025,48.658196701683025,48.658196701683025,48.658196701683025,48.658196701683025,53.603221621445186,52.36000000000009,51.116778378555
2024-04-16,40.15588477368752,41.746216843932565,41.82573344744482,39.837818359638504,335.0,20426435.0,3.39,-103000.0,0.0,0.0,125.0,39.70534961670026,39.70534961670026,39.70534961670026,39.70534961670026,39.70534961670026,53.82722017794076,51.9400000000001,50.052779822059435
2024-04-17,41.03056741232229,40.55346779124878,41.1896006193468,40.55346779124878,89.0,4125058.0,3.34,34000.0,0.0,0.0,0.0,44.924646301252814,44.924646301252814,44.924646301252814,44.924646301252814,44.924646301252814,53.129160837527536,51.6400000000001,50.150839162472664
2024-04-18,40.55346779124878,41.03056741232229,41.26911722285905,40.55346779124878,67.0,2538745.0,3.3,-6000.0,0.0,0.0,697.0,42.750838756799254,42.750838756799254,42.750838756799254,42.750838756799254,42.750838756799254,52.996749816991745,51.46000000000011,49.92325018300847
2024-04-19,39.75830175612625,40.39443458422427,40.473951187736525,39.16192722978436,274.0,16298904.0,3.24,-97000.0,0.0,0.0,-499.0,39.334626193662885,39.334626193662885,39.334626193662885,39.334626193662885,39.334626193662885,53.116594949912056,51.180000000000106,49.24340505008816
2024-04-22,39.36071873856499,40.15588477368752,40.15588477368752,39.28120213505274,224.0,8500584.0,3.29,-8000.0,0.0,0.0,-54.0,37.71194262764489,37.71194262764489,37.71194262764489,37.71194262764489,37.71194262764489,51.991869559446094,50.52000000000011,49.048130440554125
2024-04-23,39.75830175612625,39.996851566663004,39.996851566663004,39.32096043680887,95.0,4986026.0,3.33,23000.0,0.0,0.0,0.0,40.36148176123443,40.36148176123443,40.36148176123443,40.36148176123443,40.36148176123443,51.950490117585,50.42000000000011,48.88950988241522
2024-04-24,40.39443458422427,39.91733496315076,40.473951187736525,39.837818359638504,80.0,3639080.0,3.36,13000.0,0.0,0.0,-6.0,44.43414254303089,44.43414254303089,44.43414254303089,44.43414254303089,44.43414254303089,51.3742710621868,50.260000000000105,49.14572893781341
2024-04-25,40.15588477368752,40.15588477368752,40.39443458422427,40.15588477368752,57.0,1369512.0,3.35,-5000.0,0.0,0.0,-77.0,43.241612775751,43.241612775751,43.241612775751,43.241612775751,43.241612775751,51.05977775035069,50.1600000000001,49.260222249649516
2024-04-26,40.07636817017526,40.15588477368752,40.473951187736525,40.07636817017526,67.0,3685352.0,3.32,-13000.0,0.0,0.0,601.0,42.82898953901554,42.82898953901554,42.82898953901554,42.82898953901554,42.82898953901554,51.13977775034969,50.24000000000011,49.34022224965053
2024-04-29,40.39443458422427,40.712500998273285,41.50766703339581,40.15588477368752,170.0,6540359.0,3.29,-7000.0,0.0,0.0,-190.0,45.086229534601266,45.086229534601266,45.086229534601266,45.086229534601266,45.086229534601266,51.0932958789914,50.5000000000001,49.9067041210088
2024-04-30,40.23540137719977,40.473951187736525,40.473951187736525,40.07636817017526,98.0,3589388.0,3.21,-6000.0,0.0,0.0,-234.0,44.147664671538564,44.147664671538564,44.147664671538564,44.147664671538564,44.147664671538564,50.94000000004236,50.620000000000104,50.29999999995785
2024-05-02,39.996851566663004,40.55346779124878,40.55346779124878,39.996851566663004,150.0,3615844.0,3.2,-10000.0,0.0,0.0,2.0,42.71138193779319,42.71138193779319,42.71138193779319,42.71138193779319,42.71138193779319,50.86409301071528,50.52000000000011,50.17590698928494
2024-05-03,39.91733496315076,40.23540137719977,40.39443458422427,39.837818359638504,110.0,4749161.0,3.2,5000.0,0.0,0.0,-207.0,42.218325496226825,42.218325496226825,42.218325496226825,42.218325496226825,42.218325496226825,50.89081318459913,50.46000000000011,50.02918681540108
2024-05-06,40.95105080881004,39.91733496315076,41.26911722285905,39.91733496315076,189.0,10547202.0,3.32,46000.0,0.0,0.0,-183.0,50.25745541454189,50.25745541454189,50.25745541454189,50.25745541454189,50.25745541454189,51.60433760067728,50.680000000000106,49.75566239932293
2024-05-07,41.1896006193468,41.90525005095707,42.54138287905509,41.03056741232229,235.0,12279500.0,3.24,-32000.0,0.0,0.0,518.0,51.91989886784613,51.91989886784613,51.91989886784613,51.91989886784613,51.91989886784613,52.17861464646924,50.88000000000011,49.581385353530976
2024-05-08,41.82573344744482,41.1896006193468,41.82573344744482,40.95105080881004,88.0,4443435.0,3.23,3000.0,0.0,0.0,-1.0,56.13041933647311,56.13041933647311,56.13041933647311,56.13041933647311,56.13041933647311,53.110409790190495,51.28000000000011,49.44959020980972
2024-05-09,40.871534205297785,41.98476665446932,41.98476665446932,40.712500998273285,103.0,4543361.0,3.17,-11000.0,0.0,0.0,-122.0,49.174054219812824,49.174054219812824,49.174054219812824,49.174054219812824,49.174054219812824,53.049193338492344,51.5000000000001,49.950806661507855
2024-05-10,40.23540137719977,40.871534205297785,40.871534205297785,39.75830175612625,128.0,9050645.0,3.22,23000.0,0.0,0.0,-3.0,45.15619389226187,45.15619389226187,45.15619389226187,45.15619389226187,45.15619389226187,52.87243955372188,51.58000000000011,50.28756044627834
2024-05-13,40.63298439476103,40.314917980712025,40.871534205297785,39.996851566663004,96.0,3789430.0,3.23,10000.0,0.0,0.0,6.0,48.01510524580937,48.01510524580937,48.01510524580937,48.01510524580937,48.01510524580937,52.85055544129912,51.500000000000114,50.149444558701106
2024-05-14,41.348633826371305,40.79201760178553,41.66670024042031,40.712500998273285,106.0,5980751.0,3.3,46000.0,0.0,0.0,-20.0,52.78601247763501,52.78601247763501,52.78601247763501,52.78601247763501,52.78601247763501,52.93484766194128,51.54000000000011,50.14515233805894
2024-05-15,40.23540137719977,40.95105080881004,40.95105080881004,39.837818359638504,225.0,15143766.0,3.35,0.0,0.0,0.0,323.0,45.75198649963521,45.75198649963521,45.75198649963521,45.75198649963521,45.75198649963521,52.19527247667257,51.140000000000114,50.08472752332766
2024-05-16,40.314917980712025,40.55346779124878,40.712500998273285,40.314917980712025,86.0,4526339.0,3.35,15000.0,0.0,0.0,0.0,46.30240948093763,46.30240948093763,46.30240948093763,46.30240948093763,46.30240948093763,52.06583300756849,51.000000000000114,49.934166992431734
2024-05-17,40.473951187736525,40.39443458422427,40.871534205297785,40.314917980712025,56.0,2407529.0,3.4,19000.0,0.0,0.0,1.0,47.45081011363595,47.45081011363595,47.45081011363595,47.45081011363595,47.45081011363595,52.06079968026656,51.060000000000116,50.05920031973367
2024-05-20,40.871534205297785,40.55346779124878,41.58718363690806,40.473951187736525,141.0,8960771.0,3.44,22000.0,0.0,0.0,-3.0,50.31180160776706,50.31180160776706,50.31180160776706,50.31180160776706,50.31180160776706,52.158460398869686,51.12000000000012,50.08153960113055
2024-05-21,42.8594492931041,41.03056741232229,43.09799910364086,40.871534205297785,328.0,26777093.0,3.63,94000.0,0.0,0.0,65.0,61.57615066514948,61.57615066514948,61.57615066514948,61.57615066514948,61.57615066514948,53.96251903546366,51.500000000000114,49.03748096453657
2024-05-22,45.16543079495942,43.73413193173888,47.07382927925349,43.73413193173888,2308.0,176281779.0,3.23,-196000.0,0.0,0.0,183.0,70.05626172923795,70.05626172923795,70.05626172923795,70.05626172923795,70.05626172923795,57.402359917469184,52.74000000000011,48.07764008253103
2024-05-23,44.84736438091041,45.64253041603293,46.35817984764321,43.81364853525113,1403.0,95592010.0,3.57,134000.0,0.0,0.0,-351.0,67.83251527981152,67.83251527981152,67.83251527981152,67.83251527981152,67.83251527981152,58.77146194915399,53.88000000000011,48.98853805084623
2024-05-24,45.40398060549618,43.97268174227563,45.88108022656969,43.893165138763386,699.0,51398175.0,3.75,71000.0,0.0,0.0,-440.0,69.6482199351521,69.6482199351521,69.6482199351521,69.6482199351521,69.6482199351521,59.47504305375068,55.120000000000104,50.76495694624953
2024-05-27,47.23286248627799,46.67624626169222,49.300294177596555,46.27866324413096,2479.0,207698953.0,2.93,-336000.0,0.0,0.0,726.0,74.70115073473791,74.70115073473791,74.70115073473791,74.70115073473791,74.70115073473791,60.228617961536884,56.720000000000105,53.21138203846333
2024-05-28,46.0401134335942,47.153345882765734,48.028028521400515,45.80156362305744,1529.0,93848900.0,3.37,163000.0,0.0,0.0,0.0,66.88108182945841,66.88108182945841,66.88108182945841,66.88108182945841,66.88108182945841,59.6418859535838,57.52000000000011,55.39811404641642
2024-05-29,50.49304323028034,46.43769645115546,50.572559833792596,45.56301381252068,3299.0,393722840.0,4.41,413000.0,0.0,0.0,0.0,76.69136558733925,76.69136558733925,76.69136558733925,76.69136558733925,76.69136558733925,63.91109889034271,58.860000000000106,53.808901109657505
2024-05-30,48.34609493544952,49.93642700569457,52.5604749215989,48.34609493544952,4331.0,415488497.0,3.55,-419000.0,0.0,9000.0,-829.0,66.46831485199701,66.46831485199701,66.46831485199701,66.46831485199701,66.46831485199701,64.2771356603061,59.7400000000001,55.2028643396941
2024-05-31,47.86899531437601,48.90271116003529,49.697877195157815,47.789478710863754,1397.0,107148314.0,2.99,-85000.0,0.0,-9000.0,812.0,64.41345223886805,64.41345223886805,64.41345223886805,64.41345223886805,64.41345223886805,64.0534536683191,60.360000000000106,56.66654633168111
2024-06-03,47.47141229681475,48.664161349498535,48.664161349498535,46.914796072228974,1172.0,71232472.0,3.35,99000.0,0.0,0.0,-2.0,62.674598241122034,62.674598241122034,62.674598241122034,62.674598241122034,62.674598241122034,64.05846121320802,60.42000000000011,56.7815387867922
2024-06-04,48.58464474598628,47.07382927925349,50.97014285135385,47.07382927925349,2418.0,214573227.0,3.12,-105000.0,0.0,0.0,-471.0,65.48421456591548,65.48421456591548,65.48421456591548,65.48421456591548,65.48421456591548,63.68480475464766,61.0600000000001,58.435195245352546
2024-06-05,47.47141229681475,48.823194556523035,49.45932738462106,46.914796072228974,1030.0,74175631.0,2.81,-91000.0,0.0,0.0,-38.0,60.57386411312886,60.57386411312886,60.57386411312886,60.57386411312886,60.57386411312886,61.43841995766963,60.300000000000104,59.16158004233058
2024-06-06,45.72204701954519,48.10754512491277,48.74367795301078,45.72204701954519,692.0,57321646.0,2.86,106000.0,0.0,0.0,-148.0,53.752742093892145,53.752742093892145,53.752742093892145,53.752742093892145,53.752742093892145,62.011834732864735,59.6400000000001,57.268165267135466
2024-06-07,49.2207775740843,48.90271116003529,50.25449341974358,47.948511917888254,2318.0,232462514.0,3.28,202000.0,0.0,0.0,519.0,62.78009597329009,62.78009597329009,62.78009597329009,62.78009597329009,62.78009597329009,62.97973332148453,59.980000000000096,56.98026667851566
2024-06-11,47.391895693302494,50.095460212719075,50.095460212719075,46.75576286520447,983.0,91777899.0,2.88,-181000.0,0.0,0.0,-681.0,56.56455804479448,56.56455804479448,56.56455804479448,56.56455804479448,56.56455804479448,62.968255308316984,59.96000000000011,56.95174469168323
2024-06-12,48.823194556523035,47.948511917888254,48.98222776354754,47.550928900326994,872.0,63295114.0,3.3,188000.0,0.0,0.0,-1.0,59.909777150315,59.909777150315,59.909777150315,59.909777150315,59.909777150315,63.1271530377531,60.02000000000011,56.91284696224712
2024-06-13,49.61836059164556,48.98222776354754,50.25449341974358,48.34609493544952,1725.0,139065721.0,3.03,-102000.0,0.0,0.0,496.0,61.67568059215475,61.67568059215475,61.67568059215475,61.67568059215475,61.67568059215475,64.15688754342115,60.5600000000001,56.963112456579054
2024-06-14,48.34609493544952,49.85691040218232,49.85691040218232,48.34609493544952,1387.0,98082294.0,2.25,-335000.0,0.0,0.0,0.0,57.324813665357254,57.324813665357254,57.324813665357254,57.324813665357254,57.324813665357254,63.1565949499097,61.220000000000105,59.28340505009051
2024-06-17,52.2424085075499,48.823194556523035,52.2424085075499,48.823194556523035,2950.0,269953405.0,3.16,357032.0,0.0,0.0,-45.0,65.37961034092,65.37961034092,65.37961034092,65.37961034092,65.37961034092,66.11840549004259,61.98000000000011,57.84159450995763
2024-06-18,50.8906262478416,52.87854133564792,52.87854133564792,49.85691040218232,3617.0,282225512.0,1.69,-725980.0,0.0,0.0,-281.0,61.072718802822315,61.072718802822315,61.072718802822315,61.072718802822315,61.072718802822315,66.43233816988469,62.860000000000106,59.28766183011552
2024-06-19,51.68579228296413,51.04965945486611,52.48095831808665,50.334010023255836,2942.0,257744679.0,0.77,-353000.0,0.0,0.0,186.0,62.63211298697331,62.63211298697331,62.63211298697331,62.63211298697331,62.63211298697331,67.13617772334472,63.58000000000011,60.023822276655515
2024-06-20,56.85437151126054,52.87854133564792,56.85437151126054,52.87854133564792,5000.0,559256085.0,2.53,679000.0,0.0,16000.0,8032.0,70.81578027122593,70.81578027122593,70.81578027122593,70.81578027122593,70.81578027122593,72.36160900941793,65.40000000000012,58.438390990582306
2024-06-21,62.50005036063046,58.9218032025791,62.50005036063046,57.649537546383065,5016.0,682774000.0,3.43,355000.0,0.0,-13000.0,-6641.0,76.79408223627688,76.79408223627688,76.79408223627688,76.79408223627688,76.79408223627688,79.92510829859937,68.96000000000011,57.994891701400846
2024-06-24,67.27104657136562,67.58911298541463,68.70234543458616,65.20361488004706,6518.0,1496268500.0,6.64,1268000.0,0.0,0.0,-1152.0,80.44049059688913,80.44049059688913,80.44049059688913,80.44049059688913,80.44049059688913,88.55978508071499,72.7400000000001,56.92021491928519
2024-06-25,62.50005036063046,68.38427902053715,71.6444597645395,62.26150055009371,12350.0,1541987702.0,7.34,278948.0,0.0,0.0,278.0,68.7984320573042,68.7984320573042,68.7984320573042,68.7984320573042,68.7984320573042,89.17005551431967,75.66000000000011,62.14994448568055
2024-06-26,63.454249602777494,65.20361488004706,68.70234543458616,62.18198394658146,9863.0,1401292555.0,2.31,-1983000.0,0.0,0.0,-198.0,69.741656182722,69.741656182722,69.741656182722,69.741656182722,69.741656182722,87.00322133788683,78.6200000000001,70.23677866211338
2024-06-27,60.844306174385615,64.02517472773822,65.16702497765966,60.518063245836636,5193.0,531546550.0,1.05,-500000.0,0.0,0.0,-643.0,61.119340452666435,61.119340452666435,61.119340452666435,61.119340452666435,61.119340452666435,85.65198877104515,79.2400000000001,72.82801122895503
2024-06-28,63.37268887064025,61.496792031483594,64.75922131697344,61.3336705672091,3945.0,396071996.0,1.21,187000.0,0.0,0.0,674.0,63.97848842229556,63.97848842229556,63.97848842229556,63.97848842229556,63.97848842229556,85.58331204220765,79.06000000000009,72.53668795779252
2024-07-01,68.34789353101226,65.00390351338517,69.32662231665921,63.86205326346372,9777.0,1086464465.0,1.25,-122000.0,0.0,0.0,209.0,68.83498583551808,68.83498583551808,68.83498583551808,68.83498583551808,68.83498583551808,84.88932383495839,78.9000000000001,72.91067616504182
2024-07-02,67.94008987032603,68.59257572742399,68.91881865597298,65.5748286383459,4757.0,521642673.0,1.29,-251084.0,0.0,0.0,-3.0,68.0254105296487,68.0254105296487,68.0254105296487,68.0254105296487,68.0254105296487,86.75039796249061,79.84000000000012,72.92960203750962
2024-07-03,66.47199669185561,69.08194012024748,69.57130451307096,66.39043595971836,3164.0,324998646.0,1.16,-125000.0,0.0,0.0,-294.0,65.05892592707785,65.05892592707785,65.05892592707785,65.05892592707785,65.05892592707785,87.2152256538082,80.1800000000001,73.14477434619201
2024-07-04,73.07841599497253,67.20604328109083,73.07841599497253,66.47199669185561,6692.0,1095969462.0,4.56,1249000.0,0.0,0.0,-2735.0,71.15486595471998,71.15486595471998,71.15486595471998,71.15486595471998,71.15486595471998,90.89844543933529,83.1800000000001,75.46155456066492
2024-07-05,76.01460235191341,76.66708820901137,79.92951749450121,73.48621965565877,17407.0,2486637668.0,3.72,-490000.0,0.0,0.0,21549.0,73.37791321219957,73.37791321219957,73.37791321219957,73.37791321219957,73.37791321219957,95.07945452854786,86.28000000000011,77.48054547145237
2024-07-08,72.42593013787457,75.85148088763891,79.44015310167775,71.03939769154138,8422.0,1090056639.0,1.79,-742000.0,0.0,0.0,-7972.0,66.61995746351093,66.61995746351093,66.61995746351093,66.61995746351093,66.61995746351093,95.85848471467921,87.28000000000011,78.70151528532102
2024-07-09,72.42593013787457,72.9968552628353,74.62806990558022,68.34789353101226,5108.0,580726898.0,2.05,121000.0,0.0,0.0,984.0,66.61995746351093,66.61995746351093,66.61995746351093,66.61995746351093,66.61995746351093,95.99093949522576,88.38000000000011,80.76906050477446
2024-07-10,72.75217306642355,70.95783695940415,75.85148088763891,69.32662231665921,6559.0,679743658.0,1.34,-292800.0,0.0,0.0,23663.0,66.94096618010737,66.94096618010737,66.94096618010737,66.94096618010737,66.94096618010737,93.25322666495862,89.9200000000001,86.58677333504158
2024-07-11,70.95783695940415,73.81246258420775,74.79119136985472,69.81598670948269,3887.0,421103978.0,1.68,146170.0,0.0,-1000.0,46316.0,63.33343293804967,63.33343293804967,63.33343293804967,63.33343293804967,63.33343293804967,93.49487484545978,89.40000000000012,85.30512515454046
2024-07-12,69.08194012024748,70.14222963803168,71.36564062009037,69.00037938811023,2503.0,229445270.0,1.75,41000.0,0.0,-2000.0,9872.0,59.71051088064583,59.71051088064583,59.71051088064583,59.71051088064583,59.71051088064583,91.06570943487218,87.70000000000012,84.33429056512806
2024-07-15,66.87980035254184,69.40818304879646,69.57130451307096,66.87980035254184,2398.0,242279635.0,2.99,555000.0,0.0,0.0,-189.0,55.683583918204015,55.683583918204015,55.683583918204015,55.683583918204015,55.683583918204015,91.72085495065491,86.34000000000012,80.95914504934532
2024-07-16,66.79823962040459,66.96136108467907,68.83725792383575,66.6351181561301,1610.0,163557299.0,2.34,-266000.0,0.0,0.0,26529.0,55.534199808386475,55.534199808386475,55.534199808386475,55.534199808386475,55.534199808386475,90.64028168315558,84.96000000000011,79.27971831684464
2024-07-17,71.9365657450511,67.20604328109083,73.24153745924703,67.20604328109083,4747.0,580155325.0,2.7,143000.0,0.0,0.0,45866.0,62.38129409458326,62.38129409458326,62.38129409458326,62.38129409458326,62.38129409458326,89.87092946537085,84.7600000000001,79.64907053462936
2024-07-18,70.06066890589443,70.7131547629924,72.9968552628353,69.6528652452082,3974.0,405675435.0,2.1,-355000.0,0.0,0.0,2987.0,58.82023700541077,58.82023700541077,58.82023700541077,58.82023700541077,58.82023700541077,89.33099154664231,84.5400000000001,79.7490084533579
2024-07-19,72.9968552628353,70.22379037016893,76.58552747687413,70.22379037016893,9730.0,1176160012.0,2.4,21000.0,0.0,0.0,39607.0,62.43490486397931,62.43490486397931,62.43490486397931,62.43490486397931,62.43490486397931,91.73923072181216,85.5000000000001,79.26076927818804
2024-07-22,80.2557604230502,74.38338770916849,80.2557604230502,71.03939769154138,14427.0,1943104486.0,1.5,-433000.0,0.0,0.0,-1432.0,69.55084105521853,69.55084105521853,69.55084105521853,69.55084105521853,69.55084105521853,99.6989010436028,88.78000000000011,77.86109895639743
2024-07-23,72.34436940573732,83.5997504406773,85.23096508342222,72.26280867360008,22869.0,3061897735.0,1.97,195000.0,0.0,0.0,32274.0,56.89983722942492,56.89983722942492,56.89983722942492,56.89983722942492,56.89983722942492,98.74009302275233,90.14000000000011,81.5399069772479
2024-07-26,70.5500332987179,69.32662231665921,76.58552747687413,68.83725792383575,11601.0,1399513963.0,2.26,28000.0,0.0,0.0,-23634.0,54.47941748959987,54.47941748959987,54.47941748959987,54.47941748959987,54.47941748959987,98.80488756176302,89.80000000000011,80.7951124382372
2024-07-29,72.75217306642355,71.69188354863937,75.68835942336442,70.95783695940415,11201.0,1406611975.0,2.74,190000.0,0.0,0.0,-3595.0,56.90244350195046,56.90244350195046,56.90244350195046,56.90244350195046,56.90244350195046,98.67374457844797,90.46000000000012,82.24625542155228
2024-07-30,75.93304161977615,72.75217306642355,76.58552747687413,70.38691183444341,11993.0,1456156401.0,2.51,-15000.0,0.0,0.0,30753.0,60.19808357707394,60.19808357707394,60.19808357707394,60.19808357707394,60.19808357707394,99.56035798757951,91.1800000000001,82.7996420124207
2024-07-31,75.93304161977615,75.03587356626645,79.27703163740325,73.81246258420775,12978.0,1522088312.0,1.28,-524000.0,0.0,0.0,37081.0,60.19808357707394,60.19808357707394,60.19808357707394,60.19808357707394,60.19808357707394,95.31445858583778,90.12000000000012,84.92554141416245
2024-08-01,78.95078870885426,78.62454578030528,82.78414311930483,77.97205992320731,16693.0,2227588050.0,1.77,163815.0,0.0,0.0,45627.0,63.287048075451004,63.287048075451004,63.287048075451004,63.287048075451004,63.287048075451004,98.85123055455068,91.74000000000012,84.62876944544956
2024-08-02,75.36211649481544,75.85148088763891,79.84795676236398,75.03587356626645,7643.0,898250777.0,1.6,-66600.0,0.0,0.0,-6128.0,57.56558029896859,57.56558029896859,57.56558029896859,57.56558029896859,57.56558029896859,97.7555351306739,92.92000000000012,88.08446486932633
2024-08-05,67.85852913818879,72.75217306642355,72.75217306642355,67.85852913818879,3337.0,356292379.0,1.89,126200.0,0.0,0.0,-59170.0,47.82905025061318,47.82905025061318,47.82905025061318,47.82905025061318,47.82905025061318,100.78280309837872,91.72000000000011,82.6571969016215
2024-08-06,63.78049253132648,69.73442597734545,70.95783695940415,61.17054910293461,4538.0,501107409.0,2.8,361000.0,0.0,0.0,-51711.0,43.520762721332915,43.520762721332915,43.520762721332915,43.520762721332915,43.520762721332915,102.57190514715829,88.74000000000011,74.90809485284193
2024-08-07,70.14222963803168,64.75922131697344,70.14222963803168,64.35141765628721,2708.0,288037321.0,2.9,29000.0,0.0,0.0,17022.0,50.94431169821917,50.94431169821917,50.94431169821917,50.94431169821917,50.94431169821917,100.51296782380594,87.32000000000012,74.1270321761943
2024-08-08,71.7734442807766,69.6528652452082,73.1599767271098,68.67413645956125,6353.0,726048095.0,2.63,-107000.0,0.0,0.0,13487.0,52.66241368989796,52.66241368989796,52.66241368989796,52.66241368989796,52.66241368989796,95.05408236745302,85.56000000000012,76.06591763254721
2024-08-09,72.58905160214907,72.6706123342863,77.0748918696976,72.18124794146283,11247.0,1420897652.0,2.97,132000.0,0.0,0.0,23169.0,53.53861996818097,53.53861996818097,53.53861996818097,53.53861996818097,53.53861996818097,92.64700714561206,84.88000000000011,77.11299285438815
2024-08-12,73.32309819138429,74.54650917344297,75.85148088763891,72.6706123342863,5561.0,641217390.0,2.41,-191950.0,0.0,0.0,74022.0,54.357456632458714,54.357456632458714,54.357456632458714,54.357456632458714,54.357456632458714,94.64890265692868,86.22000000000011,77.79109734307154
2024-08-13,73.81246258420775,73.97558404848225,74.87275210199195,71.20251915581588,3350.0,390822097.0,3.04,432000.0,0.0,0.0,81629.0,54.927762341282914,54.927762341282914,54.927762341282914,54.927762341282914,54.927762341282914,91.84834341572521,88.68000000000012,85.51165658427503
2024-08-14,75.68835942336442,75.44367722695267,80.41888188732469,74.54650917344297,9872.0,1204556128.0,2.18,-413000.0,0.0,0.0,21935.0,57.138641874233144,57.138641874233144,57.138641874233144,57.138641874233144,57.138641874233144,93.27629417698168,90.04000000000012,86.80370582301856
2024-08-15,77.31957406610934,76.34084528046237,79.92951749450121,75.44367722695267,10937.0,1298278381.0,4.23,740000.0,0.0,0.0,534530.0,59.02100789736131,59.02100789736131,59.02100789736131,59.02100789736131,59.02100789736131,95.62752882899309,91.40000000000012,87.17247117100715
2024-08-16,84.82316142273598,80.41888188732469,84.82316142273598,78.37986358389354,9221.0,1706425223.0,4.92,225000.0,0.0,0.0,154108.0,66.34337122986148,66.34337122986148,66.34337122986148,66.34337122986148,66.34337122986148,104.61136621613207,94.40000000000012,84.18863378386817
2024-08-19,92.9792346364606,87.26998338685337,92.9792346364606,84.41535776204975,8448.0,1544043542.0,6.07,539800.0,0.0,0.0,129000.0,72.1653722331069,72.1653722331069,72.1653722331069,72.1653722331069,72.1653722331069,116.61167616993733,99.22000000000011,81.8283238300629
2024-08-20,91.34801999371568,95.42605660057798,96.24166392195045,88.90119802959829,16277.0,2701212962.0,11.27,2074210.0,0.0,0.0,-315811.0,69.57323183669753,69.57323183669753,69.57323183669753,69.57323183669753,69.57323183669753,120.79259100424585,103.52000000000012,86.2474089957544
2024-08-21,90.94021633302944,91.75582365440191,98.2806822253816,90.12460901165699,16433.0,2698964807.0,2.35,-3526230.0,0.0,0.0,112883.0,68.90685972281814,68.90685972281814,68.90685972281814,68.90685972281814,68.90685972281814,121.45160315115749,107.26000000000013,93.06839684884278
2024-08-22,87.26998338685337,91.75582365440191,92.9792346364606,86.4543760654809,6646.0,986498926.0,3.75,774980.0,0.0,0.0,33846.0,63.05342830425301,63.05342830425301,63.05342830425301,63.05342830425301,63.05342830425301,117.01026675299464,109.70000000000013,102.38973324700562
2024-08-23,91.75582365440191,86.4543760654809,95.42605660057798,85.23096508342222,12298.0,1948363464.0,2.57,-499000.0,0.0,3000.0,-8524.0,66.76900538357587,66.76900538357587,66.76900538357587,66.76900538357587,66.76900538357587,116.10744091836871,111.40000000000013,106.69255908163156
2024-08-26,90.12460901165699,92.57143097577436,94.20264561851928,87.26998338685337,7791.0,1130812551.0,1.89,-457400.0,0.0,-1000.0,-231946.0,64.2391039949584,64.2391039949584,64.2391039949584,64.2391039949584,64.2391039949584,114.6293765408698,110.70000000000013,106.77062345913046
2024-08-27,97.87287856469537,89.71680535097076,97.87287856469537,88.49339436891206,12011.0,1983312787.0,4.67,1024000.0,0.0,0.0,12544.0,70.04507895827066,70.04507895827066,70.04507895827066,70.04507895827066,70.04507895827066,120.84634424768453,112.30000000000014,103.75365575231575
2024-08-28,96.24166392195045,97.87287856469537,101.95091517155767,93.79484195783306,17999.0,2487452301.0,3.34,-673000.0,0.0,-2000.0,68222.0,67.55830348206739,67.55830348206739,67.55830348206739,67.55830348206739,67.55830348206739,123.1791440118585,113.60000000000014,104.02085598814178
2024-08-29,99.91189686812652,94.61044927920553,101.95091517155767,94.61044927920553,13615.0,2325806582.0,4.01,589000.0,0.0,0.0,55260.0,70.12804692477823,70.12804692477823,70.12804692477823,70.12804692477823,70.12804692477823,125.74654630231483,116.70000000000013,107.65345369768544
2024-08-30,94.61044927920553,100.72750418949899,101.13530785018521,94.61044927920553,7589.0,1132719581.0,1.84,-894000.0,0.0,0.0,-40837.0,62.43497681624206,62.43497681624206,62.43497681624206,62.43497681624206,62.43497681624206,125.53387976306053,117.40000000000013,109.26612023693974
2024-09-02,92.57143097577436,95.42605660057798,96.64946758263667,91.34801999371568,3712.0,616220791.0,4.13,884990.0,0.0,0.0,-49976.0,59.72135731664977,59.72135731664977,59.72135731664977,59.72135731664977,59.72135731664977,124.22896460095234,118.00000000000014,111.77103539904795
2024-09-03,90.94021633302944,92.9792346364606,95.83386026126422,90.94021633302944,3868.0,597760698.0,3.53,-210000.0,0.0,0.0,-27377.0,57.56579695672722,57.56579695672722,57.56579695672722,57.56579695672722,57.56579695672722,123.90526133672726,116.30000000000014,108.69473866327301
2024-09-04,86.86217972616714,85.63876874410845,90.53241267234321,84.00755410136352,3810.0,584403154.0,6.8,1379001.0,0.0,0.0,-319000.0,52.467281144389744,52.467281144389744,52.467281144389744,52.467281144389744,52.467281144389744,124.54514106116747,114.00000000000014,103.45485893883281
2024-09-05,81.96853579793238,88.90119802959829,89.30900169028452,81.96853579793238,4107.0,582202336.0,6.02,-241185.0,0.0,0.0,-121730.0,47.07875329126202,47.07875329126202,47.07875329126202,47.07875329126202,47.07875329126202,120.63449137930358,109.60000000000014,98.56550862069669
2024-09-06,78.29830285175629,81.96853579793238,83.19194677999106,78.29830285175629,4790.0,634796891.0,6.41,184000.0,0.0,0.0,-83430.0,43.47260804722781,43.47260804722781,43.47260804722781,43.47260804722781,43.47260804722781,118.75142577821622,105.60000000000014,92.44857422178406
2024-09-09,81.56073213724613,76.58552747687413,82.3763394586186,76.50396674473687,5175.0,681484378.0,5.05,-688000.0,0.0,0.0,23559.0,47.334305433133665,47.334305433133665,47.334305433133665,47.334305433133665,47.334305433133665,113.8068785635462,102.90000000000013,91.99312143645406
2024-09-10,78.1351813874818,81.56073213724613,81.96853579793238,75.44367722695267,6153.0,703680904.0,6.29,416320.0,0.0,0.0,-77197.0,43.93998254855088,43.93998254855088,43.93998254855088,43.93998254855088,43.93998254855088,107.54983953621254,99.76000000000013,91.97016046378772
2024-09-11,74.22026624489399,77.15645260183484,77.64581699465833,74.22026624489399,3872.0,494989187.0,6.91,101000.0,0.0,0.0,-20992.0,40.37644113458734,40.37644113458734,40.37644113458734,40.37644113458734,40.37644113458734,103.53674341530495,96.66000000000014,89.78325658469532
2024-09-12,75.44367722695267,75.68835942336442,77.48269553038384,75.1174342984037,4287.0,361195592.0,6.31,-111675.0,0.0,0.0,-3492.0,41.96053188861457,41.96053188861457,41.96053188861457,41.96053188861457,41.96053188861457,101.31280736948911,95.06000000000014,88.80719263051118
2024-09-13,78.37986358389354,75.93304161977615,81.56073213724613,75.68835942336442,8325.0,941112450.0,4.46,-796000.0,0.0,0.0,11.0,45.68992763070123,45.68992763070123,45.68992763070123,45.68992763070123,45.68992763070123,101.34533319145507,95.08000000000013,88.81466680854518
2024-09-16,78.70610651244253,78.70610651244253,79.27703163740325,76.25928454832514,3183.0,383816293.0,4.43,-128000.0,0.0,0.0,939.0,46.1043194573608,46.1043194573608,46.1043194573608,46.1043194573608,46.1043194573608,98.80067868092092,94.38000000000014,89.95932131907935
2024-09-18,77.56425626252107,77.89049919107006,79.11391017312876,77.15645260183484,1803.0,204457058.0,4.81,110150.0,0.0,0.0,-141.0,44.81544320195538,44.81544320195538,44.81544320195538,44.81544320195538,44.81544320195538,98.51382732453666,94.24000000000012,89.96617267546358
2024-09-19,84.82316142273598,78.54298504816803,84.82316142273598,76.58552747687413,8660.0,1077022649.0,4.65,-107645.0,0.0,0.0,27891.0,53.68047604181216,53.68047604181216,53.68047604181216,53.68047604181216,53.68047604181216,104.52333261026494,96.84000000000012,89.15666738973529
2024-09-20,92.9792346364606,87.26998338685337,92.9792346364606,87.26998338685337,5263.0,1437990999.0,6.55,767000.0,0.0,218000.0,33555.0,61.21885685977776,61.21885685977776,61.21885685977776,61.21885685977776,61.21885685977776,115.47797754217622,101.14000000000013,86.80202245782404
2024-09-23,90.94021633302944,94.61044927920553,95.42605660057798,89.71680535097076,14394.0,2446728758.0,6.78,46965.0,0.0,-188000.0,873.0,58.64905467438681,58.64905467438681,58.64905467438681,58.64905467438681,58.64905467438681,119.49004911583313,104.22000000000011,88.9499508841671
2024-09-24,90.12460901165699,91.34801999371568,92.9792346364606,87.26998338685337,4784.0,538279239.0,6.79,-25960.0,0.0,1.0,19382.0,57.60736781652582,57.60736781652582,57.60736781652582,57.60736781652582,57.60736781652582,120.64667971297277,107.02000000000012,93.39332028702748
2024-09-25,90.94021633302944,91.75582365440191,92.9792346364606,88.90119802959829,4049.0,578153389.0,4.74,-748957.0,0.0,50000.0,-26827.0,58.40301891143665,58.40301891143665,58.40301891143665,58.40301891143665,58.40301891143665,117.01118469422138,110.30000000000011,103.58881530577884
2024-09-26,88.08559070822584,92.9792346364606,93.79484195783306,88.08559070822584,4581.0,824045326.0,4.24,-153980.0,0.0,10000.0,-24821.0,54.54437270210087,54.54437270210087,54.54437270210087,54.54437270210087,54.54437270210087,114.96781592115616,111.10000000000011,107.23218407884406
2024-09-27,86.4543760654809,88.90119802959829,90.53241267234321,85.63876874410845,2233.0,311966182.0,5.28,300020.0,0.0,-50000.0,242.0,52.41334933535799,52.41334933535799,52.41334933535799,52.41334933535799,52.41334933535799,113.8358966777295,109.50000000000011,105.16410332227073
2024-09-30,84.82316142273598,86.04657240479467,87.6777870475396,84.82316142273598,1299.0,161570648.0,5.4,74015.0,0.0,-40001.0,-33062.0,50.297104421244256,50.297104421244256,50.297104421244256,50.297104421244256,50.297104421244256,113.54977477019978,108.00000000000011,102.45022522980045
2024-10-01,88.49339436891206,86.4543760654809,90.53241267234321,84.00755410136352,4240.0,691591741.0,5.03,-96079.0,0.0,3000.0,-988.0,54.72641470077576,54.72641470077576,54.72641470077576,54.72641470077576,54.72641470077576,112.63587132480077,107.60000000000011,102.56412867519944
2024-10-04,79.68483529808948,87.6777870475396,88.08559070822584,79.68483529808948,5249.0,580550426.0,3.61,-360955.0,0.0,-1000.0,-60115.0,44.48108936669088,44.48108936669088,44.48108936669088,44.48108936669088,44.48108936669088,112.6585420635788,104.84000000000012,97.02145793642143
2024-10-07,80.17419969091296,79.92951749450121,81.96853579793238,77.89049919107006,3596.0,427887237.0,4.02,158060.0,0.0,0.0,-3092.0,45.09604609308832,45.09604609308832,45.09604609308832,45.09604609308832,45.09604609308832,111.40317587727947,102.90000000000012,94.39682412272077
2024-10-08,79.11391017312876,80.17419969091296,81.56073213724613,78.78766724457977,2216.0,262434513.0,3.56,-242984.0,0.0,0.0,-752.0,43.95989254863044,43.95989254863044,43.95989254863044,43.95989254863044,43.95989254863044,110.01650155610183,101.10000000000011,92.18349844389839
2024-10-09,76.25928454832514,79.60327456595223,80.2557604230502,76.01460235191341,2853.0,325114153.0,3.92,118080.0,0.0,-2000.0,-43513.0,40.96731483812757,40.96731483812757,40.96731483812757,40.96731483812757,40.96731483812757,109.06697571269362,99.00000000000011,88.93302428730661
2024-10-11,73.40465892352152,76.25928454832514,77.48269553038384,73.40465892352152,3078.0,320844914.0,4.74,366040.0,0.0,0.0,14399.0,38.16907381127281,38.16907381127281,38.16907381127281,38.16907381127281,38.16907381127281,101.55971245345654,95.30000000000011,89.04028754654368
2024-10-14,73.81246258420775,73.56778038779602,74.54650917344297,72.58905160214907,1764.0,171146297.0,4.96,33040.0,0.0,0.0,5775.0,38.812057731060854,38.812057731060854,38.812057731060854,38.812057731060854,38.812057731060854,100.54682286291185,93.86000000000011,87.17317713708837
2024-10-15,75.68835942336442,74.70963063771745,77.48269553038384,74.30182697703123,2538.0,286068091.0,3.13,-743951.0,0.0,0.0,62802.0,41.809750328972726,41.809750328972726,41.809750328972726,41.809750328972726,41.809750328972726,97.76015999743544,92.76000000000012,87.7598400025648
2024-10-16,76.01460235191341,74.62806990558022,76.91177040542311,74.22026624489399,1403.0,146532873.0,2.94,-54980.0,0.0,0.0,-5264.0,42.33883055712271,42.33883055712271,42.33883055712271,42.33883055712271,42.33883055712271,94.9092954473475,92.00000000000011,89.09070455265272
2024-10-17,79.52171383381499,75.93304161977615,80.2557604230502,75.93304161977615,3036.0,376472980.0,2.74,-91940.0,0.0,0.0,30353.0,47.83023395755392,47.83023395755392,47.83023395755392,47.83023395755392,47.83023395755392,98.12015037381099,92.80000000000011,87.47984962618924
2024-10-18,75.19899503054094,79.76639603022672,80.74512481587368,75.19899503054094,4428.0,390663724.0,1.38,-611970.0,0.0,0.0,-51123.0,42.46242783556163,42.46242783556163,42.46242783556163,42.46242783556163,42.46242783556163,97.8817238177179,93.24000000000011,88.59827618228232
2024-10-21,78.70610651244253,75.52523795908992,79.52171383381499,74.62806990558022,3375.0,423310092.0,2.29,339000.0,0.0,0.0,617.0,47.60048414813126,47.60048414813126,47.60048414813126,47.60048414813126,47.60048414813126,98.71569877329534,94.44000000000011,90.16430122670488
2024-10-22,77.40113479824659,78.70610651244253,78.70610651244253,76.50396674473687,2101.0,194407289.0,1.55,-293000.0,0.0,0.0,-1420.0,45.956014378362795,45.956014378362795,45.956014378362795,45.956014378362795,45.956014378362795,98.80887325701545,94.8600000000001,90.91112674298475
2024-10-23,84.82316142273598,77.64581699465833,84.82316142273598,76.66708820901137,6045.0,872935088.0,4.64,1226000.0,0.0,0.0,62924.0,55.39462037233084,55.39462037233084,55.39462037233084,55.39462037233084,55.39462037233084,104.86591613516019,97.02000000000011,89.17408386484003
2024-10-24,82.78414311930483,88.08559070822584,92.57143097577436,82.78414311930483,19932.0,3021153189.0,6.0,444184.0,0.0,0.0,-28171.0,52.67297440987966,52.67297440987966,52.67297440987966,52.67297440987966,52.67297440987966,106.47276834313536,97.8200000000001,89.16723165686486
2024-10-25,83.19194677999106,83.5997504406773,85.23096508342222,81.96853579793238,4336.0,618234892.0,4.92,-419070.0,0.0,0.0,-14745.0,53.16855724591074,53.16855724591074,53.16855724591074,53.16855724591074,53.16855724591074,106.72365897779855,99.78000000000011,92.83634102220168
2024-10-28,80.50044261946194,84.41535776204975,84.41535776204975,79.27703163740325,3907.0,490802118.0,4.68,-94000.0,0.0,0.0,-61421.0,49.48545928450131,49.48545928450131,49.48545928450131,49.48545928450131,49.48545928450131,106.52606057693434,100.22000000000011,93.91393942306588
2024-10-29,78.54298504816803,79.92951749450121,82.3763394586186,78.54298504816803,3963.0,461124397.0,3.2,-599000.0,0.0,46000.0,-1868.0,46.93879156036929,46.93879156036929,46.93879156036929,46.93879156036929,46.93879156036929,105.89481232296095,100.5000000000001,95.10518767703925
2024-10-30,77.48269553038384,78.95078870885426,79.92951749450121,77.48269553038384,2621.0,227869828.0,3.48,84000.0,0.0,-46000.0,-3718.0,45.57075502229138,45.57075502229138,45.57075502229138,45.57075502229138,45.57075502229138,104.22666264575344,98.7000000000001,93.17333735424677
2024-11-01,78.70610651244253,75.44367722695267,79.27703163740325,74.87275210199195,1881.0,198407285.0,3.4,-21995.0,0.0,0.0,-686.0,47.47306143522354,47.47306143522354,47.47306143522354,47.47306143522354,47.47306143522354,102.61365444450104,97.7000000000001,92.78634555549917
2024-11-04,78.29830285175629,77.97205992320731,78.62454578030528,76.83020967328586,1392.0,127722297.0,3.37,41020.0,0.0,0.0,-300.0,46.88483574300929,46.88483574300929,46.88483574300929,46.88483574300929,46.88483574300929,98.92981480775256,96.5000000000001,94.07018519224764
2024-11-05,81.15292847655991,77.97205992320731,82.3763394586186,77.97205992320731,3316.0,394587196.0,4.11,265950.0,0.0,0.0,16838.0,51.42233062530541,51.42233062530541,51.42233062530541,51.42233062530541,51.42233062530541,99.68152279487752,96.66000000000011,93.6384772051227
2024-11-06,80.74512481587368,81.4791714051089,82.3763394586186,80.17419969091296,2000.0,244394298.0,4.13,-54000.0,0.0,0.0,12215.0,50.75526985008402,50.75526985008402,50.75526985008402,50.75526985008402,50.75526985008402,100.69857113690283,97.2000000000001,93.70142886309738
2024-11-07,84.82316142273598,81.56073213724613,87.26998338685337,81.56073213724613,4604.0,650849863.0,6.63,990000.0,0.0,0.0,143450.0,56.791521103578255,56.791521103578255,56.791521103578255,56.791521103578255,56.791521103578255,104.69209978830011,99.0000000000001,93.30790021170009
2024-11-08,84.00755410136352,86.4543760654809,87.26998338685337,82.3763394586186,3176.0,390161678.0,7.23,266000.0,0.0,0.0,-80581.0,55.330728327183174,55.330728327183174,55.330728327183174,55.330728327183174,55.330728327183174,106.08273291791754,100.3000000000001,94.51726708208265
2024-11-11,84.82316142273598,85.63876874410845,86.4543760654809,83.19194677999106,2386.0,324921476.0,5.66,-496000.0,0.0,0.0,31623.0,56.53474372118528,56.53474372118528,56.53474372118528,56.53474372118528,56.53474372118528,106.29999999999603,101.9000000000001,97.50000000000418
2024-11-12,81.15292847655991,84.00755410136352,84.00755410136352,80.98980701228541,1694.0,206754009.0,5.72,-13000.0,0.0,0.0,-31845.0,50.00316906788036,50.00316906788036,50.00316906788036,50.00316906788036,50.00316906788036,106.29999999999603,101.9000000000001,97.50000000000418
2024-11-13,79.84795676236398,81.07136774442267,82.3763394586186,79.35859236954049,1486.0,160047382.0,5.23,-157920.0,0.0,0.0,-1939.0,47.88484357597989,47.88484357597989,47.88484357597989,47.88484357597989,47.88484357597989,106.70378343481948,101.6800000000001,96.65621656518073
2024-11-14,87.6777870475396,84.00755410136352,87.6777870475396,83.5997504406773,2789.0,471606567.0,6.5,502980.0,0.0,0.0,51999.0,59.08478870487958,59.08478870487958,59.08478870487958,59.08478870487958,59.08478870487958,109.16751795577456,102.38000000000011,95.59248204422566
2024-11-15,88.90119802959829,89.30900169028452,92.16362731508814,87.26998338685337,14530.0,2463806699.0,11.38,1905910.0,0.0,0.0,-48796.0,60.51274051834857,60.51274051834857,60.51274051834857,60.51274051834857,60.51274051834857,112.24385595447897,103.58000000000011,94.91614404552125
2024-11-18,80.01107822663846,88.49339436891206,88.49339436891206,80.01107822663846,5831.0,832411816.0,8.89,-972200.0,0.0,0.0,-26840.0,47.53117131031938,47.53117131031938,47.53117131031938,47.53117131031938,47.53117131031938,112.06312578827138,102.40000000000012,92.73687421172886
2024-11-19,81.96853579793238,80.66356408373643,83.5997504406773,78.78766724457977,4206.0,588067339.0,10.09,538930.0,0.0,0.0,43842.0,50.07099021434276,50.07099021434276,50.07099021434276,50.07099021434276,50.07099021434276,112.05388808903311,102.60000000000011,93.14611191096711
2024-11-20,82.3763394586186,81.96853579793238,82.78414311930483,80.33732115518745,2341.0,288707430.0,10.37,121930.0,0.0,0.0,-26177.0,50.60741224800663,50.60741224800663,50.60741224800663,50.60741224800663,50.60741224800663,111.71790562432624,103.22000000000011,94.72209437567399
2024-11-21,80.58200335159918,83.19194677999106,84.41535776204975,80.58200335159918,3472.0,448827196.0,7.37,-1121110.0,0.0,0.0,-5744.0,48.15586534530251,48.15586534530251,48.15586534530251,48.15586534530251,48.15586534530251,109.29526710995579,101.48000000000012,93.66473289004445
2024-11-22,79.35859236954049,81.56073213724613,83.19194677999106,79.19547090526599,2834.0,332782718.0,6.08,-525000.0,0.0,0.0,-7449.0,46.50181309796378,46.50181309796378,46.50181309796378,46.50181309796378,46.50181309796378,101.95311215559252,99.14000000000013,96.32688784440774
2024-11-25,81.96853579793238,79.27703163740325,83.19194677999106,79.27703163740325,2257.0,308224615.0,8.01,689000.0,0.0,0.0,5917.0,50.414692357612225,50.414692357612225,50.414692357612225,50.414692357612225,50.414692357612225,102.37797026814307,99.62000000000012,96.86202973185716
2024-11-26,79.92951749450121,81.3160499408344,81.96853579793238,79.76639603022672,1738.0,191893163.0,6.19,-670000.0,0.0,0.0,-19921.0,47.492193654686176,47.492193654686176,47.492193654686176,47.492193654686176,47.492193654686176,101.96365961394066,99.12000000000012,96.27634038605957
2024-11-27,77.31957406610934,80.41888188732469,80.66356408373643,77.0748918696976,1859.0,186401485.0,5.33,-352000.0,0.0,386.0,-3828.0,43.977987685728664,43.977987685728664,43.977987685728664,43.977987685728664,43.977987685728664,101.62678528874389,97.88000000000012,94.13321471125636
2024-11-28,77.97205992320731,77.89049919107006,78.70610651244253,76.50396674473687,1262.0,143577187.0,5.6,31000.0,0.0,444.0,-212.0,45.07225010098603,45.07225010098603,45.07225010098603,45.07225010098603,45.07225010098603,101.22517251821775,97.24000000000012,93.2548274817825
2024-11-29,78.62454578030528,77.48269553038384,78.62454578030528,77.15645260183484,778.0,83355353.0,5.36,-119000.0,0.0,-255.0,77.0,46.20386469222151,46.20386469222151,46.20386469222151,46.20386469222151,46.20386469222151,101.09900977963058,97.06000000000013,93.02099022036968
2024-12-02,80.09263895877571,80.33732115518745,80.90824628014818,78.95078870885426,1218.0,145878313.0,5.31,61000.0,0.0,-112.0,-50.0,48.76167793040306,48.76167793040306,48.76167793040306,48.76167793040306,48.76167793040306,99.253299832275,96.60000000000012,93.94670016772524
2024-12-03,79.44015310167775,80.74512481587368,81.96853579793238,79.11391017312876,1583.0,168579143.0,5.44,30000.0,0.0,685.0,-370.0,47.676687293012236,47.676687293012236,47.676687293012236,47.676687293012236,47.676687293012236,98.91441984874146,96.48000000000013,94.0455801512588
2024-12-04,80.74512481587368,80.58200335159918,81.4791714051089,80.17419969091296,1090.0,129545786.0,5.86,206000.0,0.0,-522.0,1203.0,50.06960114267033,50.06960114267033,50.06960114267033,50.06960114267033,50.06960114267033,99.75441984873996,97.32000000000014,94.88558015126031
2024-12-05,79.68483529808948,81.15292847655991,81.96853579793238,79.68483529808948,1540.0,174855624.0,5.07,-300000.0,0.0,-1.0,2301.0,48.143080103818725,48.143080103818725,48.143080103818725,48.143080103818725,48.143080103818725,99.46325273826534,97.74000000000014,96.01674726173493
2024-12-06,77.89049919107006,79.92951749450121,81.39761067297164,77.64581699465833,1424.0,149002283.0,4.2,-237000.0,0.0,-420.0,-61.0,44.98833987625516,44.98833987625516,44.98833987625516,44.98833987625516,44.98833987625516,99.88757384414396,97.56000000000013,95.2324261558563
2024-12-09,76.42240601259964,78.29830285175629,78.37986358389354,76.25928454832514,1166.0,113146905.0,3.88,-136984.0,0.0,-10.0,-1524.0,42.53257963952828,42.53257963952828,42.53257963952828,42.53257963952828,42.53257963952828,100.3707411658531,96.66000000000012,92.94925883414714
2024-12-10,75.1174342984037,76.66708820901137,78.54298504816803,75.1174342984037,1468.0,126038815.0,3.52,-170980.0,0.0,-1.0,-1798.0,40.42045587137124,40.42045587137124,40.42045587137124,40.42045587137124,40.42045587137124,100.64697929458252,95.60000000000014,90.55302070541775
2024-12-11,69.32662231665921,72.34436940573732,72.42593013787457,67.85852913818879,2905.0,263064947.0,3.56,15015.0,0.0,0.0,-13123.0,32.6679432518293,32.6679432518293,32.6679432518293,32.6679432518293,32.6679432518293,101.44592389510483,92.80000000000014,84.15407610489545
2024-12-12,69.08194012024748,69.81598670948269,70.63159403085515,69.08194012024748,2100.0,92527070.0,3.71,61145.0,0.0,0.0,-6969.0,32.3853011823651,32.3853011823651,32.3853011823651,32.3853011823651,32.3853011823651,99.19955554457869,90.20000000000013,81.20044445542158
2024-12-13,66.87980035254184,69.48974378093371,69.6528652452082,66.30887522758111,1263.0,112907757.0,4.0,179310.0,0.0,-130.0,-5644.0,29.879665442835247,29.879665442835247,29.879665442835247,29.879665442835247,29.879665442835247,96.61877184712687,87.50000000000014,78.38122815287342
2024-12-16,66.96136108467907,68.34789353101226,70.38691183444341,66.6351181561301,1219.0,101372820.0,3.55,-188995.0,0.0,0.0,-3062.0,30.0953885861652,30.0953885861652,30.0953885861652,30.0953885861652,30.0953885861652,92.54195626175218,85.18000000000013,77.8180437382481
2024-12-17,68.34789353101226,68.91881865597298,69.08194012024748,67.45072547750256,787.0,72460984.0,3.96,160080.0,0.0,0.0,67.0,33.822697806449995,33.822697806449995,33.822697806449995,33.822697806449995,33.822697806449995,86.04792404948425,83.52000000000012,80.992075950516
2024-12-18,68.02165060246328,68.18477206673776,68.67413645956125,67.36916474536531,653.0,41754063.0,3.8,-93300.0,0.0,0.0,-601.0,33.37181345958433,33.37181345958433,33.37181345958433,33.37181345958433,33.37181345958433,85.2591260281882,83.20000000000013,81.14087397181206
2024-12-19,66.96136108467907,66.96136108467907,67.61384694177706,66.39043595971836,553.0,41072916.0,3.56,-127990.0,0.0,-280.0,818.0,31.88416601977696,31.88416601977696,31.88416601977696,31.88416601977696,31.88416601977696,84.20525407718021,82.68000000000013,81.15474592282006
2024-12-20,68.02165060246328,66.87980035254184,68.75569719169849,66.87980035254184,555.0,45922634.0,3.65,26012.0,0.0,0.0,2025.0,35.00441158830254,35.00441158830254,35.00441158830254,35.00441158830254,35.00441158830254,84.39443368615329,82.96000000000012,81.52556631384695
2024-12-23,71.36564062009037,68.42945426314951,73.07841599497253,68.42945426314951,2471.0,229491582.0,3.6,-19986.0,0.0,-513.0,7856.0,43.75521880275056,43.75521880275056,43.75521880275056,43.75521880275056,43.75521880275056,87.68549036481626,84.04000000000012,80.39450963518398
2024-12-24,72.8337337985608,72.50749087001182,73.07841599497253,69.81598670948269,2385.0,173408168.0,3.8,77015.0,0.0,655.0,411.0,47.121254456702076,47.121254456702076,47.121254456702076,47.121254456702076,47.121254456702076,90.66608360414179,85.14000000000013,79.61391639585847
2024-12-25,73.24153745924703,72.8337337985608,77.31957406610934,72.42593013787457,3228.0,264352557.0,3.08,-358985.0,0.0,-319.0,464.0,48.05127713308251,48.05127713308251,48.05127713308251,48.05127713308251,48.05127713308251,92.65974358447174,86.42000000000013,80.18025641552852
2024-12-26,71.44720135222761,72.58905160214907,73.81246258420775,71.44720135222761,1269.0,83898450.0,3.07,-26790.0,0.0,314.0,734.0,44.35478149405474,44.35478149405474,44.35478149405474,44.35478149405474,44.35478149405474,92.0231544499328,87.52000000000014,83.01684555006747
2024-12-27,69.89754744161995,71.85500501291385,72.42593013787457,69.89754744161995,638.0,51052338.0,3.0,-46992.0,0.0,-505.0,-3143.0,41.39316066526135,41.39316066526135,41.39316066526135,41.39316066526135,41.39316066526135,90.89588751496758,87.98000000000015,85.06411248503271
2024-12-30,69.08194012024748,70.14222963803168,70.14222963803168,69.08194012024748,364.0,32723556.0,2.98,19000.0,0.0,0.0,-1294.0,39.88372098198057,39.88372098198057,39.88372098198057,39.88372098198057,39.88372098198057,91.3785856059893,87.42000000000014,83.46141439401099
2024-12-31,68.18477206673776,68.67413645956125,69.48974378093371,68.18477206673776,555.0,38484579.0,3.09,19000.0,0.0,0.0,-2567.0,38.2321645068815,38.2321645068815,38.2321645068815,38.2321645068815,38.2321645068815,90.67527018509188,86.28000000000013,81.88472981490838
2025-01-02,70.22379037016893,68.34789353101226,72.58905160214907,68.34789353101226,2310.0,199139784.0,3.2,35015.0,0.0,656.0,6109.0,43.916323795969134,43.916323795969134,43.916323795969134,43.916323795969134,43.916323795969134,88.23102211064158,85.54000000000012,82.84897788935866
2025-01-03,68.75569719169849,71.7734442807766,71.9365657450511,68.67413645956125,1575.0,106891945.0,3.02,-61990.0,0.0,-1.0,-3989.0,40.99140482585478,40.99140482585478,40.99140482585478,40.99140482585478,40.99140482585478,86.70603395367122,84.88000000000012,83.05396604632902
2025-01-06,69.00037938811023,70.95783695940415,70.95783695940415,68.34789353101226,715.0,53886044.0,2.93,-36980.0,0.0,-467.0,18949.0,41.68847371912131,41.68847371912131,41.68847371912131,41.68847371912131,41.68847371912131,86.29266653054464,84.66000000000012,83.02733346945561
2025-01-07,69.73442597734545,69.6528652452082,70.5500332987179,69.40818304879646,721.0,64585456.0,3.55,244020.0,0.0,-141.0,-1578.0,43.83212605137022,43.83212605137022,43.83212605137022,43.83212605137022,43.83212605137022,86.58816288840902,84.82000000000014,83.05183711159125
2025-01-08,68.26633279887503,69.73442597734545,69.97910817375718,68.26633279887503,781.0,46145248.0,3.19,-154995.0,0.0,-79.0,-1740.0,40.6161460952229,40.6161460952229,40.6161460952229,40.6161460952229,40.6161460952229,86.55394282283694,84.84000000000013,83.12605717716332
2025-01-09,66.87980035254184,69.08194012024748,69.08194012024748,66.47199669185561,721.0,57266085.0,3.13,-45990.0,0.0,0.0,-20835.0,37.79566080317468,37.79566080317468,37.79566080317468,37.79566080317468,37.79566080317468,86.35032186617016,84.02000000000014,81.68967813383011
2025-01-10,64.35141765628721,66.14575376330662,66.79823962040459,63.78049253132648,1025.0,82733110.0,3.36,84000.0,0.0,1195.0,-675.0,33.259960858755946,33.259960858755946,33.259960858755946,33.259960858755946,33.259960858755946,87.59549138114896,82.94000000000014,78.28450861885132
2025-01-13,62.55708154926779,64.10673545987547,64.26985692414995,61.17054910293461,1046.0,54007755.0,3.97,255005.0,0.0,-2.0,-5514.0,30.465745627447543,30.465745627447543,30.465745627447543,30.465745627447543,30.465745627447543,87.73444899579243,81.36000000000014,74.98555100420785
2025-01-14,64.67766058483619,63.53581033491475,64.67766058483619,62.80176374567953,634.0,37028207.0,4.34,126005.0,0.0,-53.0,18117.0,37.182425307850885,37.182425307850885,37.182425307850885,37.182425307850885,37.182425307850885,85.03593327863106,80.12000000000015,75.20406672136923
2025-01-15,64.35141765628721,65.16702497765966,65.5748286383459,63.61737106705199,634.0,27155002.0,4.23,-20999.0,0.0,0.0,-3592.0,36.596733054163785,36.596733054163785,36.596733054163785,36.596733054163785,36.596733054163785,82.53899393310304,79.16000000000015,75.78100606689726
2025-01-16,66.06419303116937,65.98263229903213,66.22731449544386,65.49326790620864,529.0,47373963.0,4.54,187010.0,0.0,0.0,-57.0,41.78158248645294,41.78158248645294,41.78158248645294,41.78158248645294,41.78158248645294,81.70109467183246,78.96000000000015,76.21890532816784
2025-01-17,64.5145391205617,66.47199669185561,66.87980035254184,64.5145391205617,916.0,35854656.0,4.4,-70000.0,0.0,99.0,-5824.0,38.69815485013801,38.69815485013801,38.69815485013801,38.69815485013801,38.69815485013801,81.74226184015004,79.00000000000016,76.25773815985028
2025-01-20,65.81951083475764,65.33014644193415,67.04292181681633,64.92234278124792,644.0,48454330.0,4.6,103000.0,0.0,0.0,-1039.0,42.54353137496965,42.54353137496965,42.54353137496965,42.54353137496965,42.54353137496965,81.54355957740103,79.80000000000015,78.05644042259928
2025-01-21,66.06419303116937,66.06419303116937,66.30887522758111,65.16702497765966,407.0,22543908.0,4.54,24005.0,0.0,0.0,-13490.0,43.26219197049797,43.26219197049797,43.26219197049797,43.26219197049797,43.26219197049797,82.0187229705159,80.14000000000016,78.26127702948442
2025-01-22,64.75922131697344,66.22731449544386,66.79823962040459,64.43297838842444,793.0,39129764.0,4.4,-29995.0,0.0,0.0,-661.0,40.36253422125004,40.36253422125004,40.36253422125004,40.36253422125004,40.36253422125004,81.88243721339522,80.24000000000015,78.59756278660508
2025-02-03,62.393960084993296,62.06771715644431,62.96488520995402,61.17054910293461,592.0,27497933.0,4.39,-4000.0,0.0,0.0,-987.0,35.69290103417131,35.69290103417131,35.69290103417131,35.69290103417131,35.69290103417131,82.53148868084327,79.34000000000015,76.14851131915702
2025-02-04,61.496792031483594,64.02517472773822,64.10673545987547,61.496792031483594,416.0,19298948.0,4.36,-15995.0,0.0,0.0,207.0,34.08221276908491,34.08221276908491,34.08221276908491,34.08221276908491,34.08221276908491,83.11309206641741,78.60000000000014,74.08690793358286
2025-02-05,63.61737106705199,62.393960084993296,63.61737106705199,62.312399352856055,533.0,30093275.0,4.86,221010.0,0.0,-72.0,-249.0,40.87385159014274,40.87385159014274,40.87385159014274,40.87385159014274,40.87385159014274,82.05519711653332,78.06000000000014,74.06480288346697
2025-02-06,63.69893179918923,64.02517472773822,64.67766058483619,63.69893179918923,309.0,18412339.0,4.93,16000.0,0.0,0.0,-303.0,41.12510585165748,41.12510585165748,41.12510585165748,41.12510585165748,41.12510585165748,80.25531980138554,77.48000000000013,74.70468019861472
2025-02-07,63.94361399560098,63.69893179918923,64.43297838842444,63.53581033491475,306.0,14782773.0,4.95,23000.0,0.0,-3.0,-4598.0,41.922454095871664,41.922454095871664,41.922454095871664,41.922454095871664,41.922454095871664,79.57573517635755,77.28000000000013,74.9842648236427
2025-02-10,61.25210983507185,62.80176374567953,62.80176374567953,61.17054910293461,744.0,47162011.0,4.83,-43000.0,0.0,-1.0,-30168.0,36.126543441703326,36.126543441703326,36.126543441703326,36.126543441703326,36.126543441703326,79.8761084819523,77.00000000000014,74.12389151804798
2025-02-11,61.74147422789533,62.312399352856055,62.312399352856055,61.25210983507185,482.0,24572392.0,5.19,140000.0,0.0,-1.0,-798.0,37.810058956896306,37.810058956896306,37.810058956896306,37.810058956896306,37.810058956896306,79.80983635875927,77.06000000000014,74.31016364124102
2025-02-12,62.2308386207188,62.06771715644431,64.59609985269894,62.06771715644431,749.0,48299487.0,5.33,59010.0,0.0,0.0,-638.0,39.52656764756778,39.52656764756778,39.52656764756778,39.52656764756778,39.52656764756778,79.3380909075051,76.72000000000014,74.10190909249518
2025-02-13,63.04644594209126,62.393960084993296,63.61737106705199,62.393960084993296,546.0,21121320.0,5.32,43005.0,0.0,-211.0,466.0,42.3810329155765,42.3810329155765,42.3810329155765,42.3810329155765,42.3810329155765,78.90469614235181,76.56000000000014,74.21530385764848
2025-02-14,62.72020301354229,63.20956740636576,63.291128138503,62.393960084993296,353.0,15057908.0,5.29,-14000.0,0.0,0.0,-354.0,41.53646543348394,41.53646543348394,41.53646543348394,41.53646543348394,41.53646543348394,77.84795465929217,76.26000000000013,74.6720453407081
2025-02-17,63.53581033491475,62.96488520995402,63.69893179918923,62.63864228140503,479.0,17889191.0,5.37,39000.0,0.0,0.0,-1166.0,44.51344121826785,44.51344121826785,44.51344121826785,44.51344121826785,44.51344121826785,78.35049011756777,76.82000000000012,75.28950988243247
2025-02-18,65.24858570979691,63.69893179918923,65.90107156689488,63.61737106705199,1091.0,55287870.0,5.62,65025.0,0.0,-3.0,-2234.0,50.24332203529441,50.24332203529441,50.24332203529441,50.24332203529441,50.24332203529441,80.22369809528833,77.68000000000012,75.13630190471191
2025-02-19,71.7734442807766,68.51101499528676,71.7734442807766,68.51101499528676,6789.0,537465800.0,5.46,-80915.0,0.0,108.0,-2644.0,65.05006519373286,65.05006519373286,65.05006519373286,65.05006519373286,65.05006519373286,88.28113793614229,80.02000000000012,71.75886206385796
2025-02-20,74.30182697703123,73.40465892352152,76.66708820901137,72.18124794146283,10772.0,998830540.0,3.87,-773000.0,0.0,14790.0,7600.0,68.91083267730335,68.91083267730335,68.91083267730335,68.91083267730335,68.91083267730335,94.1848410773658,82.78000000000011,71.37515892263443
2025-02-21,72.50749087001182,73.81246258420775,73.81246258420775,72.0996872093256,2810.0,187237309.0,3.79,-46000.0,0.0,2819.0,6390.0,63.54594322269802,63.54594322269802,63.54594322269802,63.54594322269802,63.54594322269802,95.63630910025009,85.1800000000001,74.72369089975012
2025-02-24,72.8337337985608,72.50749087001182,74.62806990558022,72.18124794146283,1572.0,136603747.0,3.34,-149000.0,0.0,0.0,-1161.0,64.09330033163012,64.09330033163012,64.09330033163012,64.09330033163012,64.09330033163012,95.18797515523691,87.46000000000012,79.73202484476333
2025-02-25,70.46847256658067,72.34436940573732,72.75217306642355,69.73442597734545,1683.0,97103609.0,3.24,13005.0,0.0,0.0,-2637.0,57.36792219476035,57.36792219476035,57.36792219476035,57.36792219476035,57.36792219476035,91.82959544276567,88.74000000000012,85.65040455723458
2025-02-26,69.89754744161995,70.5500332987179,71.20251915581588,69.73442597734545,750.0,53572851.0,3.33,21005.0,0.0,4988.0,-3488.0,55.84467438913,55.84467438913,55.84467438913,55.84467438913,55.84467438913,92.23656416603602,88.28000000000011,84.32343583396421
2025-02-27,69.48974378093371,70.38691183444341,70.7131547629924,67.94008987032603,811.0,59968494.0,3.23,-62000.0,0.0,123.0,1804.0,54.7268879386029,54.7268879386029,54.7268879386029,54.7268879386029,54.7268879386029,90.46333168152582,87.10000000000012,83.73666831847443
2025-03-03,68.18477206673776,69.00037938811023,72.58905160214907,68.18477206673776,1666.0,153257091.0,3.11,-118000.0,0.0,-23234.0,8077.0,51.195514459540284,51.195514459540284,51.195514459540284,51.195514459540284,51.195514459540284,89.78507676823342,86.04000000000012,82.29492323176682
2025-03-04,68.67413645956125,66.87980035254184,69.00037938811023,66.47199669185561,655.0,48484989.0,3.11,17005.0,0.0,-151.0,25.0,52.435013590577626,52.435013590577626,52.435013590577626,52.435013590577626,52.435013590577626,87.0375232340564,85.02000000000012,83.00247676594385
2025-03-05,69.89754744161995,69.32662231665921,72.34436940573732,69.32662231665921,1626.0,149048925.0,2.99,-49000.0,0.0,16867.0,-363.0,55.479219003199375,55.479219003199375,55.479219003199375,55.479219003199375,55.479219003199375,86.56475517507954,84.88000000000012,83.1952448249207
2025-03-06,68.51101499528676,70.14222963803168,70.7131547629924,68.51101499528676,599.0,36356067.0,2.86,-39000.0,0.0,-11.0,154.0,51.45951039092457,51.45951039092457,51.45951039092457,51.45951039092457,51.45951039092457,86.10767343536793,84.54000000000012,82.97232656463231
2025-03-07,66.39043595971836,68.02165060246328,68.83725792383575,66.22731449544386,776.0,56908469.0,2.87,13000.0,0.0,-16829.0,-25385.0,45.973225919891725,45.973225919891725,45.973225919891725,45.973225919891725,45.973225919891725,86.55243575217752,83.78000000000013,81.00756424782274
2025-03-10,65.41170717407141,66.47199669185561,66.79823962040459,65.33014644193415,740.0,36598728.0,2.83,73000.0,0.0,-9.0,-854.0,43.65964115343169,43.65964115343169,43.65964115343169,43.65964115343169,43.65964115343169,87.1079920159546,83.10000000000012,79.09200798404565
2025-03-11,65.65638937048314,64.59609985269894,66.14575376330662,62.55708154926779,827.0,47069291.0,3.0,95000.0,0.0,248.0,36.0,44.4127886148752,44.4127886148752,44.4127886148752,44.4127886148752,44.4127886148752,86.63943921559299,82.36000000000013,78.08056078440727
2025-03-12,64.92234278124792,66.71667888826734,66.71667888826734,64.92234278124792,528.0,28431108.0,2.9,-32000.0,0.0,0.0,-5092.0,42.57408524794735,42.57408524794735,42.57408524794735,42.57408524794735,42.57408524794735,84.22700502104469,81.14000000000013,78.05299497895557
2025-03-13,63.20956740636576,65.98263229903213,66.14575376330662,63.128006674228516,574.0,33861362.0,2.77,-22980.0,0.0,0.0,-2956.0,38.56238074828494,38.56238074828494,38.56238074828494,38.56238074828494,38.56238074828494,82.45258492684245,79.84000000000012,77.22741507315779
2025-03-14,64.10673545987547,63.291128138503,64.67766058483619,62.80176374567953,464.0,29232288.0,2.71,13000.0,0.0,0.0,-4096.0,41.66325311761639,41.66325311761639,41.66325311761639,41.66325311761639,41.66325311761639,81.48327029661752,79.28000000000013,77.07672970338274
2025-03-17,64.10673545987547,65.41170717407141,65.41170717407141,64.02517472773822,562.0,19850673.0,2.78,-24000.0,0.0,0.0,610.0,41.66325311761639,41.66325311761639,41.66325311761639,41.66325311761639,41.66325311761639,80.99410914160532,78.96000000000012,76.92589085839492
2025-03-18,64.75922131697344,64.5145391205617,65.08546424552242,64.10673545987547,351.0,20248923.0,2.88,83000.0,0.0,0.0,-283.0,44.04531288105367,44.04531288105367,44.04531288105367,44.04531288105367,44.04531288105367,80.22377895926606,78.74000000000012,77.25622104073419
2025-03-19,63.61737106705199,64.35141765628721,64.75922131697344,63.61737106705199,422.0,19890568.0,2.66,-66000.0,0.0,0.0,-9006.0,40.89803142830707,40.89803142830707,40.89803142830707,40.89803142830707,40.89803142830707,79.69999999998583,78.42000000000012,77.1400000000144
2025-03-20,64.26985692414995,64.02517472773822,64.59609985269894,63.94361399560098,496.0,15917266.0,2.54,12000.0,0.0,0.0,10977.0,43.387435229025094,43.387435229025094,43.387435229025094,43.387435229025094,43.387435229025094,79.57799777280229,78.68000000000012,77.78200222719795
2025-03-21,64.02517472773822,65.24858570979691,65.65638937048314,63.94361399560098,596.0,31737273.0,2.39,-43999.0,0.0,0.0,-9851.0,42.661750434042915,42.661750434042915,42.661750434042915,42.661750434042915,42.661750434042915,79.56862533530422,78.66000000000012,77.75137466469603
2025-03-24,62.80176374567953,64.10673545987547,64.5145391205617,62.80176374567953,913.0,20420571.0,2.29,-58000.0,0.0,0.0,-286.0,39.13701569127138,39.13701569127138,39.13701569127138,39.13701569127138,39.13701569127138,79.95789987328185,78.34000000000012,76.72210012671839
2025-03-25,62.393960084993296,63.61737106705199,63.61737106705199,62.393960084993296,580.0,15147597.0,2.27,-14000.0,0.0,0.0,-4408.0,38.00969978077989,38.00969978077989,38.00969978077989,38.00969978077989,38.00969978077989,79.51544866058639,77.76000000000013,76.00455133941388
2025-03-26,62.47552081713054,62.80176374567953,63.128006674228516,62.393960084993296,962.0,10735418.0,2.33,21001.0,0.0,0.0,-147.0,38.39191704908212,38.39191704908212,38.39191704908212,38.39191704908212,38.39191704908212,79.4289484344007,77.48000000000013,75.53105156559957
2025-03-27,61.3336705672091,61.74147422789533,62.14927788858156,61.25210983507185,618.0,11870137.0,2.3,-41000.0,0.0,0.0,-3488.0,35.126530911249425,35.126530911249425,35.126530911249425,35.126530911249425,35.126530911249425,78.87886762209386,76.76000000000013,74.6411323779064
2025-03-28,58.56060567454273,61.82303496003257,61.82303496003257,58.39748421026823,708.0,36161064.0,2.33,-13000.0,0.0,0.0,-7797.0,28.734559128755947,28.734559128755947,28.734559128755947,28.734559128755947,28.734559128755947,79.23659534139534,75.42000000000013,71.60340465860492
2025-03-31,53.666961746307955,56.19534444256259,56.68470883538607,53.34071881775898,1093.0,80056726.0,3.6,446000.0,0.0,0.0,15622.0,21.350885444399683,21.350885444399683,21.350885444399683,21.350885444399683,21.350885444399683,81.33686214177726,73.18000000000013,65.02313785822301
2025-04-01,55.95066224615085,54.56412979981767,56.76626956752331,54.319447603405926,510.0,30446000.0,3.94,145000.0,0.0,0.0,-171.0,30.345977699633096,30.345977699633096,30.345977699633096,30.345977699633096,30.345977699633096,79.63193625472469,71.60000000000014,63.56806374527558
2025-04-02,56.44002663897433,56.84783029966056,56.84783029966056,55.053494192641146,226.0,11316171.0,3.21,3000.0,0.0,0.0,-74.0,32.13708738338337,32.13708738338337,32.13708738338337,32.13708738338337,32.13708738338337,76.47282614274673,70.12000000000013,63.76717385725354
2025-04-07,50.812336121504345,50.812336121504345,50.812336121504345,50.812336121504345,192.0,1897424.0,3.19,0.0,0.0,0.0,0.0,24.374666492368256,24.374666492368256,24.374666492368256,24.374666492368256,24.374666492368256,74.02148131216673,67.54000000000013,61.05851868783353
2025-04-08,45.75557072899508,45.75557072899508,45.75557072899508,45.75557072899508,427.0,9920481.0,3.17,4000.0,0.0,0.0,-2280.0,19.75685872405681,19.75685872405681,19.75685872405681,19.75685872405681,19.75685872405681,74.03078397639433,64.40000000000013,54.769216023605935
2025-04-09,41.1881697293093,41.1881697293093,42.08533778281901,41.1881697293093,795.0,40294862.0,3.34,66000.0,0.0,0.0,-5907.0,16.68259096601777,16.68259096601777,16.68259096601777,16.68259096601777,16.68259096601777,75.77251883767973,61.34000000000013,46.90748116232054
2025-04-10,45.26620633617161,44.12435608625016,45.26620633617161,44.12435608625016,472.0,32396774.0,3.48,37000.0,0.0,0.0,-162.0,27.52614872571429,27.52614872571429,27.52614872571429,27.52614872571429,27.52614872571429,71.60248423247542,58.72000000000014,45.83751576752486
2025-04-11,45.02152413975987,42.33001997923075,45.18464560403436,40.73958570255445,807.0,48132976.0,4.37,353000.0,0.0,0.0,-11824.0,27.296597041489868,27.296597041489868,27.296597041489868,27.296597041489868,27.296597041489868,63.446380272081655,55.920000000000144,48.39361972791863
2025-04-14,46.4896173182303,48.77331781807319,49.01800001448493,46.00025292540682,669.0,37256058.0,4.51,42000.0,0.0,7.0,-8310.0,31.013937372467264,31.013937372467264,31.013937372467264,31.013937372467264,31.013937372467264,59.390077262032214,54.86000000000014,50.32992273796807
2025-04-15,49.50736440730841,46.97898171105378,50.40453246081811,46.97898171105378,984.0,44107655.0,4.83,138000.0,0.0,-7.0,59.0,38.02825186764534,38.02825186764534,38.02825186764534,38.02825186764534,38.02825186764534,62.35194035274041,55.78000000000014,49.20805964725988
2025-04-16,47.46834610387725,49.26268221089666,49.26268221089666,47.46834610387725,902.0,28355342.0,4.56,-111000.0,0.0,0.0,686.0,35.408532495787234,35.408532495787234,35.408532495787234,35.408532495787234,35.408532495787234,61.33078545923085,57.32000000000014,53.30921454076943
2025-04-17,48.120831960975224,47.46834610387725,48.936439282347685,46.4896173182303,423.0,22542347.0,4.56,-4000.0,0.0,0.0,59.0,36.90638309023873,36.90638309023873,36.90638309023873,36.90638309023873,36.90638309023873,61.72599514300526,58.02000000000014,54.31400485699502
2025-04-18,48.039271228837976,48.20239269311247,48.77331781807319,47.46834610387725,257.0,13871844.0,4.44,-43000.0,0.0,0.0,-222.0,36.79153179150676,36.79153179150676,36.79153179150676,36.79153179150676,36.79153179150676,61.168651074766935,58.76000000000014,56.351348925233346
2025-04-21,45.67400999685784,48.20239269311247,49.752046603720146,45.67400999685784,1530.0,97696534.0,4.11,-143010.0,0.0,0.0,-1489.0,33.53253800909696,33.53253800909696,33.53253800909696,33.53253800909696,33.53253800909696,61.60263044091395,58.56000000000014,55.517369559086326
2025-04-22,50.24141099654362,45.67400999685784,50.24141099654362,44.61372047907364,2498.0,188788459.0,4.56,169970.0,0.0,0.0,-303.0,43.87183918703883,43.87183918703883,43.87183918703883,43.87183918703883,43.87183918703883,62.32574957295865,58.740000000000144,55.15425042704164
2025-04-23,55.216615656915636,53.91164394271969,55.216615656915636,53.91164394271969,908.0,107841245.0,4.25,-139000.0,0.0,49000.0,1883.0,52.53340923335269,52.53340923335269,52.53340923335269,52.53340923335269,52.53340923335269,68.53997468350198,60.64000000000014,52.740025316498304
2025-04-24,56.358465906837075,55.62441931760187,59.37621299591519,53.91164394271969,8825.0,779746157.0,2.83,-571995.0,0.0,23000.0,43895.0,54.277343647509454,54.277343647509454,54.277343647509454,54.277343647509454,54.277343647509454,72.71950296982726,62.66000000000015,52.60049703017304
2025-04-25,57.989680549582,59.13153079950345,60.35494178156214,57.17407322820954,5935.0,484575920.0,2.89,-44000.0,0.0,-72000.0,-33305.0,56.72348223856333,56.72348223856333,56.72348223856333,56.72348223856333,56.72348223856333,76.19306089408887,65.10000000000015,54.00693910591143
2025-04-28,55.95066224615085,56.60314810324883,57.74499835317027,55.70598004973911,1822.0,144519093.0,3.01,6005.0,0.0,0.0,5912.0,52.91278109280496,52.91278109280496,52.91278109280496,52.91278109280496,52.91278109280496,74.03922113655211,67.62000000000015,61.200778863448186
2025-04-29,61.496792031483594,56.44002663897433,61.496792031483594,56.358465906837075,2127.0,258322987.0,3.3,76000.0,0.0,0.0,5026.0,60.65529340661712,60.65529340661712,60.65529340661712,60.65529340661712,60.65529340661712,75.87239474181888,70.38000000000014,64.8876052581814
2025-04-30,61.00742763866011,61.90459569216983,63.53581033491475,57.989680549582,5983.0,582775703.0,2.89,-191050.0,0.0,0.0,-27526.0,59.72216496276127,59.72216496276127,59.72216496276127,59.72216496276127,59.72216496276127,77.45543985910541,71.80000000000014,66.14456014089487
2025-05-02,59.37621299591519,61.659913495758076,61.74147422789533,59.37621299591519,2396.0,188809120.0,2.83,-65973.0,0.0,0.0,815.0,56.596613907272896,56.596613907272896,56.596613907272896,56.596613907272896,56.596613907272896,77.51610289282279,72.54000000000013,67.56389710717748
2025-05-05,55.86910151401361,59.53933446018968,59.62089519232692,55.29817638905288,2349.0,105942898.0,3.23,150970.0,0.0,0.0,-2054.0,50.47971764822024,50.47971764822024,50.47971764822024,50.47971764822024,50.47971764822024,77.94270208603811,72.02000000000014,66.09729791396217
2025-05-06,56.0322229782881,55.787540781876366,57.90811981744476,55.29817638905288,1112.0,82043810.0,3.01,-110000.0,0.0,0.0,-14.0,50.74635761254383,50.74635761254383,50.74635761254383,50.74635761254383,50.74635761254383,77.91686991518145,72.04000000000013,66.16313008481882
2025-05-07,55.13505492477839,56.52158737111157,56.52158737111157,54.80881199622941,650.0,48071965.0,3.06,-6982.0,0.0,0.0,-10168.0,49.177946560904054,49.177946560904054,49.177946560904054,49.177946560904054,49.177946560904054,76.09626210214263,70.48000000000013,64.86373789785763
2025-05-08,58.152802013856494,55.62441931760187,60.19182031728765,55.62441931760187,2785.0,195677981.0,2.77,-175995.0,0.0,0.0,4195.0,54.294920543268965,54.294920543268965,54.294920543268965,54.294920543268965,54.294920543268965,73.67748636943917,69.78000000000013,65.88251363056109
2025-05-09,57.826559085307515,58.23436274599375,58.23436274599375,56.68470883538607,1276.0,71129597.0,3.22,100010.0,0.0,0.0,-859.0,53.66584625772424,53.66584625772424,53.66584625772424,53.66584625772424,53.66584625772424,72.28444102036434,69.40000000000013,66.51555897963593
2025-05-12,57.092512496072295,55.86910151401361,57.826559085307515,55.70598004973911,1099.0,79248354.0,3.47,79000.0,0.0,0.0,-352.0,52.20035448431115,52.20035448431115,52.20035448431115,52.20035448431115,52.20035448431115,72.45680975041131,69.70000000000013,66.94319024958895
2025-05-13,57.58187688889577,58.47904494240549,60.2733810494249,56.76626956752331,1666.0,143189120.0,3.01,-226990.0,0.0,0.0,-1124.0,53.119472578717165,53.119472578717165,53.119472578717165,53.119472578717165,53.119472578717165,72.70114478805878,70.08000000000013,67.45885521194147
2025-05-14,57.74499835317027,58.39748421026823,59.04997006736621,57.663437621033026,908.0,59957416.0,3.05,5000.0,0.0,0.0,134.0,53.440849816416424,53.440849816416424,53.440849816416424,53.440849816416424,53.440849816416424,71.57229103008503,70.72000000000013,69.86770896991523
2025-05-15,57.50031615675853,57.90811981744476,58.642166406679976,57.25563396034679,792.0,63920914.0,2.97,-55190.0,0.0,0.0,-475.0,52.855535636762674,52.855535636762674,52.855535636762674,52.855535636762674,52.855535636762674,71.1873754856279,70.56000000000013,69.93262451437236
2025-05-16,59.21309153164069,58.07124128171925,61.98615642430707,57.989680549582,4515.0,404706556.0,2.81,-179000.0,0.0,0.0,10373.0,56.45116527612709,56.45116527612709,56.45116527612709,56.45116527612709,56.45116527612709,72.67988763689227,70.90000000000013,69.12011236310799
2025-05-19,57.41875542462129,58.968409335228955,59.04997006736621,56.19534444256259,1440.0,72240932.0,2.64,-93000.0,0.0,0.0,-2711.0,51.97859805023869,51.97859805023869,51.97859805023869,51.97859805023869,51.97859805023869,72.62146276228269,70.98000000000013,69.33853723771757
2025-05-20,56.929391031797806,57.50031615675853,58.07124128171925,56.276905174699834,482.0,29937036.0,2.59,-20000.0,0.0,0.0,-5544.0,50.79655982888218,50.79655982888218,50.79655982888218,50.79655982888218,50.79655982888218,72.71483508516312,70.82000000000014,68.92516491483715
2025-05-21,56.84783029966056,57.25563396034679,57.25563396034679,56.44002663897433,406.0,23008531.0,2.58,-1000.0,0.0,0.0,-525.0,50.590066681961254,50.590066681961254,50.590066681961254,50.590066681961254,50.590066681961254,72.69761769633384,70.60000000000012,68.50238230366641
2025-05-22,57.25563396034679,56.84783029966056,58.642166406679976,55.787540781876366,997.0,75808756.0,2.7,41000.0,0.0,0.0,-173.0,51.64843436638581,51.64843436638581,51.64843436638581,51.64843436638581,51.64843436638581,72.66263986582082,70.54000000000012,68.41736013417942
2025-05-23,56.44002663897433,57.50031615675853,59.04997006736621,56.44002663897433,887.0,58553446.0,2.64,-26980.0,0.0,0.0,-1380.0,49.370683994402064,49.370683994402064,49.370683994402064,49.370683994402064,49.370683994402064,70.6952245206996,69.86000000000011,69.02477547930063
2025-05-26,56.52158737111157,56.68470883538607,57.50031615675853,56.358465906837075,402.0,32164382.0,2.71,19000.0,0.0,0.0,342.0,49.610003433998045,49.610003433998045,49.610003433998045,49.610003433998045,49.610003433998045,70.36221880339573,69.64000000000011,68.9177811966045
2025-05-27,54.72725126409215,56.68470883538607,56.929391031797806,54.72725126409215,595.0,36087047.0,2.65,-25000.0,0.0,0.0,-9123.0,44.61367188149744,44.61367188149744,44.61367188149744,44.61367188149744,44.61367188149744,71.2203773249074,69.10000000000011,66.97962267509281
2025-05-28,54.319447603405926,55.86910151401361,56.19534444256259,54.237886871268685,471.0,31070536.0,2.64,-8000.0,0.0,0.0,-17.0,43.540408048507246,43.540408048507246,43.540408048507246,43.540408048507246,43.540408048507246,71.24954869969551,68.4800000000001,65.7104513003047
2025-05-29,54.89037272836665,54.971933460503905,55.053494192641146,53.91164394271969,252.0,13773400.0,2.65,3000.0,0.0,0.0,638.0,45.516539932144575,45.516539932144575,45.516539932144575,45.516539932144575,45.516539932144575,70.15211012163597,67.90000000000012,65.64788987836427
2025-06-02,54.07476540699419,54.64569053195491,54.64569053195491,53.74852247844521,218.0,10231224.0,2.63,-11000.0,0.0,0.0,413.0,43.19082575187706,43.19082575187706,43.19082575187706,43.19082575187706,43.19082575187706,69.42295030848912,67.32000000000012,65.21704969151112
2025-06-03,53.91164394271969,54.482569067680416,55.37973712119013,53.91164394271969,288.0,15058774.0,2.65,4000.0,0.0,0.0,93.0,42.720672054878136,42.720672054878136,42.720672054878136,42.720672054878136,42.720672054878136,67.59564185137124,66.6800000000001,65.76435814862897
2025-06-04,54.64569053195491,54.237886871268685,54.971933460503905,54.237886871268685,260.0,17916054.0,2.79,52000.0,0.0,0.0,5.0,45.59090438820888,45.59090438820888,45.59090438820888,45.59090438820888,45.59090438820888,67.54181630738833,66.66000000000011,65.77818369261189
2025-06-05,56.52158737111157,55.13505492477839,58.31592347813099,55.13505492477839,1607.0,133306212.0,2.87,69000.0,0.0,0.0,1147.0,52.18497423163163,52.18497423163163,52.18497423163163,52.18497423163163,52.18497423163163,69.47683991531679,67.2000000000001,64.92316008468342
2025-06-06,56.0322229782881,56.76626956752331,57.663437621033026,56.0322229782881,921.0,56448915.0,2.66,-113000.0,0.0,0.0,-398.0,50.46669019132206,50.46669019132206,50.46669019132206,50.46669019132206,50.46669019132206,70.06116252878105,67.4800000000001,64.89883747121915
2025-06-09,55.542858585464614,56.52158737111157,56.52158737111157,55.37973712119013,275.0,19008651.0,2.59,15000.0,0.0,0.0,2.0,48.73844316270699,48.73844316270699,48.73844316270699,48.73844316270699,48.73844316270699,70.15032465250692,67.8400000000001,65.52967534749328
2025-06-10,57.25563396034679,57.17407322820954,59.13153079950345,57.17407322820954,1961.0,161780407.0,2.61,-19990.0,0.0,0.0,639.0,54.59876408084187,54.59876408084187,54.59876408084187,54.59876408084187,54.59876408084187,70.82370053380531,68.6600000000001,66.49629946619488
2025-06-11,56.76626956752331,57.092512496072295,57.50031615675853,56.276905174699834,681.0,42296701.0,2.68,61003.0,0.0,0.0,784.0,52.74346097840693,52.74346097840693,52.74346097840693,52.74346097840693,52.74346097840693,70.6299655168276,69.18000000000009,67.73003448317259
2025-06-12,58.72372713881722,57.25563396034679,59.45777372805244,56.60314810324883,1282.0,95663689.0,3.68,393000.0,0.0,0.0,322.0,58.777535703083906,58.777535703083906,58.777535703083906,58.777535703083906,58.777535703083906,72.41933325100737,69.72000000000008,67.0206667489928
2025-06-13,56.929391031797806,58.39748421026823,58.39748421026823,56.84783029966056,711.0,40117408.0,3.23,-135000.0,0.0,0.0,-1126.0,52.19795277431781,52.19795277431781,52.19795277431781,52.19795277431781,52.19795277431781,72.44311805554504,69.94000000000008,67.43688194445512
2025-06-16,56.52158737111157,56.68470883538607,56.76626956752331,56.0322229782881,267.0,19374818.0,2.94,11000.0,0.0,0.0,-1327.0,50.805970360214616,50.805970360214616,50.805970360214616,50.805970360214616,50.805970360214616,72.09164850325286,70.18000000000009,68.26835149674733
2025-06-17,58.31592347813099,56.68470883538607,58.72372713881722,56.68470883538607,751.0,58848659.0,3.26,183000.0,0.0,0.0,493.0,56.32486264485838,56.32486264485838,56.32486264485838,56.32486264485838,56.32486264485838,72.62577217476651,70.4400000000001,68.25422782523368
2025-06-18,57.092512496072295,58.642166406679976,58.72372713881722,56.84783029966056,769.0,50006513.0,2.96,-153000.0,0.0,0.0,-510.0,52.0382388437812,52.0382388437812,52.0382388437812,52.0382388437812,52.0382388437812,72.60384260441704,70.5200000000001,68.43615739558315
2025-06-19,56.276905174699834,57.092512496072295,57.41875542462129,56.11378371042534,373.0,24469854.0,2.62,-105000.0,0.0,0.0,708.0,49.34219400663291,49.34219400663291,49.34219400663291,49.34219400663291,49.34219400663291,71.65158886574804,69.9200000000001,68.18841113425216
2025-06-20,55.46129785332737,56.276905174699834,56.68470883538607,54.72725126409215,360.0,20745033.0,2.52,-54000.0,0.0,0.0,-1833.0,46.73466960917169,46.73466960917169,46.73466960917169,46.73466960917169,46.73466960917169,71.88757384415408,69.56000000000009,67.2324261558461
